actual_rul,predicted_rul
284.0,213.96783
283.2,213.70798
282.4,213.63882
280.8,213.60591
279.8,213.338
279.2,212.95067
278.6,212.69263
277.6,212.71893
277.0,213.04648
275.2,213.57385
274.4,214.07162
270.0,214.37979
264.2,214.46597
261.4,214.4957
259.8,214.55557
258.8,214.53322
257.4,214.12277
256.6,213.32428
256.0,212.3841
254.6,211.19043
254.2,209.87857
253.2,208.49661
251.8,206.89703
250.4,205.14078
249.0,203.54211
247.6,201.97354
246.2,200.35326
244.8,198.77399
239.0,196.18048
236.4,192.68887
224.6,185.77206
224.0,177.79083
223.4,170.19643
223.0,164.09329
213.6,157.80658
213.4,152.6417
207.2,147.35864
205.0,142.14563
204.8,137.95093
200.8,133.6807
194.4,129.73196
187.6,124.81191
181.2,118.22776
176.4,110.77623
172.8,103.25398
172.6,96.5604
166.2,90.476006
159.6,85.0643
153.2,80.67314
146.8,76.95176
145.2,73.33968
141.4,69.82898
135.8,66.28542
134.8,63.06759
127.4,59.817726
127.2,56.93484
126.6,54.45492
121.0,52.164505
114.8,49.9677
108.8,47.78368
102.2,45.64609
98.8,43.703243
96.6,42.01862
94.8,40.55059
88.8,39.152092
88.6,38.02221
88.0,37.114845
87.2,36.390614
86.8,35.76945
80.6,35.009598
77.6,34.295193
71.4,33.576977
65.2,32.866795
62.8,32.271782
58.6,31.732586
56.6,31.301273
54.0,30.989597
51.8,30.784233
45.6,30.569859
41.4,30.361912
35.0,30.119225
30.8,29.913845
28.8,29.791954
27.8,29.76601
22.4,29.72945
16.8,29.727188
10.8,29.761501
4.8,29.837692
180.2,246.9414
178.8,245.57278
178.6,244.10306
177.4,242.5704
176.0,240.90555
174.6,238.81003
173.2,236.55106
173.0,234.29404
171.8,231.98651
169.0,229.5373
167.6,226.89114
166.2,223.67627
164.8,219.86139
163.4,215.70079
162.0,210.94551
160.6,205.81023
159.2,200.29803
157.8,194.17462
156.4,187.89847
155.0,181.58485
153.6,174.6242
153.4,167.89862
152.6,161.706
152.4,156.37476
152.2,151.96957
152.0,148.45836
145.0,141.87042
138.0,130.86461
135.8,118.05967
135.4,105.99849
129.6,95.75912
119.4,87.730965
113.6,82.7534
109.8,77.42799
107.2,72.09937
101.0,66.700516
98.8,61.445183
92.6,56.172894
87.4,50.931675
87.0,46.192947
82.4,41.8376
80.6,38.061657
74.4,34.732788
73.4,31.966461
72.0,29.7401
66.8,27.843681
66.6,26.409756
60.2,25.18417
58.0,24.154564
57.8,23.357788
55.4,22.706284
49.8,22.120163
44.0,21.58664
34.4,21.02317
33.8,20.61628
33.6,20.335785
28.0,19.973358
22.4,19.589241
18.0,19.218994
11.8,18.809578
10.4,18.465134
9.2,18.1848
5.8,17.915062
0.2,17.56311
99.6,65.84768
99.4,63.623474
92.6,60.87709
86.2,57.77498
85.4,54.722786
85.2,51.870426
79.6,48.983925
74.0,46.15935
73.0,43.310482
68.4,40.67641
67.2,38.42628
63.6,36.422115
63.4,34.746876
59.8,33.241203
53.0,31.786053
47.8,30.442005
44.2,29.216373
41.4,28.1502
38.6,27.17281
32.6,26.244587
32.0,25.41251
29.2,24.675884
23.2,23.969154
22.0,23.347382
21.4,22.832283
21.0,22.41172
15.0,22.010742
13.6,21.661308
6.8,21.332382
178.8,173.96771
172.4,172.36716
165.6,168.68448
160.8,163.38065
160.0,157.93953
154.8,151.55777
148.4,144.25685
145.2,136.80836
144.0,130.3739
143.2,125.34946
142.8,121.384766
141.4,118.02188
134.8,114.68103
127.8,110.42454
125.0,105.86693
123.2,101.663185
122.8,98.54036
122.2,96.25362
121.8,94.593704
121.4,93.478226
115.8,92.12625
104.6,90.288025
99.0,88.58742
96.8,86.710106
95.2,85.03293
92.8,83.52101
92.6,82.30454
91.4,81.301636
91.2,80.460236
91.0,79.76445
89.6,79.10679
88.4,78.41219
85.0,77.46264
84.8,76.54462
84.6,75.72135
84.4,74.985886
84.0,74.28574
83.8,73.62127
83.6,73.00632
77.4,72.0121
73.6,70.699715
64.6,69.10087
63.2,67.47649
62.8,65.900734
56.4,64.16072
53.8,62.408993
51.4,60.68451
45.2,58.81531
39.0,56.77478
32.6,54.73979
25.6,52.621475
19.6,50.352806
13.6,47.982563
7.2,45.56624
1.2,43.303055
288.0,115.08535
285.0,115.41559
274.2,115.879974
270.2,116.67892
265.2,117.28189
261.2,117.64441
257.6,117.98643
257.2,118.29637
257.0,118.62233
256.2,118.89788
253.2,118.92476
250.4,118.573524
247.6,117.92639
241.0,116.96553
235.0,115.81037
233.8,115.00166
227.8,113.6858
221.8,112.4145
221.2,111.453316
215.2,110.48275
209.2,109.50983
202.8,108.4796
194.6,106.832436
188.6,104.492584
182.0,101.68614
175.8,99.05203
171.8,96.91649
170.8,95.55949
167.4,94.83935
161.2,94.55488
155.0,94.6967
147.8,94.98378
139.6,94.89768
130.4,94.43223
127.2,93.543785
120.2,92.36463
113.6,90.51411
113.0,88.60668
112.2,87.12211
106.2,85.3935
99.4,83.05138
93.2,80.50589
92.6,77.86453
87.0,75.248856
86.6,72.98339
74.4,70.13222
70.0,67.03171
69.4,64.319756
63.2,61.504963
51.2,58.496468
39.2,55.35341
33.8,52.31676
21.8,49.55707
9.8,47.05223
2.4,44.828636
2.2,42.98086
1.0,41.47639
161.0,199.36975
158.4,196.59174
158.2,195.41725
157.4,195.53455
152.6,195.71722
152.0,196.37659
151.2,197.38962
146.0,197.4761
142.6,196.97937
141.4,196.40881
139.8,195.73764
138.4,195.10498
136.2,194.3649
134.4,193.7134
133.2,193.13644
129.8,192.16267
126.4,190.8143
121.0,188.83572
114.6,185.72342
113.8,183.04465
113.0,181.27377
112.2,180.224
111.6,179.83499
109.2,179.43283
109.0,179.3504
104.0,178.02872
103.0,176.09279
98.8,173.54663
98.6,171.3233
98.0,169.5542
96.8,168.05013
94.8,166.50183
90.4,164.05359
88.2,161.23404
87.4,158.6406
85.6,156.27551
81.4,153.38889
75.8,149.83362
75.6,146.75441
67.6,142.88089
62.0,138.57118
58.6,134.17508
53.0,129.22672
49.8,124.1953
48.6,119.49829
47.6,115.320724
41.4,110.257164
39.0,104.99724
32.6,98.60007
26.4,92.773674
20.6,87.650635
18.8,83.81828
12.4,80.0533
10.8,76.49812
6.6,72.83068
0.6,68.89371
85.6,208.63968
80.6,204.61026
76.4,200.55249
73.0,196.62659
72.2,193.194
65.8,188.79677
59.0,183.44579
57.4,178.3952
50.6,172.40819
48.2,166.73816
41.8,161.06143
35.2,155.39435
33.6,150.90048
33.2,147.72818
31.0,145.3573
30.8,143.80933
24.6,141.91875
18.2,138.78584
12.0,134.93196
5.6,130.59877
1.0,126.33947
250.8,227.16241
239.2,220.6434
230.0,213.09169
229.6,205.88644
226.6,199.10196
220.4,192.01447
217.0,185.15044
214.4,178.53973
208.4,170.92178
207.4,163.9126
207.0,157.86856
198.6,151.4601
194.6,144.78133
192.2,138.54462
186.0,131.52965
178.8,124.46414
172.6,117.14954
166.4,109.1224
157.2,100.87286
151.0,93.820915
149.8,88.21937
143.2,83.64414
142.8,79.893074
140.2,76.82275
138.6,73.93423
135.8,71.16655
134.8,68.68699
134.6,66.433815
126.0,64.06605
120.0,60.48124
113.8,56.11248
110.4,51.767147
104.8,47.727634
97.8,44.06388
91.4,40.80681
85.8,37.962536
79.6,35.53906
76.0,33.524452
74.0,31.866566
73.0,30.524055
67.6,29.359615
67.4,28.39375
61.2,27.532013
54.4,26.740364
48.0,26.036373
41.0,25.40889
37.6,24.857525
31.6,24.358948
25.6,23.921837
25.2,23.617996
19.2,23.364044
13.0,23.110924
7.0,22.892952
3.2,22.676262
0.2,22.46959
259.0,159.98169
252.6,158.49573
246.0,155.272
239.6,150.00235
233.0,143.91545
226.4,136.92024
223.0,129.74403
221.8,123.36239
215.0,116.558014
214.6,110.645584
208.0,103.989975
201.2,97.62498
197.0,92.08563
194.0,87.456345
193.2,83.37016
189.6,80.151665
189.2,77.79345
188.6,75.748245
186.4,73.856544
180.8,71.895874
171.0,69.58319
165.4,66.99698
160.6,64.466675
160.0,62.133812
159.0,60.030846
155.8,58.063354
154.8,56.275753
148.8,54.419598
142.2,52.429585
139.2,50.51201
132.4,48.543285
127.0,46.680378
122.0,44.88303
117.8,43.187756
111.6,41.631107
105.6,40.231113
99.6,38.978035
93.4,37.887047
87.4,36.964676
80.8,36.174187
79.0,35.494553
78.0,34.92972
77.8,34.484577
77.6,34.14336
71.6,33.7937
65.4,33.436646
59.4,33.10069
53.4,32.80898
53.2,32.591995
47.0,32.342617
44.2,32.12879
43.6,31.997929
37.0,31.840137
34.0,31.706512
31.4,31.565903
25.4,31.378979
18.8,31.187714
12.8,30.982029
6.6,30.750858
1.8,30.507072
107.0,63.44393
100.8,60.098675
98.0,56.739235
92.4,53.24809
89.6,49.817673
88.0,46.55732
78.6,43.21398
73.0,39.975285
71.2,37.198673
65.6,34.662136
59.0,32.378666
55.0,30.404121
53.6,28.819668
53.0,27.581135
52.6,26.634708
51.0,25.906746
50.8,25.379807
44.8,24.897694
39.8,24.492523
33.8,24.1753
27.8,23.909218
21.8,23.661491
20.8,23.458977
19.2,23.2611
16.6,23.033134
16.2,22.82663
12.2,22.575562
11.2,22.346375
5.0,22.078064
154.0,129.81577
149.8,135.17166
149.6,142.12238
147.6,149.32797
147.2,156.47874
145.2,162.52078
144.0,167.49908
141.0,170.90761
138.4,172.96657
136.0,173.949
135.8,174.78903
135.6,175.61359
135.0,176.51373
134.8,177.4593
134.6,178.39297
133.4,179.1042
132.0,179.57085
130.6,179.87361
130.4,180.30634
130.2,180.88199
129.8,181.48767
129.6,182.13794
128.8,182.66183
122.4,181.64604
119.6,180.1548
119.4,179.15869
118.6,178.57257
115.0,177.36699
113.0,175.91147
111.6,174.44742
107.4,172.42435
107.2,170.89813
106.0,169.48027
100.4,165.46652
96.2,159.13887
92.8,154.19843
88.0,150.12354
87.8,147.62445
86.4,146.15929
80.8,144.48145
80.2,143.2349
75.2,141.33908
74.8,139.59494
68.8,136.87372
65.8,133.67148
63.4,130.14484
60.2,126.1055
59.8,122.15491
57.4,117.92476
56.4,113.48898
55.6,108.912766
53.4,104.00252
51.2,98.50586
49.2,86.93933
43.2,82.53829
42.4,78.75459
38.8,75.32421
37.4,72.512405
32.6,69.86159
27.8,67.25096
27.0,64.76713
23.8,62.550034
22.8,60.44097
19.2,58.61237
7.2,56.54072
6.0,54.684654
4.6,53.02888
4.2,51.517857
3.0,50.16849
1.6,48.915478
0.8,47.78027
181.2,160.26234
180.4,157.3448
179.4,154.42496
173.0,150.28006
166.6,145.7906
160.2,140.73404
154.6,135.35071
149.8,129.9226
149.6,125.78315
144.0,121.95902
133.6,116.97543
128.0,111.37152
125.4,105.75313
120.2,99.869675
114.0,94.576935
108.0,89.53196
105.0,84.95765
103.0,81.31474
102.8,78.49922
97.4,75.54646
91.2,72.14754
90.6,68.85904
90.4,65.837234
84.4,62.68332
78.4,59.272537
72.0,55.711468
65.0,52.033688
59.0,48.308372
55.4,44.756676
53.2,41.599415
50.6,38.887547
50.4,36.697063
40.2,34.977737
34.6,33.571056
31.8,32.33422
25.8,31.159386
19.8,30.110813
13.8,28.908035
7.4,27.72123
2.8,26.700779
291.8,144.40369
287.0,136.57742
286.8,129.05945
280.4,118.999374
274.0,105.02768
273.4,93.398834
267.8,85.51329
262.0,79.66058
248.0,73.2064
242.4,66.8116
236.4,60.75174
230.2,55.087677
224.2,49.808693
218.2,44.96019
211.8,40.7216
210.4,37.1536
204.4,34.16593
203.6,31.813496
196.4,30.008827
189.6,28.633793
183.6,27.622356
177.2,26.80085
171.2,26.112797
165.2,25.568188
147.0,25.138683
146.4,24.821095
136.8,24.588093
127.8,24.410461
127.6,24.281143
124.8,24.18026
118.0,24.098465
114.8,24.027313
107.4,23.85743
101.4,23.594048
95.4,23.333496
89.0,23.009148
87.2,22.752296
84.2,22.51149
83.8,22.340836
78.4,22.171364
72.2,21.922989
71.0,21.750298
66.0,21.518417
60.6,21.292442
60.4,20.956314
53.6,20.749977
46.8,20.512444
44.6,20.300774
42.2,20.08799
30.2,19.60382
28.2,19.288986
27.2,19.09645
27.0,18.970894
25.0,18.881104
7.8,18.497284
4.6,18.281738
3.4,18.14289
0.8,18.026382
113.2,126.89487
112.6,123.722275
106.2,119.16375
99.8,113.88622
99.0,108.99389
96.2,103.61748
93.8,98.34939
87.4,92.87786
81.8,88.05629
78.2,83.76271
67.4,79.72137
67.2,76.405396
66.8,73.75682
66.2,72.12302
61.4,71.15257
59.2,70.67548
54.8,70.38286
54.0,70.29485
48.0,70.19045
46.8,70.20957
41.4,70.22954
39.2,70.37283
38.8,70.61549
38.0,70.86753
37.2,71.17546
27.6,71.38654
23.0,71.54277
17.0,71.696815
13.4,71.948654
9.8,72.06186
3.2,71.444046
306.8,145.27994
306.6,140.1693
306.4,136.34857
306.2,133.86665
300.6,131.33232
295.4,127.89517
295.0,124.79477
294.8,122.50853
286.4,119.556274
280.8,115.17901
274.4,109.82256
268.4,103.29971
262.2,96.99428
256.2,91.63738
254.8,87.853325
251.8,84.43815
251.2,81.99899
249.0,79.80794
242.8,77.674774
230.8,74.81706
224.8,71.470535
218.6,67.79733
212.4,63.87327
206.4,59.968548
200.4,55.77863
193.6,51.372517
187.6,47.00649
181.6,42.703457
177.4,38.737854
176.6,35.40004
176.2,32.679806
170.2,30.1936
164.2,27.942036
155.8,26.022995
149.8,24.36811
137.4,22.839607
137.2,21.748528
124.0,20.606514
122.8,19.835098
106.2,19.038124
105.4,18.494438
90.4,17.93135
84.0,17.527954
81.2,122.657104
74.0,116.193565
67.6,108.779144
55.8,99.466415
52.2,92.98085
46.6,87.82813
41.0,83.7695
36.4,80.93423
30.2,78.349495
27.2,76.15512
24.2,74.03718
22.4,72.133484
17.4,70.281715
10.8,68.37495
9.8,66.611565
3.6,64.815285
1.2,63.11933
198.2,118.73243
175.8,117.40977
172.8,116.15172
170.0,115.08627
169.6,114.59356
166.6,114.249664
163.8,114.11128
163.0,114.426025
161.2,115.078156
155.6,115.35334
152.8,115.356895
150.0,115.27834
147.2,115.135925
144.4,114.956764
141.6,114.5876
138.8,114.11083
136.0,113.54977
133.2,112.85803
130.4,111.970406
127.6,110.84917
124.8,109.48429
122.0,107.92847
119.2,106.061905
115.4,103.88192
113.4,101.57349
107.8,98.96605
105.0,96.05342
102.2,92.93877
100.8,89.77327
98.0,86.67069
95.2,83.701324
92.4,80.621185
88.8,77.61395
87.2,74.708954
84.4,72.01958
82.6,69.654076
79.8,67.25165
77.0,64.90085
74.2,62.776825
71.4,60.789238
68.6,58.929386
65.8,57.201626
63.0,55.67603
60.6,54.32483
60.4,53.17795
58.8,52.223553
55.0,51.30999
52.2,50.490524
49.4,49.751137
46.8,49.058617
35.8,48.266563
35.6,47.56395
19.0,46.583538
11.2,45.498955
158.6,151.34293
157.0,148.74301
154.2,146.26553
150.2,143.67
148.8,141.2987
142.6,137.89902
134.0,132.04242
128.4,124.25174
122.8,115.770676
121.4,108.19019
118.6,102.070946
115.8,96.73331
113.0,92.53903
112.2,89.27369
111.6,86.707306
109.4,84.42526
106.0,82.242195
103.2,79.956825
101.0,77.930756
98.0,75.90139
96.2,73.8669
92.4,71.79546
89.4,69.49938
86.6,67.09294
83.8,64.64486
81.0,62.29348
78.2,60.02469
75.4,57.777077
72.6,55.56489
70.2,53.479763
67.2,51.472713
62.8,49.5004
60.6,47.70764
57.8,46.085674
57.6,44.732162
51.6,43.41156
49.0,42.187855
43.0,40.97203
36.8,39.78634
34.8,38.749676
32.2,37.82101
32.0,37.064835
25.4,36.201538
22.6,35.447346
19.2,34.81754
19.0,34.327465
1.0,33.433254
46.8,104.89509
41.2,100.1816
39.2,95.60437
28.4,90.65361
24.6,86.250465
22.4,83.0448
16.8,80.49978
10.8,77.72541
128.2,136.76521
126.8,136.05777
125.4,135.00206
124.0,133.5058
122.6,131.62102
121.2,129.4745
119.8,127.12932
118.4,124.77451
116.8,122.29338
115.6,119.700485
113.6,117.17898
112.8,114.63717
109.4,111.361694
108.6,107.85758
106.8,104.04088
94.6,98.41168
94.2,93.27795
92.8,89.079895
91.4,85.47455
90.4,82.6819
89.0,80.39473
87.6,78.40195
86.0,76.46882
85.4,74.61501
84.6,72.837975
81.2,71.05115
79.2,69.26137
77.6,67.4993
76.4,65.72043
74.8,63.979183
73.6,62.298477
72.0,60.669666
70.6,59.046455
69.2,57.422382
67.8,55.7996
66.2,54.232887
65.0,52.70407
63.6,51.23151
62.2,49.80273
61.0,48.467968
59.6,47.204426
58.2,46.002968
55.4,44.8004
54.8,43.669685
53.6,42.60859
53.4,41.65695
52.0,40.68875
47.0,39.67347
45.4,38.673172
44.2,37.753876
42.8,36.901386
41.4,36.139614
40.0,35.446632
37.2,34.792427
35.8,34.170956
35.6,33.627266
34.4,33.13805
28.4,32.544353
26.0,31.925003
24.4,31.300255
23.8,30.715664
19.8,30.125126
16.0,29.46951
10.0,28.681076
3.4,27.810757
168.8,141.97333
167.2,138.84494
165.4,135.22661
165.2,132.03944
164.6,129.40099
163.6,127.02552
163.2,125.22995
161.8,123.63359
160.4,121.87589
158.8,119.729126
158.4,117.619385
157.6,115.66108
156.2,113.52218
154.8,111.02933
151.8,108.024864
150.4,104.76822
149.2,101.51023
146.2,97.89693
144.6,94.6168
143.6,91.97304
141.8,89.75231
140.6,87.648994
139.4,85.855194
139.2,84.464035
138.2,83.06613
137.6,81.85904
136.4,80.73868
134.8,79.68361
133.8,78.55724
132.0,77.30444
129.4,75.77417
128.2,74.062515
126.6,72.27522
125.4,70.478516
123.8,68.68335
122.4,66.88389
119.4,64.95523
115.4,62.84298
114.2,60.64543
112.8,58.423885
112.2,56.28933
111.2,54.258057
110.0,52.27057
108.6,50.321945
107.8,48.48514
107.6,46.817303
107.2,45.32527
105.6,43.915237
104.4,42.59159
103.0,41.32884
101.6,40.140564
100.8,39.041286
99.6,38.02735
98.6,37.111748
97.2,36.218018
96.0,35.41043
94.6,34.659874
93.2,33.959866
91.8,33.30552
89.0,32.610718
80.6,31.603394
79.2,30.621407
77.8,29.73727
76.4,28.962112
75.0,28.270885
73.6,27.673813
72.2,27.139908
70.8,26.683422
69.4,26.277397
68.0,25.916672
62.0,25.483723
60.2,25.092941
54.2,24.649029
47.4,24.130486
41.4,23.57299
40.6,23.08638
37.8,22.631477
31.8,22.107971
25.4,21.56723
19.4,21.07093
16.0,20.65216
10.0,20.247078
4.0,19.874878
1.4,19.60038
315.8,217.64096
314.4,216.40112
313.2,214.90038
313.0,213.48268
311.6,211.87741
311.0,210.2838
310.4,208.8096
308.6,207.10782
307.4,205.38144
306.0,203.5155
304.6,201.5232
303.2,199.48248
301.8,197.49583
300.4,195.61688
297.6,193.37364
294.6,190.78922
293.4,188.53017
290.4,186.26083
289.0,184.5101
287.6,183.34904
286.4,182.80978
285.0,182.73639
283.6,182.60071
282.2,182.2973
280.0,181.62439
279.2,181.02376
278.0,180.63747
276.6,180.23685
276.2,180.12115
275.8,180.23471
275.2,180.48318
274.2,180.65378
273.8,180.78543
272.4,180.7853
272.2,180.87564
272.0,181.05426
270.8,181.17848
269.6,181.22116
268.0,180.9695
266.6,180.46605
265.2,179.85721
263.8,179.11974
262.6,178.18692
259.4,176.76575
258.0,175.32755
254.2,173.22192
252.8,171.14241
251.4,169.18198
250.0,167.59404
248.6,166.3782
247.0,165.41452
245.6,164.70987
244.4,164.15558
241.6,163.2042
240.0,162.06784
239.4,161.0747
238.8,160.41812
237.2,159.92957
236.0,159.49963
233.2,158.64194
227.0,156.40906
223.4,153.65578
222.0,151.33139
220.6,149.70496
219.8,148.87004
219.2,148.86905
217.8,149.34358
216.4,150.11427
215.6,151.1703
215.2,152.62823
215.0,154.43716
213.6,156.28911
212.2,158.0727
206.2,158.97308
205.0,159.81215
204.6,160.96066
198.4,161.65338
191.0,161.36607
189.8,161.16565
183.6,160.74596
180.6,159.99438
174.6,158.66245
169.8,156.9434
169.4,155.72058
163.2,154.11957
147.6,150.16306
143.0,145.72542
140.2,141.48672
136.0,137.37682
130.0,133.08606
124.0,128.45035
121.2,123.587105
120.6,118.80057
119.8,113.92113
113.2,108.5303
112.8,102.61497
111.4,96.57165
108.6,90.94726
105.8,85.68866
99.2,80.16928
98.0,74.855896
95.2,69.980576
90.8,65.29419
89.6,61.407158
89.0,58.035233
83.0,54.761456
80.6,51.73275
77.2,48.9367
71.2,46.36436
65.2,44.06501
63.8,42.134865
62.0,40.48992
61.6,38.997967
60.6,37.775333
60.2,36.821907
59.6,36.027763
58.2,35.35851
52.2,34.70288
45.4,34.056572
44.2,33.5376
43.4,33.07466
40.0,32.637383
34.0,32.184525
28.0,31.700703
27.4,31.284145
26.0,30.909237
25.2,30.571907
19.0,30.17952
17.6,29.835709
16.2,29.840569
14.4,29.373184
9.0,28.785835
3.4,28.125683
2.8,27.554806
57.4,96.74844
54.2,91.08247
50.8,85.89139
39.8,80.88086
34.2,76.44773
30.2,71.872505
25.6,67.232025
25.0,62.96461
24.4,59.145767
24.0,55.798428
18.0,52.57619
11.8,49.359722
5.8,46.12945
316.4,174.0513
315.2,172.8406
313.6,171.6391
312.2,170.43922
310.8,169.11595
309.4,167.64633
308.0,165.95953
306.0,164.3093
304.8,162.96106
303.8,161.74948
302.6,160.58609
301.0,159.27635
299.6,157.80223
296.8,156.22743
295.6,154.55396
293.4,152.59988
292.6,150.79504
291.2,149.15247
289.8,147.68427
288.4,146.40283
287.0,145.24193
285.2,144.11227
284.4,143.02509
282.8,141.92084
281.6,140.6794
280.0,139.24503
278.8,137.77979
276.0,135.86656
273.8,134.00049
270.4,131.80696
269.0,129.72168
267.6,127.9947
266.0,126.749794
264.8,125.748505
263.4,124.83979
262.0,123.95855
260.6,123.16293
259.2,122.43167
258.2,121.92858
252.2,120.63097
246.2,118.03987
239.4,113.89006
231.0,108.63078
229.0,103.35148
227.4,98.77678
226.6,95.629074
223.4,92.58528
223.2,89.95905
220.4,87.42245
219.2,85.43543
212.2,83.23277
206.2,81.14831
200.2,78.72185
194.2,76.235306
191.6,73.69737
187.2,71.14017
183.4,68.66904
177.4,66.07123
171.4,63.27675
170.6,60.606083
164.6,57.81484
163.2,55.17981
157.2,52.6461
154.0,50.19945
149.4,47.68713
147.2,45.306923
145.0,43.059322
144.0,41.059467
143.8,39.338993
137.8,37.69501
132.8,36.12242
126.8,34.58892
120.6,33.12673
112.8,31.823196
108.8,30.708473
102.8,29.721066
101.8,28.923164
95.8,28.190235
89.8,27.479939
88.4,26.892162
86.4,26.421478
80.4,25.956749
76.4,25.531273
74.4,25.165024
72.6,24.854038
72.4,24.60564
68.2,24.351433
65.6,24.109123
59.6,23.853958
58.4,23.638329
58.0,23.462791
55.8,23.302986
51.6,23.120026
50.2,22.956665
36.2,22.827682
30.2,22.658699
28.0,22.50595
26.2,22.371704
22.2,22.2277
19.4,22.080742
18.8,21.954575
13.4,21.815834
8.4,21.669151
7.0,21.540726
5.6,21.434013
5.2,21.348679
316.4,223.8392
311.6,222.29407
306.0,220.66037
281.8,218.99844
278.2,217.34842
275.4,215.7261
274.4,214.26578
272.8,212.71954
271.4,211.09354
268.8,208.90196
267.2,206.43399
266.0,203.7587
264.4,201.13824
263.0,198.5537
261.8,196.00662
260.4,193.35684
259.0,190.70418
257.4,187.85898
256.0,185.18834
254.8,182.71465
253.4,180.55183
252.4,178.6037
251.8,177.0838
250.2,175.53078
249.0,173.86835
247.4,172.12567
246.2,170.36234
245.0,168.69098
243.0,166.64084
242.2,164.6539
239.4,162.38402
239.0,160.22223
238.4,158.352
232.4,155.91371
231.0,153.45895
229.6,151.42082
228.2,149.65648
226.8,148.08849
225.4,146.78918
223.6,145.46613
222.6,144.10931
215.2,141.17842
212.8,137.7568
206.8,133.55106
205.2,129.40271
200.0,124.30752
199.8,119.7247
192.8,114.19719
186.8,107.34815
168.6,97.35606
162.4,89.36761
159.6,83.87836
153.6,78.78483
147.6,74.29396
141.4,71.33528
135.0,66.276764
130.2,61.502724
128.4,57.25918
122.4,53.277397
119.8,49.732567
113.8,46.411602
107.8,43.35747
101.8,40.555164
95.6,37.997475
93.0,35.835026
92.2,34.08783
92.0,32.68556
88.0,31.493542
87.6,30.56205
81.6,29.771385
79.2,29.106133
79.0,28.578224
76.6,28.122189
74.0,27.709942
73.4,27.346992
67.4,27.00167
58.8,26.59119
49.0,26.09105
48.6,25.659813
42.2,25.243576
36.2,24.825535
28.8,24.396614
22.8,23.998932
16.0,23.633896
224.4,148.90677
223.4,148.2483
222.4,148.02557
221.4,148.04214
220.4,145.81058
219.2,143.58376
216.2,142.36237
213.4,141.72647
210.6,141.21268
207.6,140.66869
204.8,139.82104
202.0,138.75269
199.2,137.34575
197.0,135.70032
195.8,134.06024
193.8,132.59802
190.8,131.22487
187.8,129.70132
185.0,128.01703
182.2,126.219376
179.2,124.353775
176.4,122.50171
173.6,120.7702
170.8,119.30973
167.8,117.847885
166.8,117.0869
166.6,116.92507
163.8,116.7085
161.0,116.34105
158.2,115.71977
155.4,114.99096
152.6,114.21784
149.0,113.231895
146.2,112.340614
143.2,111.57889
137.6,110.43809
134.8,109.26254
131.4,107.719345
130.8,106.34622
114.6,104.84809
108.4,103.40518
102.2,100.73314
96.2,97.12893
88.6,93.25055
82.6,89.94866
62.0,86.27491
53.4,82.178085
51.6,78.4615
43.6,74.53474
36.6,70.35593
18.4,65.386536
6.4,59.916702
144.4,81.13394
144.2,80.59829
138.4,80.01514
132.6,79.36286
124.0,78.678215
114.6,77.9545
114.2,77.37216
110.8,76.977135
104.8,76.72937
100.6,76.52061
100.0,76.45923
93.8,76.512085
93.4,76.74338
92.2,77.13568
89.6,77.68547
86.8,78.334854
82.4,79.031815
73.8,79.702255
70.0,80.34073
65.2,80.17964
59.2,78.70818
53.2,76.04751
47.2,72.346436
40.6,67.95659
38.6,63.26436
32.6,58.200752
26.6,53.22657
20.6,48.04702
19.6,43.38818
16.2,39.150562
10.2,35.337852
7.2,31.972404
4.0,29.042461
0.2,26.510075
174.2,161.1887
173.6,155.73549
172.8,152.78085
168.6,151.0581
163.0,149.03502
156.8,146.00996
153.4,142.98799
152.2,140.76096
151.0,139.58604
145.0,138.00177
141.8,136.40265
129.8,133.51021
124.2,130.11195
118.2,127.137825
105.8,123.25484
99.8,119.6799
93.8,116.4294
87.8,113.59028
82.6,110.75084
76.6,107.6645
71.2,104.28678
66.8,100.79941
66.6,97.89825
60.6,95.272285
59.6,93.33847
58.8,91.70689
53.2,89.69838
47.2,87.396065
41.2,85.01725
35.0,82.35302
29.0,79.67218
23.0,76.58786
20.4,73.461784
14.0,70.122185
8.0,66.45015
6.6,62.83117
0.8,59.206703
222.8,228.86829
221.4,225.80655
219.6,227.004
217.2,228.19025
215.6,228.34085
214.4,227.07745
212.6,224.30606
211.4,220.50662
210.2,216.08578
207.2,211.2982
205.8,206.6297
204.6,202.50171
203.2,199.05289
201.6,196.21194
200.4,193.95796
199.0,192.1058
197.6,190.48482
194.8,188.7449
193.4,186.93996
192.0,185.19534
190.6,183.44897
189.0,181.48242
187.8,179.86646
187.4,178.58456
186.2,177.48781
184.8,176.40588
183.6,175.36554
182.2,173.64847
180.8,172.73233
179.2,171.91574
175.0,170.8176
174.0,169.72516
173.8,168.82434
172.4,167.8638
171.8,167.12268
171.6,166.71057
171.4,166.58284
171.0,166.55148
169.4,166.30548
168.2,165.76453
166.8,165.0354
165.4,164.12323
164.0,163.09488
162.4,162.00507
161.2,160.97562
159.6,159.9123
158.4,158.91992
156.8,157.99141
155.6,157.0932
154.0,156.37091
152.8,155.69519
150.0,154.77359
143.2,152.55801
140.2,150.04573
138.8,147.90903
132.0,145.64862
131.8,144.04967
130.4,142.7947
129.0,141.82504
128.6,141.28362
128.4,141.16339
122.4,139.88461
115.2,137.08725
108.2,132.78328
102.2,127.953125
101.8,123.84787
95.6,119.23788
94.8,115.32918
94.2,112.65488
89.0,110.03274
87.6,107.75931
81.4,105.05476
75.4,101.626305
69.0,97.44403
63.0,93.044464
57.0,88.9265
50.8,84.73638
46.4,80.86236
45.6,77.13269
39.6,73.14763
33.6,68.86113
27.6,64.38383
21.6,59.746925
15.6,55.09148
9.6,50.59071
6.8,46.477646
4.2,42.791397
3.4,39.665348
3.2,37.113876
0.6,35.050167
0.2,33.41707
274.4,131.69476
268.2,127.93732
261.8,122.19908
256.2,114.88202
254.8,107.93554
254.6,102.67349
248.8,97.448685
241.2,92.50638
238.4,88.58956
236.0,85.095535
233.8,82.67444
227.8,80.63223
221.8,78.33684
215.8,75.83121
209.8,73.09841
208.4,70.508
202.4,67.809296
198.6,65.030945
194.2,62.172493
193.2,59.456646
187.2,56.601124
181.0,53.527878
169.4,50.06195
163.4,46.592594
159.4,43.378925
157.6,40.58495
155.4,38.19053
148.8,36.024284
142.4,34.778984
136.4,33.025932
130.4,31.210987
124.4,29.537788
121.8,28.113167
117.6,26.838844
117.4,25.891235
116.2,25.167362
110.2,24.5279
101.4,23.93679
95.4,23.429497
89.2,23.0374
83.2,22.709412
78.0,22.467628
77.4,22.3432
75.6,22.27771
73.4,22.237755
72.8,22.234146
69.8,22.224068
63.8,22.145126
43.8,22.38276
41.8,22.080597
37.0,21.79631
33.6,21.548233
25.0,21.253174
22.0,20.999779
10.0,20.69896
8.2,20.47512
7.0,20.281082
6.8,20.12159
1.6,19.957611
143.4,196.90195
142.8,193.34052
142.4,190.01758
136.0,186.13068
129.6,181.72928
123.2,176.11899
116.8,169.53125
114.6,163.11298
114.0,157.76517
108.4,152.74194
97.4,146.68353
91.8,140.09605
85.4,134.13805
79.2,128.35321
73.8,122.31909
73.6,116.99861
71.4,112.23826
70.8,108.23446
69.0,104.972046
66.4,101.830475
63.8,98.47695
57.6,95.39609
51.6,91.997604
45.6,87.95908
45.4,84.56953
39.4,82.08102
33.0,79.44439
26.0,76.407486
20.0,73.14101
18.2,70.00227
12.0,66.85744
5.8,63.713905
2.8,60.62642
1.4,57.885014
1.2,55.469757
173.4,138.07906
163.2,129.72824
157.6,120.36103
152.0,110.33917
149.2,101.01296
146.4,92.974655
144.0,88.05511
143.8,84.73373
141.6,81.80737
138.8,79.18201
138.4,76.96106
135.6,74.611725
134.4,72.227356
131.6,69.687584
128.8,66.92105
126.0,64.315575
123.2,62.052986
123.0,60.15786
122.8,58.546715
120.4,57.220715
118.6,56.067623
115.8,54.990818
113.0,53.87855
110.2,52.562946
107.4,50.835556
101.0,48.66869
83.6,45.667664
75.0,42.356716
59.0,39.261173
40.0,35.953503
33.2,32.959187
32.0,30.535679
15.4,28.286922
2.0,26.12196
0.8,24.534142
197.6,144.95757
191.2,140.77173
190.0,136.75667
184.4,132.4613
174.8,126.43536
169.2,119.42356
163.6,111.1154
162.6,102.92418
159.8,95.740005
157.0,89.555855
156.0,84.71095
155.8,80.61728
154.2,76.566956
153.8,73.17006
153.4,69.96107
151.0,66.46826
148.0,62.786964
145.0,58.845062
143.8,55.051662
141.0,51.18966
138.0,47.601513
134.4,44.42266
128.6,41.369503
125.8,38.65552
123.0,36.339687
120.0,34.240116
119.2,32.535786
116.2,31.07668
115.0,29.893002
113.4,28.849007
113.2,28.018826
110.4,27.106758
107.6,26.282127
104.8,25.545444
99.2,24.800701
93.2,24.120209
87.2,23.413193
83.6,22.8974
83.4,22.480736
78.2,22.158829
77.2,21.901817
75.0,21.68798
72.4,21.465797
72.2,21.288239
71.2,21.102318
65.6,20.914612
62.6,20.738487
61.0,20.603714
55.2,20.510658
54.0,20.44278
51.2,20.360687
45.2,20.21312
39.2,20.0522
35.2,19.883484
31.8,19.729828
28.2,19.609322
28.0,19.518593
26.0,19.439568
20.0,19.359253
16.6,19.28067
10.6,19.112862
8.4,18.970337
3.6,18.816208
2.2,18.704994
1.4,18.62574
1.2,18.568375
50.4,141.65192
44.4,132.20796
44.0,124.02815
43.8,117.363625
37.8,111.00786
35.4,105.025024
30.2,98.68149
23.8,92.886284
23.2,87.9858
23.0,84.08393
22.2,80.98953
19.6,78.208755
7.6,75.21053
1.4,71.788025
202.2,159.79376
196.0,154.4773
192.8,150.28604
192.6,147.6531
190.2,145.69835
185.4,143.54416
184.0,141.79883
178.0,139.25792
171.6,135.88507
165.6,131.80452
159.6,127.140945
153.6,121.91847
147.6,115.58263
143.2,108.22623
140.8,100.35606
138.0,93.84135
132.2,89.26665
122.2,84.25484
110.2,78.263565
104.2,72.55524
98.2,66.7996
94.8,62.93938
88.8,58.262985
82.8,53.443375
80.2,48.91041
74.2,44.692448
68.2,40.83966
62.2,37.454933
56.2,34.64156
50.2,32.293716
44.2,30.434841
39.8,28.922878
37.4,27.762352
37.2,26.876049
31.4,26.062443
25.4,25.333378
19.4,24.713676
14.4,24.168007
8.4,23.690338
50.2,207.78831
48.0,202.51309
42.4,197.00006
36.4,190.94518
35.0,185.37787
31.4,180.03583
25.4,174.08173
18.8,167.59383
13.8,160.68962
7.6,154.08237
1.6,147.14742
139.0,164.03497
132.8,158.75998
127.2,153.09033
118.2,146.47853
112.6,139.90489
107.4,134.09354
106.4,129.96208
100.4,126.17502
94.4,121.44252
88.2,115.6768
84.8,109.72848
84.0,104.62102
83.2,100.29021
77.0,95.68098
71.0,90.512375
65.6,85.133545
60.0,80.97763
53.8,77.04184
49.8,73.385925
47.6,69.465485
41.6,65.75347
34.8,62.283524
28.8,59.066216
22.8,56.136185
16.8,53.563236
15.4,51.430412
15.2,49.70716
9.4,48.102238
6.8,46.8115
0.8,45.619286
191.8,139.43251
191.2,144.12766
190.4,147.52849
189.0,149.82823
182.8,151.60489
180.0,152.81244
179.0,153.49014
176.2,153.73712
175.6,153.56119
172.8,152.78017
170.0,151.56543
167.2,149.87386
161.0,147.43115
154.6,143.79149
151.4,138.99834
151.0,133.73917
140.8,128.33267
140.2,123.134476
132.2,117.67294
126.2,112.56217
121.2,107.48925
118.2,102.21276
115.0,97.42786
112.2,92.134796
112.0,87.02768
111.4,83.18046
105.4,79.97958
105.0,77.09614
103.0,74.13551
98.4,71.02763
96.4,68.24974
96.0,66.482315
90.0,64.15143
85.6,61.709335
82.4,59.05735
81.8,55.941357
80.2,51.903965
78.4,46.88035
72.6,41.46034
66.2,36.652122
62.0,33.031666
61.8,30.437351
56.8,28.54227
56.6,27.223824
52.4,26.052578
46.4,24.950897
41.2,24.075394
39.0,23.338196
33.0,22.678162
32.6,22.192368
27.8,21.711311
21.0,21.031738
16.6,20.651901
14.2,20.347496
14.0,20.096931
7.8,19.840569
1.8,19.60759
213.6,63.277824
208.0,60.243546
202.4,56.985878
200.8,53.849365
198.2,50.874485
195.8,48.134655
195.2,45.77402
189.2,43.61137
188.8,41.78912
185.4,40.169636
185.2,39.680164
183.0,38.506237
182.8,37.572174
175.8,36.71812
169.8,35.823696
166.6,34.9682
166.2,34.33641
165.0,33.81862
162.0,33.25613
155.2,32.64515
153.8,32.121384
151.2,31.58236
150.4,31.155727
149.0,30.752907
148.8,30.422989
147.0,30.0971
139.8,29.816208
133.8,29.447388
133.0,29.175468
132.6,28.998772
128.0,28.928776
127.8,28.776932
126.4,28.607182
121.8,28.412045
121.2,28.324081
121.0,28.275604
114.8,28.175533
113.4,28.111805
112.0,28.05978
108.4,28.004612
104.8,27.9365
98.8,27.858154
94.4,27.788414
93.2,27.752777
92.4,27.701397
92.2,27.648487
90.6,27.540691
88.8,27.436077
88.6,27.336811
88.2,27.203213
86.8,27.097492
81.4,26.856743
77.0,26.498821
74.6,26.098095
64.4,25.620087
58.4,25.145748
57.4,24.850319
55.8,24.63861
55.4,24.493843
51.0,24.369812
50.8,24.306099
50.0,24.277824
49.4,24.269257
48.2,24.264824
46.8,24.261513
44.2,24.219566
41.6,24.165428
40.2,24.127663
39.6,24.087769
35.2,23.989838
32.2,23.876106
30.6,23.777962
28.8,23.681503
24.6,23.529648
23.6,23.37207
23.0,23.210396
22.8,23.004341
19.8,22.686539
18.6,22.277473
17.4,21.828636
16.0,21.290955
15.2,20.73648
13.8,20.243652
8.4,19.821556
5.4,19.50106
3.8,19.30085
3.6,19.180939
3.4,19.102707
150.6,221.57748
144.6,219.42535
138.2,216.3602
137.0,213.21799
131.4,209.57397
130.6,206.29453
120.6,201.94327
115.0,196.93732
109.4,191.55304
103.4,185.80104
99.6,179.9728
95.6,174.25816
95.2,169.55925
89.2,164.97504
82.8,160.06299
76.8,155.15494
76.0,151.22858
70.0,147.61009
63.8,144.11224
62.8,141.6235
62.4,140.37158
56.4,139.73032
50.4,138.92355
49.0,137.97043
47.6,136.97556
47.4,136.21231
46.8,135.72919
40.8,134.59317
34.6,132.90602
28.4,130.80078
22.4,128.32156
12.4,124.84019
0.2,119.767685
141.0,125.7048
134.0,124.31452
132.4,122.9164
126.0,120.93379
124.2,118.49823
124.0,115.71579
119.8,111.93129
113.4,106.12537
107.4,99.37097
101.0,92.434715
95.4,86.09244
94.0,81.56268
88.0,77.911644
82.2,74.04677
82.0,70.306206
79.6,66.837944
73.6,62.92846
67.4,58.645576
61.4,54.106842
60.2,49.73875
57.6,45.390015
54.4,41.181217
54.2,37.61135
47.8,34.43507
43.2,31.7219
37.2,29.31337
31.0,27.191994
26.4,25.389507
19.8,23.89096
19.4,22.76352
13.4,21.734535
8.4,20.807152
2.4,19.982437
123.8,166.05017
118.2,161.31259
111.2,156.91812
105.0,152.56442
102.0,148.40903
96.6,144.06529
90.4,139.35641
83.6,134.45789
79.8,129.53769
73.8,124.29059
67.2,118.575485
61.2,112.54722
55.0,106.31292
42.0,99.70243
36.0,94.019806
29.2,89.26765
28.0,85.62279
27.2,83.1962
15.0,80.45783
9.0,77.64099
3.4,74.70487
20.0,36.91611
15.4,34.556484
11.4,32.734673
9.0,31.384762
5.8,30.399353
1.2,29.679947
105.4,145.91003
99.4,141.81396
95.8,138.55089
93.0,136.51546
91.8,135.60724
91.4,135.66722
85.2,135.05913
84.0,134.52396
77.8,133.76018
71.6,131.58182
68.4,128.72241
66.4,125.89163
66.0,123.637695
65.8,122.11102
59.2,119.54467
53.2,115.75612
47.0,110.261475
42.0,104.03432
41.6,99.02603
35.6,94.25937
29.6,89.94084
22.8,86.01193
21.2,82.55296
17.8,79.85713
11.6,77.07457
48.6,149.73026
47.6,148.14078
46.6,148.2489
45.6,148.61438
44.6,149.2851
43.6,150.2923
42.6,151.47525
41.6,152.80785
40.4,153.6479
39.4,154.39877
38.4,155.11835
38.0,156.04663
35.2,156.36115
32.4,155.99213
29.6,155.15015
26.8,154.05289
25.2,153.25876
22.8,152.6937
20.0,152.24902
17.2,151.57687
17.0,151.51105
16.6,152.00269
13.8,152.24591
12.8,152.73622
6.2,152.45566
4.2,151.93231
1.4,151.0819
26.4,117.36793
20.2,112.984634
15.4,108.659
9.8,103.51073
8.8,99.045746
1.2,94.71745
268.6,108.93492
265.8,102.241196
264.8,96.750145
259.2,92.620476
252.8,89.573166
246.8,87.24021
244.4,85.02656
238.4,82.516174
237.2,79.9966
236.4,77.68218
234.6,75.534904
233.2,73.52975
231.2,71.57893
231.0,69.79272
230.8,68.18544
218.6,66.215034
212.2,63.909134
209.0,61.458786
207.0,59.1023
203.4,56.749374
201.6,54.527412
201.4,52.533054
198.2,50.604614
198.0,48.89899
194.2,47.20585
194.0,45.72034
188.0,44.084824
187.8,42.671288
187.6,41.43474
187.4,40.361324
187.0,39.438927
181.0,38.29991
177.2,37.11313
177.0,36.03526
171.0,34.814285
168.2,33.71263
162.0,32.512947
154.4,31.326447
148.4,30.084885
144.6,28.953716
143.0,27.970089
139.8,27.06285
133.4,26.156818
127.4,25.221146
126.0,24.466331
120.6,23.685585
120.4,23.099174
114.0,22.492485
109.2,21.880753
109.0,21.419151
104.0,20.932487
101.0,20.525322
100.8,20.214813
100.6,19.97538
94.6,19.674408
88.6,19.364304
88.4,19.149513
81.4,18.939789
75.0,18.71363
70.4,18.49337
64.4,18.271889
61.8,18.093155
56.8,17.926651
54.0,17.78003
52.8,17.662262
46.8,17.51268
44.8,17.383698
44.4,17.295494
38.4,17.185455
34.0,17.05352
28.0,16.900719
23.2,16.768059
17.2,16.622879
11.2,16.49324
8.6,16.398788
8.2,16.32714
7.6,16.264275
7.0,16.211555
3.2,16.14502
151.4,125.743416
151.0,123.33586
145.0,120.964935
139.0,117.746994
137.2,113.96403
124.8,108.109566
118.6,100.90328
117.6,95.165184
112.6,90.82028
112.2,87.24077
89.8,83.50705
85.0,80.41811
66.4,76.88316
64.0,73.40555
50.2,68.86782
49.8,64.507965
27.0,59.520004
7.4,54.0357
216.4,69.85788
202.0,66.24749
201.6,63.11776
201.4,60.368736
200.6,57.81371
195.0,54.71842
187.6,51.748226
183.6,48.927692
175.4,45.893803
175.2,43.140995
174.8,40.639843
171.2,38.25535
158.6,35.86038
154.8,33.565968
148.8,31.372036
144.6,29.471088
142.8,27.851032
141.8,26.525093
139.4,25.407784
136.6,24.439262
136.2,23.717056
134.4,23.18866
125.0,23.045311
122.8,23.140266
118.8,23.389687
110.8,23.33628
105.2,23.642807
103.4,24.071732
101.0,24.004662
99.8,23.882782
97.0,23.761978
96.0,23.591324
95.8,23.454659
94.6,23.35707
93.8,23.29541
93.6,23.258316
88.2,23.247948
88.0,23.235863
84.0,23.243408
83.0,23.258133
78.4,23.294594
74.4,23.49363
73.6,24.552464
63.2,25.637997
60.2,25.985317
56.8,26.088223
55.8,26.119408
52.8,26.185253
52.6,26.358109
50.6,26.496605
50.4,26.616096
50.2,26.897106
48.8,27.250328
46.0,27.634941
45.8,27.992256
41.8,28.251331
40.8,28.542255
39.4,28.815712
38.6,29.087997
38.2,29.34708
34.6,29.5626
31.2,29.74205
31.0,29.913136
26.2,30.000309
26.0,30.10588
25.6,30.18885
24.2,30.268219
22.6,30.334797
21.2,30.401237
18.6,30.468712
17.0,30.551716
16.8,30.624542
16.6,30.68602
16.4,30.744804
15.8,30.800499
15.4,30.842949
8.8,30.915817
7.8,30.967255
7.4,31.010654
6.8,31.051907
6.6,31.086506
5.6,31.120491
4.6,31.149124
4.4,31.171371
4.2,31.19085
2.6,31.213833
2.2,31.230087
1.4,31.246216
0.2,31.277603
28.2,141.42139
24.6,139.65396
23.6,137.57481
18.0,135.50531
11.6,133.26408
9.8,130.75165
3.8,127.16105
137.4,162.22427
134.4,161.86679
130.8,160.48964
118.2,156.43045
117.6,151.74568
112.2,147.49844
101.4,144.11946
99.8,141.35898
98.0,139.22565
93.8,137.6643
90.0,136.34691
89.4,135.35522
76.0,134.47694
72.0,133.7349
65.8,132.99126
53.4,130.57608
47.6,127.21231
39.0,122.822556
37.6,118.38548
36.6,114.29196
35.6,110.70635
31.4,106.90245
27.0,102.55911
20.0,98.34687
11.2,94.17046
8.8,90.808945
8.2,88.608795
2.0,86.66024
133.0,92.04339
127.6,86.74981
127.4,83.53891
115.4,80.33741
103.6,76.10635
90.0,71.13788
75.6,65.9665
75.2,61.365402
61.8,56.896553
46.4,52.471066
46.0,48.676937
22.6,44.671078
22.4,41.295853
7.8,38.242474
128.4,109.56337
123.8,103.42339
123.6,98.511986
119.4,94.595085
113.4,90.57267
111.0,87.43181
108.4,84.57804
102.4,81.13252
96.4,77.37144
94.2,73.75165
91.6,70.06447
85.6,65.77301
79.0,61.164383
78.8,56.857536
74.6,52.555187
71.2,48.28321
69.4,44.238056
67.0,40.460297
63.0,36.897877
61.6,33.752064
55.4,30.960217
49.4,28.36082
43.4,25.96719
39.6,24.002762
38.6,22.50521
36.6,21.268433
30.0,20.133842
25.8,19.215721
24.4,18.499138
21.2,17.860199
15.6,17.2454
15.2,16.804916
9.2,16.310776
3.2,15.85144
127.8,191.56934
125.0,188.14117
122.2,185.28552
110.6,183.6211
107.8,182.24226
105.0,181.14178
102.2,180.1026
96.2,178.39673
89.8,176.46768
84.0,174.03552
81.2,171.68468
79.4,169.62213
76.8,167.7197
74.0,165.93097
71.2,164.22626
68.4,162.6817
65.6,161.17334
60.0,160.12926
57.2,159.14218
54.4,157.82686
51.6,156.33826
48.8,154.67337
46.0,152.81824
42.4,150.58878
39.4,148.41208
36.6,146.26962
36.2,144.74274
33.4,143.20259
30.6,141.5461
27.8,139.79443
22.8,138.43553
20.0,136.84032
14.4,135.13853
11.6,133.15266
8.8,130.86064
8.0,128.7255
6.8,126.78023
4.2,124.169495
3.8,121.64618
1.0,118.92145
251.8,161.74664
245.8,159.98178
240.0,157.54086
234.0,149.70297
230.0,140.44034
223.8,133.4087
220.0,128.97885
219.2,127.30336
213.2,126.62511
212.0,126.75625
206.0,126.51369
205.2,126.135635
204.8,125.783585
202.0,125.216965
196.0,123.844986
189.8,121.17589
189.2,118.164825
183.2,114.40973
177.2,109.66199
173.4,104.1837
173.2,98.96021
172.6,94.395966
172.4,91.68925
166.4,89.21372
160.4,86.06744
154.4,82.348625
148.4,78.5645
147.6,74.926155
147.2,71.35897
141.6,67.53255
140.6,63.829025
134.6,59.831757
131.0,55.886433
125.0,51.938366
120.8,48.362617
120.6,45.35197
120.4,42.816994
117.8,40.724663
111.8,38.827503
109.2,37.274014
108.8,35.99365
104.0,34.774525
103.6,33.72675
98.4,32.7011
96.6,31.843277
96.4,31.150646
94.2,30.55037
92.6,29.990963
90.0,29.442528
89.4,28.96976
83.4,28.396023
74.8,27.71624
68.8,26.963802
60.8,26.137413
54.8,25.3102
53.0,24.592865
48.0,23.913216
44.8,23.298279
38.8,22.741745
35.2,22.235832
34.0,21.799507
33.4,21.44365
31.6,21.141068
29.2,20.850105
25.4,20.573715
22.2,20.298729
21.6,20.067223
21.0,19.87323
11.0,19.59362
5.8,19.294136
4.6,19.060219
1.0,18.971977
0.6,18.79216
38.0,90.017365
32.0,83.50728
28.2,79.69695
26.0,76.33154
25.8,73.48306
25.0,71.04972
19.0,68.47595
16.6,65.94252
10.4,63.04802
4.4,59.740654
150.0,146.07639
144.0,143.6982
140.2,141.2779
136.0,138.39154
134.6,136.05898
128.6,133.7505
125.2,131.89372
119.2,130.4313
112.6,129.09378
112.2,128.63098
105.6,128.05199
101.6,127.41673
100.6,127.26137
96.8,127.228775
93.6,127.28255
92.6,127.855774
86.6,127.96626
80.4,127.811966
74.2,126.97473
67.4,125.74708
61.4,124.62124
60.6,124.627075
54.4,124.9175
48.0,125.34016
41.0,125.92267
35.0,127.05843
31.2,128.83249
29.8,131.35976
28.6,134.50888
25.8,137.83444
23.8,141.24971
21.0,144.50664
16.0,147.1682
15.8,149.77127
9.8,151.27763
3.2,151.93842
21.6,126.98744
16.8,115.65709
14.4,106.40187
5.4,98.76049
0.4,93.27947
49.0,108.39102
42.8,96.89038
41.2,88.858
34.2,83.37301
27.4,79.60657
21.4,76.26975
15.2,72.6776
8.4,68.86919
3.0,64.96312
68.2,110.58261
63.6,109.29264
60.2,106.55232
53.4,103.16225
49.2,100.20937
48.8,97.30869
43.6,93.896255
39.8,89.98948
36.0,86.32815
31.4,82.51864
30.0,78.85356
27.2,75.150185
22.2,71.438965
21.2,67.87338
8.6,63.56234
7.4,59.036217
194.8,98.14784
186.8,97.01377
186.6,95.37621
178.8,92.6257
173.6,89.75274
172.8,86.49558
167.4,83.10705
165.4,79.67204
156.2,75.61631
147.8,70.940254
138.0,65.90978
124.2,60.472603
122.6,55.142433
118.4,49.86381
111.4,44.882984
107.0,40.56381
104.4,36.99959
102.2,33.936306
100.4,31.656448
97.8,29.989182
96.2,28.737484
93.0,27.872627
87.0,27.142368
84.0,26.619984
81.8,26.15559
78.4,25.698391
77.0,25.386848
72.2,25.128368
71.6,24.99435
66.6,24.907242
60.2,24.851498
55.8,24.823711
43.8,24.73077
40.2,24.63401
37.4,24.526184
25.4,24.347115
23.6,24.265755
14.4,24.155724
12.6,24.091827
4.6,24.006676
2.6,23.97303
2.4,23.9684
0.4,23.973938
238.8,153.7347
233.0,146.7673
232.4,140.69183
226.2,135.48755
220.2,130.75407
214.2,126.80389
212.2,123.92024
206.4,121.29657
204.8,119.083496
198.4,116.523796
192.4,113.124466
185.8,109.04106
182.6,104.172356
181.6,99.61736
174.6,94.32817
173.2,90.42283
172.4,87.10566
166.0,83.99902
159.8,81.49742
154.2,78.74925
149.2,76.01436
148.0,73.44194
142.0,70.83648
136.0,68.06867
129.8,65.13223
123.8,62.050064
117.8,58.813576
111.6,55.580498
108.6,52.480583
107.4,49.653416
101.4,46.90167
89.8,44.070114
83.6,41.370003
77.6,38.89007
71.4,36.69876
70.8,34.909607
66.0,33.359776
65.4,32.12816
61.6,31.085213
59.2,30.199863
53.2,29.389713
49.6,28.683502
48.0,28.096363
47.2,27.630802
47.0,27.266861
46.4,26.96265
40.0,26.63956
34.0,26.294312
29.8,25.952332
29.6,25.674896
23.4,25.38087
21.8,25.11594
21.2,24.901726
20.2,24.742157
14.2,24.560497
7.8,24.338303
4.8,24.129318
4.2,23.959312
116.6,81.17818
104.4,76.79732
92.4,71.09563
83.0,65.00386
66.6,59.011124
46.4,52.97388
36.6,46.967197
22.4,40.83862
15.4,35.623646
13.2,31.68045
12.6,28.786888
1.4,26.671917
0.2,25.109638
245.2,144.3583
239.0,141.02649
232.2,138.86108
231.6,137.83224
225.6,136.66637
219.4,135.22601
216.4,133.60263
211.2,131.78732
207.2,128.81749
201.2,119.31407
197.2,106.97066
191.0,96.26793
184.8,89.43104
178.8,85.0971
172.4,82.61454
170.4,80.40876
164.0,78.3999
159.6,76.35674
153.6,74.05204
148.8,71.49848
144.4,68.78705
143.6,66.09722
137.2,63.365772
135.6,60.7468
133.6,58.189957
133.4,55.88066
127.0,53.56572
121.0,51.305706
114.8,49.075993
114.4,46.904842
113.0,44.897003
106.8,42.941536
100.8,41.054073
99.0,39.353893
94.6,37.730515
88.2,36.09128
86.8,34.632084
86.0,33.338127
79.8,31.939625
73.8,30.568497
72.8,29.350082
69.6,28.190887
68.2,27.125118
65.4,26.150497
62.4,25.236664
55.6,24.283302
49.6,23.446991
48.2,22.736153
19.2,22.154533
17.6,21.67266
16.8,21.274529
4.8,21.080345
2.8,20.764618
78.4,108.54877
73.6,105.112686
69.0,101.21675
68.6,97.53291
64.4,93.55707
63.4,90.10816
57.4,87.009995
56.0,84.45696
50.8,81.64856
49.2,78.72536
43.2,75.542
40.0,72.1453
35.8,68.76288
34.8,65.33353
28.8,61.818527
26.4,58.489113
25.2,55.607483
19.2,52.802498
16.4,50.313553
15.2,48.155933
14.0,46.222553
12.6,44.424366
11.2,42.595154
5.2,40.321724
2.8,37.53202
183.0,104.601974
177.0,105.72738
172.0,107.155624
166.0,107.941864
165.2,108.424774
159.2,108.963104
153.2,109.44909
147.2,110.002914
145.8,110.60352
140.0,111.30925
139.8,112.06816
133.8,113.07382
127.8,114.322815
121.8,115.72767
115.8,117.15346
111.4,118.38954
111.2,119.50063
105.2,120.38417
104.8,121.12209
98.8,121.14923
92.8,120.50539
86.8,119.62993
84.0,118.76169
78.0,117.95053
73.4,117.18845
70.0,116.47132
64.0,115.75197
63.0,115.13393
57.4,114.5417
51.4,114.00543
45.4,113.51254
41.8,112.91955
35.8,112.08927
32.2,111.03876
26.2,109.75027
20.2,108.07592
19.4,105.99904
13.4,103.49852
8.2,100.50933
8.0,97.11963
7.6,93.73176
1.6,90.30832
97.4,74.490074
83.2,68.94559
72.8,63.91707
71.4,59.666832
67.4,56.36095
31.4,50.495384
22.6,44.307705
17.2,38.799828
5.8,34.105587
103.8,73.8038
103.0,72.218704
96.0,70.17813
90.0,68.00954
84.0,65.622086
77.6,63.156494
73.0,60.28145
72.0,57.103455
71.6,53.859905
67.4,50.56438
65.2,47.40201
59.0,44.2379
45.4,40.55943
45.0,37.418472
44.8,34.864285
38.2,32.747044
37.0,31.067356
35.4,29.69125
29.4,28.38313
28.6,27.395473
22.8,26.50924
22.6,25.844597
10.2,25.080791
4.2,24.447556
136.2,81.76826
130.2,82.646355
119.8,83.75542
113.6,84.79189
107.2,85.77955
101.0,86.930435
94.8,88.4202
92.8,90.29104
91.4,92.620865
88.8,95.08353
82.8,98.05817
76.6,101.15924
75.0,104.12298
73.2,107.02783
60.6,110.59352
54.2,114.024796
48.2,117.69574
45.4,121.26671
38.6,124.59324
32.6,127.49648
31.6,130.00673
30.4,132.05795
29.8,133.67085
23.4,134.9567
17.4,135.96562
9.2,136.68188
3.2,137.18924
253.2,90.56447
245.2,91.858
227.8,94.67297
227.6,97.74695
222.8,100.90167
220.0,104.15087
206.8,106.870705
198.4,108.74037
193.4,109.45972
186.4,107.891174
186.2,105.89412
186.0,103.73779
180.8,101.00254
172.2,98.404106
170.2,96.11248
169.4,94.431816
165.4,93.01089
165.2,91.79814
155.6,90.40085
145.8,88.60393
143.6,86.559326
143.0,84.46708
141.6,82.23816
137.4,79.87123
132.0,77.102776
128.8,73.77243
122.0,70.19309
121.8,67.15086
118.4,64.455124
113.4,62.50062
112.0,60.762955
111.4,59.19864
110.0,57.952282
107.8,56.979015
100.6,56.090958
92.6,55.18609
85.6,54.273727
84.2,53.388798
75.6,52.613674
73.6,52.06005
70.2,51.54324
68.0,51.031998
64.2,50.48375
63.2,50.014046
62.8,49.570812
61.8,49.08718
59.6,48.53016
53.4,47.54381
47.4,45.79944
42.2,43.01693
38.6,39.68928
38.0,37.622433
35.8,36.557903
34.8,35.982258
34.2,35.62422
32.0,35.354443
29.0,35.151215
28.4,34.96777
21.8,34.798943
7.2,34.563675
5.0,34.367775
4.2,34.17487
226.2,103.27231
210.0,104.00318
195.6,104.69077
194.6,105.6476
184.4,106.81674
149.6,108.55051
145.6,111.03291
142.6,114.03254
141.4,117.175896
139.8,120.2422
139.6,123.08785
124.0,124.83374
121.0,125.58507
114.4,124.58951
112.0,122.677826
103.8,119.81377
99.2,116.317696
75.0,111.503296
68.4,105.10787
66.0,99.3486
64.2,94.556046
61.8,90.1802
55.8,85.88029
49.8,81.76687
46.6,77.677345
45.0,73.96188
43.2,70.05382
40.2,65.95659
39.4,61.670864
39.2,57.379128
35.6,52.84107
33.0,48.50939
21.0,44.56465
16.6,41.231136
15.4,38.382286
10.6,36.12013
10.0,34.34227
8.0,32.92067
7.2,31.761898
1.2,30.420315
1.0,29.245735
102.2,100.98309
100.8,96.073166
94.8,92.77365
88.8,90.02786
83.4,87.73251
77.0,85.89236
70.6,84.11145
67.4,82.11445
55.2,79.266975
51.8,76.12706
45.8,72.86606
39.0,69.455605
32.6,65.90553
20.2,61.866158
14.2,57.629128
8.0,53.405674
4.8,49.41916
108.8,149.06174
102.6,140.19806
102.0,133.63074
101.8,130.50262
95.6,129.09337
89.4,127.64336
83.4,124.57334
80.2,118.58366
74.0,111.87685
68.0,104.61373
62.0,96.45275
56.0,87.878746
54.8,82.03552
48.6,75.809395
42.2,68.60612
36.2,60.607887
29.8,52.780994
23.8,46.020218
17.8,39.76501
11.6,34.619656
10.2,30.977139
8.4,27.998367
113.0,123.6367
109.8,117.18475
103.6,111.792786
102.0,107.72537
95.2,103.10286
89.2,98.19595
82.8,93.2883
73.8,88.46443
65.6,84.10061
58.8,79.662415
52.6,75.4434
50.0,71.39505
43.8,67.17653
42.8,63.204666
42.6,59.586987
36.4,55.93731
30.4,52.390686
26.4,48.978935
20.4,45.670967
14.4,42.584908
8.4,39.772327
8.0,37.44737
2.0,35.502125
89.4,78.53086
87.0,75.86377
82.8,73.2512
82.4,70.874954
81.2,68.796425
75.2,66.77663
68.4,64.71309
61.8,62.321106
56.0,59.65573
50.0,56.619926
49.4,53.52397
46.2,50.144726
43.0,46.507782
36.8,42.65699
36.2,39.014137
29.8,35.49105
24.0,32.203094
19.4,29.37957
19.2,27.229332
13.0,25.390427
6.0,23.807854
4.2,22.591972
1.8,21.612328
0.2,20.842194
178.6,117.55006
172.6,117.4481
166.6,119.387276
161.6,123.26083
161.0,129.80692
159.0,136.42722
152.4,141.54813
145.6,145.35852
141.6,148.3947
140.0,150.9219
134.0,152.14566
128.0,152.31079
122.0,151.53629
116.0,149.96051
110.0,147.72281
108.8,145.79248
93.4,143.72632
93.2,142.0457
87.4,139.8732
84.0,137.27908
77.8,133.58554
71.8,128.55797
65.8,121.78112
62.8,113.54852
61.2,104.67412
58.6,96.2929
54.6,90.05079
48.6,84.11806
42.6,78.84918
38.4,73.72589
32.4,68.25027
28.8,62.696938
22.8,56.97123
19.2,51.45646
15.8,46.354427
9.8,41.854965
3.8,38.058456
204.4,169.50313
198.4,170.12784
192.4,170.5794
186.4,170.96307
183.6,172.28473
177.8,173.69029
176.4,175.51862
173.8,177.11993
167.8,177.75
161.8,176.86755
155.8,174.40497
149.8,170.36005
146.8,165.78311
144.0,161.45139
143.8,157.9961
137.8,154.41309
131.8,150.39587
128.6,146.64204
122.6,142.6941
116.4,138.29437
115.6,134.11287
113.4,130.14394
107.4,125.41204
101.0,119.28125
95.0,111.15517
89.6,101.92691
83.6,92.57986
78.8,85.3775
78.0,79.9491
72.0,74.686455
66.0,69.23066
65.6,63.854614
53.6,58.09777
47.6,52.471905
46.8,47.357914
42.0,42.92211
36.0,39.213547
30.0,36.275043
24.0,34.03795
18.0,32.281364
13.8,30.91399
11.4,29.828861
10.0,29.014233
2.8,28.350338
179.2,85.06554
175.2,81.73317
172.8,79.030945
166.8,76.4768
160.8,74.07267
157.0,71.99596
152.2,70.250885
151.8,68.94584
145.8,67.77748
139.8,66.737
134.4,65.87068
133.2,65.38875
132.4,65.24323
129.4,65.34914
125.6,65.63941
119.0,66.00354
113.8,66.51007
111.2,67.24687
107.0,68.06363
102.8,68.775635
96.8,69.35954
91.6,69.794754
85.0,69.98059
78.8,69.93279
78.4,69.819405
78.0,69.672485
77.6,69.54184
71.6,69.1843
64.8,68.60823
58.0,67.89673
57.6,67.2638
50.8,66.395706
50.6,65.50305
46.8,64.31764
45.4,62.884087
44.8,61.32725
44.6,59.82258
39.8,58.06946
36.2,56.1319
32.2,54.0598
30.0,51.919918
26.0,49.75427
21.2,47.641346
18.8,45.819237
16.4,44.036278
13.6,42.30118
8.2,40.603607
2.2,39.050137
181.8,144.3046
175.4,142.86247
169.4,140.93068
164.0,139.79332
163.4,140.2828
157.4,141.35805
151.4,142.23201
148.4,143.72055
142.4,144.75015
137.4,145.09679
128.0,144.22263
126.4,143.75682
120.4,142.95523
114.4,141.73866
113.0,141.1724
107.0,140.59706
105.4,140.85405
104.0,141.99849
98.0,143.1925
92.0,144.39145
85.8,145.63963
84.2,147.68417
82.8,150.43956
81.4,153.84644
76.8,157.24207
71.2,160.25432
70.0,163.35904
65.2,166.18002
64.0,168.62021
57.2,169.93448
51.2,170.3396
49.0,170.40814
43.0,169.82642
37.0,168.51349
33.6,167.05835
27.6,165.14056
21.6,163.03406
15.6,160.77498
9.6,158.2879
8.6,156.10872
6.8,154.14816
6.2,152.5052
5.8,151.1448
2.6,149.86963
33.2,86.347885
27.6,82.95372
26.6,79.28181
26.4,75.63151
21.0,72.00389
16.2,68.54583
15.4,65.15711
9.8,61.66195
3.8,58.055603
1.0,54.364704
49.8,90.21
49.6,88.165016
43.6,86.301315
37.2,84.56429
31.2,82.30415
25.2,79.62865
19.2,76.58333
13.2,73.114044
7.6,69.43265
1.6,65.34361
0.4,61.39657
115.6,85.4137
109.6,81.82329
103.6,78.41463
97.6,75.08192
92.0,71.73291
91.8,68.778984
85.4,65.85716
79.8,62.835197
73.8,59.669247
70.8,56.706123
70.6,54.208885
64.4,51.809456
58.4,49.376522
52.4,46.880215
46.2,44.45616
44.6,42.36253
44.4,40.678463
38.4,39.067726
35.2,37.563263
30.4,36.28822
30.2,35.229992
30.0,34.32278
27.6,33.537987
27.4,32.91047
21.4,32.250286
14.6,31.457378
8.4,30.636745
2.4,29.779099
102.0,150.81262
96.0,145.74443
93.0,141.3136
92.4,137.9546
86.4,134.97125
80.2,131.75789
74.2,127.78943
67.8,123.43153
61.8,118.20881
55.8,112.45029
51.0,106.35644
44.0,100.67718
38.0,95.39871
32.0,90.674774
26.0,86.5252
20.0,82.947586
14.0,79.72246
9.0,76.50515
5.6,73.53226
3.0,70.80124
39.8,287.88962
39.6,286.53488
14.8,283.81702
4.8,280.452
1.8,276.98846
94.4,131.14607
88.2,129.42693
82.2,127.74976
74.4,126.49605
74.0,126.0325
67.4,126.06285
58.6,126.336914
56.4,125.33142
50.4,123.33444
44.4,120.70248
38.4,117.71483
32.4,114.4378
26.4,111.016235
19.6,107.34504
15.6,104.08268
13.8,101.522125
12.8,99.90457
8.8,98.28327
8.6,96.9115
2.0,95.62064
166.0,163.00977
160.0,159.1951
155.6,155.61194
151.0,152.14108
148.6,149.31577
145.4,146.58574
139.4,143.57669
133.4,140.14673
131.4,136.98117
125.4,133.81947
119.4,130.38843
113.2,126.8879
106.6,123.29817
100.4,119.20611
95.0,114.66017
89.2,109.67013
82.8,103.68208
76.6,97.95455
70.6,92.71422
64.6,87.94769
57.6,83.491425
51.6,79.81309
45.0,76.2877
39.0,72.72089
37.4,69.34721
37.2,66.287704
23.8,63.3834
14.2,60.287834
13.6,57.212204
8.6,54.207882
6.8,51.205345
5.0,48.3593
4.2,45.820503
132.2,100.88255
126.2,94.808395
120.6,90.02716
118.2,86.77655
117.8,84.2706
111.8,81.68765
105.4,78.83943
95.8,75.41165
94.4,71.86406
90.4,68.13814
90.2,64.56625
84.2,61.024384
78.2,57.276737
72.2,53.412575
66.0,49.586155
60.0,45.891052
53.8,42.6121
49.2,39.715504
43.4,37.130257
43.2,35.05575
38.4,33.27891
32.4,31.693108
25.2,30.289444
19.0,29.107296
16.0,28.155792
15.8,27.45795
12.4,26.902264
6.8,26.402214
4.4,26.00449
257.2,123.222885
251.8,117.739655
247.8,112.19205
241.8,106.09661
235.8,100.01228
232.6,94.78196
231.0,90.724014
225.0,87.254265
218.6,84.910576
215.6,82.42911
212.8,79.90415
206.8,77.41501
204.4,75.087715
204.2,72.98302
202.8,70.99897
202.6,69.199585
198.0,67.30562
197.8,65.51336
191.8,63.432747
189.2,61.367992
184.0,59.261665
178.0,57.001022
173.4,54.62681
171.2,52.333923
165.2,49.752777
160.4,46.961918
156.0,44.104313
155.8,41.48113
153.0,39.04154
147.0,36.663685
145.8,34.573555
142.0,32.690533
136.0,30.920341
132.6,29.410324
128.0,28.081135
127.8,27.048546
121.8,26.121609
120.0,25.440613
118.2,24.881489
117.6,24.565899
115.2,24.43715
108.6,24.432907
102.4,24.558285
98.6,24.782475
92.6,25.044662
89.6,25.335167
88.0,25.610195
86.8,25.856045
83.2,26.005997
83.0,26.167995
78.4,26.234627
78.0,26.329311
65.2,26.185238
63.0,26.114258
56.8,25.98211
53.6,25.909004
43.4,25.723476
42.0,25.633865
35.8,25.518196
19.6,25.262299
19.2,25.101292
17.2,24.938114
13.4,24.748428
13.2,24.599998
3.2,24.385033
0.8,24.221077
0.6,24.086044
216.2,134.43143
210.0,129.19109
205.0,124.37834
199.0,119.719826
194.2,114.86451
192.6,110.44831
186.6,104.84895
180.4,98.40348
174.4,92.447075
168.2,87.35231
161.8,82.771545
155.6,79.10313
149.6,75.40027
143.6,71.74887
137.6,68.164536
131.6,64.59563
130.2,61.395035
124.2,58.36216
121.2,55.617966
114.4,52.948345
108.4,50.338394
106.8,48.024746
100.8,45.83347
100.4,43.999218
98.8,42.46008
92.8,41.023567
90.6,39.639347
84.2,38.32192
84.0,37.242233
78.0,36.166477
72.0,35.043083
66.0,33.90474
65.2,32.88459
63.8,32.00208
59.6,31.142117
55.8,30.345978
49.8,29.582096
43.8,28.822048
38.8,28.0387
32.8,27.30568
26.8,26.5873
20.8,25.91637
17.6,25.321228
11.6,24.741924
5.6,24.146996
3.6,23.672478
78.6,87.40412
75.6,82.503174
69.4,77.9612
64.8,73.71479
64.0,70.015
63.0,66.64409
56.8,62.986275
50.8,58.84969
44.8,54.245705
40.0,49.608353
39.8,45.537815
36.8,41.819756
33.4,38.38829
27.8,35.19861
21.8,32.382946
17.6,29.911236
15.2,27.809166
9.2,25.852406
3.2,23.989296
148.6,83.642006
142.6,82.26999
136.0,80.83622
130.0,79.14595
124.0,77.28052
122.6,75.4593
121.2,73.786835
115.0,72.09697
108.8,70.336685
107.6,68.69671
102.2,67.314125
94.0,66.03049
93.4,64.83279
93.0,63.82138
89.4,62.953804
89.2,62.262573
80.8,61.386536
74.2,60.44083
68.2,59.352295
62.4,58.133785
60.2,56.963337
54.2,55.654724
47.8,54.241196
45.2,52.86409
39.2,51.459293
33.0,50.017433
30.6,48.714012
28.8,47.548233
22.6,46.387753
16.6,45.21195
10.6,43.999737
4.4,42.79608
39.6,89.9148
32.6,85.17378
26.6,80.98342
25.4,76.9834
20.6,73.0717
20.0,69.37971
19.8,66.07961
15.4,62.8674
14.2,59.841866
8.2,56.584827
6.6,53.30975
6.0,50.25358
5.8,47.516117
1.6,44.740734
73.4,76.22757
67.4,72.659004
62.0,68.849
61.6,65.16297
57.8,61.491486
51.4,57.738018
48.6,54.09268
44.2,50.55612
40.8,47.19281
34.6,44.00742
32.2,41.134727
26.2,38.386555
20.6,35.85071
20.2,33.759754
18.2,32.048534
17.2,30.699059
15.6,29.623795
14.0,28.762669
13.8,28.07877
10.4,27.463032
10.0,26.973442
3.8,26.40554
14.2,87.43162
8.2,83.78434
2.2,80.108315
119.8,75.467026
113.6,75.99817
108.6,76.669266
108.0,77.23386
107.2,77.700874
106.6,78.10617
101.8,78.44702
99.4,78.74315
95.4,78.95404
89.2,78.986496
86.6,78.81418
81.0,78.404434
79.8,77.86918
73.8,76.96772
68.0,76.0732
60.4,75.16411
54.2,74.30367
53.0,73.55417
47.2,73.00896
39.4,72.712845
38.6,72.40088
32.8,72.34917
27.6,72.68013
24.8,73.56429
22.4,74.54394
16.4,75.18507
12.2,75.520325
11.0,75.785706
10.6,76.01608
9.6,76.12166
8.2,76.09165
2.2,75.56711
1.4,74.77183
0.2,73.62925
182.8,98.94836
176.8,94.81821
171.2,90.78731
166.4,86.59441
162.2,83.478714
156.2,80.8692
149.8,78.28652
148.2,76.00526
143.4,73.987885
142.8,72.36627
136.8,70.73567
130.8,68.927216
124.4,66.813255
119.0,64.47081
113.0,61.896084
107.0,59.076904
105.6,56.380337
103.6,53.87608
97.6,51.36199
91.6,48.773495
85.4,46.089638
79.4,43.229725
73.4,40.600113
69.4,38.268402
66.4,36.270554
60.2,34.441303
58.6,32.890137
52.6,31.493618
51.8,30.387924
51.6,29.542625
47.6,28.792156
44.0,28.139122
37.8,27.576847
36.4,27.134125
36.2,26.764294
34.8,26.423119
34.6,26.163734
32.0,25.94806
25.2,25.738098
25.0,25.604862
19.0,25.421932
13.0,25.242065
7.0,25.08242
1.0,24.895447
22.2,148.98628
16.2,142.56627
14.8,137.8284
8.4,133.56158
5.2,129.88524
5.0,127.24376
49.0,175.60623
46.6,171.0593
45.4,166.72968
44.4,162.3291
42.4,157.17082
39.6,150.44348
39.2,144.04778
39.0,138.42154
38.0,132.83353
36.6,127.43593
35.4,122.31675
32.6,115.91548
32.2,109.658066
29.6,102.51482
27.0,95.55693
26.4,88.98813
23.6,83.724304
20.8,79.09835
18.2,75.169754
15.6,71.3544
14.6,67.61965
14.4,64.11693
13.2,61.009995
9.0,58.104725
7.4,55.448406
4.6,53.013924
1.8,50.69685
1.0,48.57375
0.4,46.699066
94.0,72.1093
87.6,69.89284
81.4,67.54851
75.0,65.048965
69.8,62.63417
45.6,59.002506
40.0,55.116894
35.4,51.364258
35.0,48.081665
31.2,45.187996
31.0,42.793484
13.4,40.28843
10.4,38.092876
7.4,36.233955
5.0,34.69027
16.0,61.70961
15.8,58.944855
15.6,56.388557
15.4,54.040962
14.6,51.881447
14.4,49.98968
13.2,48.32163
13.0,46.877003
12.4,45.630062
11.0,44.607742
7.4,43.466106
4.4,42.08706
4.2,40.794834
3.4,39.59991
3.2,38.5275
3.0,37.56195
1.2,36.45483
0.2,35.401016
76.4,65.49573
72.0,60.885635
71.4,56.635162
70.6,52.844856
63.4,49.032024
56.4,45.20601
50.4,41.557755
48.2,38.483345
43.4,35.704144
42.6,33.47195
40.6,31.668404
38.2,30.180866
35.8,28.99651
31.4,27.914661
30.0,27.025284
29.4,26.369957
20.6,25.585705
18.6,24.91777
14.4,24.319511
11.6,23.778923
8.8,23.277603
6.2,22.801544
5.4,22.39489
3.4,21.989342
1.8,21.605904
0.2,21.243942
187.8,85.77492
180.8,84.32208
174.2,82.668076
168.2,80.92155
161.8,79.016685
155.6,76.77174
149.0,74.278015
143.0,71.54704
136.6,68.71355
130.6,65.855896
129.4,63.166565
124.6,60.66929
118.2,58.1875
117.6,55.839684
116.4,53.661205
110.0,51.45076
104.0,49.02472
98.6,46.630856
98.4,44.489307
91.8,42.44337
85.4,40.33752
79.2,38.22225
73.6,36.226894
72.0,34.514763
65.2,32.94246
65.0,31.664173
59.0,30.396713
55.4,29.231247
49.4,28.021427
45.4,26.934246
44.2,26.024265
41.2,25.209538
35.2,24.43016
28.8,23.662933
22.8,22.953339
16.8,22.299515
10.6,21.773903
9.8,21.356064
7.4,20.99723
5.6,20.706429
2.8,20.441193
111.6,65.17297
110.8,60.66559
107.4,56.360332
105.2,52.310505
105.0,48.805126
104.8,45.89581
93.8,42.529667
81.2,38.377056
79.8,34.65847
78.6,31.632828
68.6,29.069153
68.4,27.193707
58.8,25.50528
58.6,24.202751
58.2,23.240654
57.6,22.54953
54.6,21.921112
53.4,21.384918
52.8,20.951324
52.6,20.594353
49.0,20.24099
47.8,19.899284
45.8,19.579102
43.4,19.271126
36.6,18.858055
31.4,18.476028
29.4,18.197556
23.8,17.96508
20.6,17.756851
18.4,17.594627
2.4,17.478043
0.8,17.390488
128.0,174.19536
122.0,169.55981
116.4,163.71614
115.4,158.27959
115.0,153.73013
110.8,149.57101
107.0,145.87349
101.0,141.28247
97.2,135.96887
96.6,130.82834
93.8,124.996895
93.6,119.57416
87.0,111.74802
81.8,102.22629
77.0,94.13119
76.8,87.8641
72.0,82.02718
64.4,77.819626
63.6,74.56712
63.0,71.35169
56.6,67.871735
49.4,64.54432
43.4,61.367653
37.4,58.062775
36.8,54.80992
33.4,51.56432
32.4,48.425575
28.6,45.43335
25.4,42.60291
25.2,40.010437
19.0,37.640278
17.6,35.499283
15.4,33.800816
11.4,32.34674
8.8,31.09243
6.0,29.90335
4.2,28.898289
1.8,28.069027
15.2,105.029594
8.6,96.78722
7.6,90.41925
5.4,86.37652
18.0,79.47571
11.6,76.71657
5.6,74.06841
148.6,59.417805
142.4,56.722225
139.8,53.720146
133.8,50.27431
131.4,46.593575
125.4,42.62836
122.2,38.661255
119.4,34.9023
113.4,31.319954
113.0,28.326023
112.6,25.94883
112.2,24.091248
110.0,22.579468
108.4,21.40274
105.6,20.430939
104.8,19.684761
101.6,18.990067
101.4,18.475052
97.2,17.94625
93.4,17.448837
88.0,16.96447
82.0,16.516861
75.4,16.110062
74.4,15.861031
68.4,15.627136
63.4,15.439308
63.2,15.350021
57.0,15.239403
51.2,15.158493
50.4,15.147133
47.0,15.135597
46.8,15.160507
42.0,15.154488
41.8,15.194916
35.8,15.201912
35.2,15.270462
29.8,15.321968
28.8,15.412315
28.6,15.515846
28.0,15.609749
22.4,15.667656
19.6,15.738182
19.0,15.829887
17.6,15.9183655
16.8,16.005585
16.6,16.082954
16.0,16.137444
13.2,16.180275
12.4,16.230644
11.8,16.283768
11.2,16.329285
10.2,16.368011
8.4,16.395714
8.2,16.432701
6.4,16.457115
5.0,16.480621
2.2,16.48925
137.4,76.80036
131.0,73.87503
128.2,70.76217
122.2,67.27375
119.0,63.599354
112.8,59.705437
105.8,55.904343
101.2,52.13141
96.4,48.512527
90.0,44.896233
84.0,41.43331
78.0,38.25455
72.0,35.34076
57.4,32.430164
50.4,29.834557
37.2,27.423851
32.8,25.519829
31.6,24.08554
31.4,23.024727
28.6,22.17781
28.0,21.530586
25.2,20.982918
22.4,20.517395
19.6,20.123848
18.8,19.81813
16.0,19.541206
15.4,19.307114
14.6,19.128723
13.4,18.972694
13.0,18.846573
12.0,18.73616
9.2,18.6325
8.6,18.54364
5.8,18.446533
3.0,18.325691
0.2,18.193611
81.0,67.190384
74.8,66.85071
69.8,66.30529
69.0,65.78578
65.4,65.208374
59.2,64.4009
56.0,63.46913
49.2,62.022358
47.2,60.45166
40.4,58.48375
34.0,56.23188
28.0,53.710613
21.2,51.094154
15.2,48.601494
12.6,46.173412
5.0,43.76049
4.0,41.573406
1.6,39.593193
0.4,37.855408
140.4,126.29445
139.4,131.84436
133.4,136.08592
127.4,138.45563
123.0,139.4861
117.6,138.93567
111.6,136.80943
105.4,133.39769
104.6,129.66574
103.6,126.08688
101.8,122.52822
99.6,118.852486
96.8,114.22513
95.0,109.46701
89.6,103.71172
88.4,97.20762
83.4,89.89682
79.4,82.84083
76.8,77.61064
76.6,72.97141
75.2,68.67405
72.8,64.32399
66.8,59.85151
64.6,55.586796
58.6,51.52943
52.6,47.831615
51.2,44.68133
49.6,41.99395
47.6,39.73897
46.6,37.893013
43.2,36.3857
39.2,35.145203
38.6,34.189564
38.2,33.421204
32.2,32.762066
30.2,32.23109
28.8,31.80946
28.0,31.464813
27.2,31.187668
26.2,30.936436
24.6,30.710888
22.0,30.514217
18.2,30.357983
17.8,30.244678
17.4,30.15136
16.6,30.070847
15.4,29.99599
15.2,29.944237
12.6,29.886387
9.2,29.829311
9.0,29.78405
7.0,29.748817
5.4,29.711586
4.2,29.676636
4.0,29.653542
0.2,29.625614
38.6,83.6066
32.0,82.928795
26.0,82.18081
19.6,81.071
15.0,79.586464
13.4,77.97109
12.4,76.477875
11.0,75.182724
10.8,74.111885
44.0,54.76283
37.8,52.062748
36.4,49.47389
35.2,47.064064
29.2,44.5896
27.0,42.275013
23.6,40.02419
19.4,37.87056
18.4,35.94734
18.2,34.275265
12.2,32.47378
8.2,30.720749
5.8,29.173458
4.0,27.819443
2.4,26.597836
1.6,25.545177
0.2,24.660133
134.4,80.19606
130.2,78.52302
127.8,76.70809
126.0,74.95715
125.2,73.35787
119.0,71.36081
114.8,69.02134
111.0,66.442856
107.4,63.706703
106.0,61.037575
103.6,58.449615
97.6,55.636253
91.6,52.456406
90.8,49.35121
84.8,46.07782
82.4,42.96285
78.4,39.97272
74.2,37.031204
73.8,34.507618
72.4,32.370262
67.4,30.347973
62.8,28.497063
60.0,26.893784
57.4,25.495487
52.0,24.141632
46.0,22.828537
40.0,21.550774
37.8,20.456963
35.0,19.521713
29.0,18.621834
26.2,17.871101
25.0,17.274055
21.2,16.735672
19.6,16.283722
17.8,15.906395
15.8,15.580383
9.8,15.236092
8.6,14.996094
6.4,14.79705
6.2,14.654366
6.0,14.535263
5.8,14.442284
3.6,14.328171
2.8,14.24295
1.2,14.17131
128.0,83.30014
122.0,81.58656
119.2,79.882065
116.0,78.05935
109.8,76.03826
103.8,73.70589
100.0,71.199745
99.2,68.768
93.2,66.167175
86.0,63.302017
80.0,60.064095
77.0,56.672245
70.8,53.03858
67.4,49.43233
65.6,46.084843
65.0,43.167446
59.0,40.277245
52.6,37.340836
46.6,34.53021
40.6,31.97105
38.4,29.799278
32.4,27.912537
29.8,26.399323
28.2,25.21703
26.4,24.278412
25.0,23.54058
20.6,22.85775
14.6,22.227104
8.6,21.61316
2.6,21.017159
46.4,50.922615
43.8,47.193043
43.6,43.893085
40.2,40.775852
37.4,37.92442
33.8,35.20767
24.8,32.806538
22.6,31.010769
22.2,29.78294
18.0,28.810436
13.6,28.087189
10.2,27.543785
8.8,27.06923
7.6,26.781551
6.2,26.59451
21.8,85.4531
21.0,84.29381
15.0,82.91129
9.8,80.94862
8.6,78.64894
2.6,76.32513
1.0,73.96964
0.8,71.78088
82.2,52.895058
76.2,49.787697
70.2,46.367973
67.4,43.049957
64.0,39.948467
58.0,36.93198
55.6,34.323025
54.4,32.193436
52.2,30.456394
50.8,29.073006
44.8,27.705212
40.4,26.488335
35.4,25.467236
35.2,24.744556
30.4,23.948486
27.6,23.28788
21.6,22.579102
20.8,22.051079
17.8,21.566177
17.0,21.220932
15.8,20.939339
15.6,20.742134
14.2,20.568558
9.4,20.306404
8.0,20.110603
2.0,19.791183
0.2,19.53923
94.0,37.17364
88.8,34.438705
87.0,32.170002
86.6,30.460945
85.2,29.14753
83.2,28.11396
80.6,27.23669
68.4,26.133564
68.2,25.331898
58.6,24.576344
56.2,24.017899
56.0,23.63623
55.8,23.365639
49.6,22.921143
48.6,22.64286
48.4,22.463287
39.8,22.279388
33.4,22.111465
33.0,22.031105
32.8,22.004341
32.6,22.002335
31.6,22.011307
30.0,22.034256
27.6,22.051567
25.8,22.080246
24.6,22.120354
18.8,22.109764
10.2,22.051117
8.2,21.998154
5.4,21.920029
2.6,21.817375
44.6,47.90625
43.4,45.806583
42.0,43.832367
40.6,42.00694
37.8,40.307518
35.0,38.626938
32.2,36.606228
30.0,34.477512
21.8,31.933464
21.0,29.745316
19.6,27.948189
11.8,26.32116
9.8,25.092278
4.0,24.018753
1.2,23.179756
59.6,70.221756
57.4,68.43521
53.0,66.67079
52.8,64.99822
45.0,62.51258
40.2,59.50278
37.6,56.340202
32.6,52.975838
30.4,49.720028
24.6,46.439514
21.2,43.417503
19.2,40.707756
15.8,38.25779
13.8,36.04056
6.0,33.75739
1.0,31.674622
73.0,59.167633
70.8,56.477417
70.6,53.99856
67.6,51.693474
66.6,49.63124
59.8,47.55158
53.8,45.4427
49.8,43.428642
49.6,41.648415
49.4,40.157974
49.0,38.891632
43.0,37.60506
41.4,36.40204
40.8,35.382233
38.2,34.471603
33.8,33.492596
33.0,32.606827
27.0,31.594833
21.6,30.393982
21.0,29.343906
15.0,28.130783
9.0,26.842155
3.2,25.507751
2.2,24.390495
3.6,78.06878
1.4,74.339874
105.2,56.882256
101.6,52.179417
97.6,47.944668
96.0,44.173508
89.8,40.662758
89.6,37.70076
81.4,35.09775
75.4,32.752087
74.4,30.860134
68.4,29.250278
65.2,27.981972
64.2,27.020416
64.0,26.296562
57.6,25.612171
51.6,24.813679
45.6,24.01857
39.4,23.355766
35.2,22.810905
29.2,22.33857
27.8,21.970337
27.6,21.682594
21.2,21.368286
15.2,21.043694
9.2,20.757065
5.4,20.497368
151.0,84.0355
145.4,83.5617
142.8,83.14322
136.8,82.54716
135.0,81.77755
129.0,80.31996
125.6,78.54254
122.6,76.68572
121.8,74.92712
121.6,73.352516
120.2,71.71712
119.0,70.106995
113.8,68.22255
113.6,66.29012
107.6,64.00188
101.6,61.391357
95.4,58.462185
94.6,55.640877
88.4,52.686916
87.8,49.827164
86.8,47.057446
80.8,44.068634
78.0,41.100727
72.4,37.94817
72.2,34.97451
68.4,32.21907
68.0,29.912361
67.0,28.011292
66.6,26.442139
64.0,25.106544
62.8,24.034134
57.4,23.006142
56.0,22.161568
54.0,21.415794
49.2,20.703964
49.0,20.14428
48.8,19.701149
46.0,19.294739
45.6,18.960365
42.0,18.658546
41.8,18.407318
40.4,18.191887
39.8,18.005486
35.0,17.82026
34.6,17.646278
34.4,17.504555
34.2,17.379639
33.4,17.254906
33.2,17.156937
32.8,17.067673
26.8,16.808975
20.2,16.500053
15.2,16.215378
11.0,15.90744
8.0,15.60305
7.0,15.357971
6.8,15.184174
2.6,14.987663
50.6,70.961395
49.6,69.56866
46.8,68.11107
43.8,66.49869
42.6,64.8913
38.6,62.88463
37.4,60.79961
34.4,58.59144
31.6,56.2732
23.8,53.70577
18.8,50.989155
15.8,48.32425
11.2,45.715958
3.8,43.044945
3.6,40.611042
0.4,107.65426
96.2,61.03322
95.2,59.20041
89.2,57.57672
83.2,56.018353
77.0,54.355507
71.0,52.540195
69.8,50.74005
67.0,48.965904
63.8,47.239307
62.8,45.667713
56.8,44.033558
56.0,42.481667
50.0,40.913338
49.0,39.446
43.2,37.98309
37.2,36.50417
30.8,35.131832
28.8,33.96987
28.6,33.073483
22.4,32.291965
16.4,31.63726
13.2,31.093185
12.0,30.68872
9.2,30.37799
2.8,30.063805
2.4,29.84177
1.4,29.647934
1.0,29.487194
123.8,76.641174
121.4,74.70032
118.6,72.78871
117.6,71.057785
114.6,69.47126
111.2,67.94129
108.4,66.47145
105.6,65.01053
102.8,63.434727
101.6,61.849586
101.4,60.389793
99.8,59.023026
97.0,57.731094
96.0,56.56553
92.4,55.53877
91.8,54.644653
91.0,53.87806
87.8,53.132607
85.0,52.23972
84.2,51.319866
83.6,50.435314
82.8,49.59611
82.0,48.825706
81.4,48.10604
78.6,47.355034
78.0,46.622475
77.2,45.893738
76.4,45.21758
75.8,44.563366
73.0,43.851055
72.2,43.175934
71.6,42.528587
68.8,41.81961
68.0,41.13132
67.4,40.478516
65.8,39.799133
65.2,39.126835
62.4,38.25504
59.6,37.31754
56.8,36.25813
56.2,35.264744
53.4,34.27528
52.6,33.36815
51.8,32.541317
50.4,31.779236
49.8,31.12387
49.0,30.54633
48.4,30.04147
45.6,29.32235
45.4,28.690517
45.2,28.180935
45.0,27.752426
43.4,27.31794
42.2,26.884796
40.8,26.492165
40.0,26.169292
37.2,25.816704
36.6,25.501064
34.2,25.17096
31.4,24.80241
28.6,24.42318
27.2,24.087685
24.4,23.76384
21.8,23.42942
19.0,23.132484
16.8,22.84652
14.0,22.553078
11.2,22.232437
10.6,21.999603
10.0,21.778664
8.6,21.553802
7.2,21.30703
7.0,21.10212
6.0,20.877861
3.2,20.632462
0.4,20.342026
23.6,66.86208
18.4,65.8904
12.8,65.22535
7.6,64.94803
2.8,64.87964
1.8,65.16509
50.0,161.65775
43.6,158.90552
43.4,156.37201
40.6,153.75034
36.4,150.84038
30.4,147.01427
24.0,142.33269
18.0,137.06253
11.4,131.33475
5.4,125.323074
1.0,119.78706
0.2,115.58357
28.0,52.185867
27.6,50.487583
24.8,48.762474
22.0,46.98971
19.2,45.275387
16.4,43.638714
13.6,42.128433
10.8,40.698475
9.8,39.40148
6.8,38.296333
6.4,37.339046
3.6,36.41321
1.6,35.539906
0.2,34.73591
249.8,219.95453
248.6,215.05463
248.2,210.62263
247.2,206.7728
246.8,203.4808
240.0,199.18372
238.0,194.33095
231.8,188.81749
225.4,181.57132
219.0,173.03339
213.2,163.56552
210.0,154.04741
201.6,143.706
196.0,133.39297
189.8,123.38249
188.4,114.4521
187.0,106.32698
184.0,99.011635
182.4,93.4526
180.0,89.52988
179.6,86.9537
179.4,85.03895
173.0,82.83763
168.2,80.56053
161.2,78.41915
158.4,76.40685
157.6,74.652145
151.6,72.8541
148.6,71.13344
147.8,69.683464
147.2,68.502045
146.4,67.56349
145.8,66.85603
145.6,66.31477
139.4,65.81796
133.4,65.13009
128.2,64.22945
122.2,62.97976
115.4,61.432175
112.6,59.812275
111.6,58.246994
105.6,56.569405
99.6,54.803753
92.0,52.901905
88.0,51.138203
82.6,49.488575
70.6,48.01518
54.8,46.83197
51.2,45.871998
50.0,45.143833
38.2,44.288185
37.2,43.6302
13.2,56.510597
8.4,51.136757
7.6,46.556084
4.0,42.590244
0.4,39.186474
111.0,145.70639
105.2,140.43393
102.0,135.29776
95.6,129.92697
90.0,124.19576
84.0,118.33376
77.6,112.420845
73.4,106.69005
71.8,102.11644
68.2,97.92767
61.6,93.86879
59.0,90.76295
52.4,87.260735
46.4,83.502365
40.4,80.303734
37.0,77.6483
36.6,75.542206
36.4,73.737526
34.0,72.00615
33.2,70.384865
32.8,68.95923
32.6,67.715
32.4,66.63635
32.2,65.69745
32.0,64.87877
31.4,64.14094
31.2,63.50056
31.0,65.787346
30.8,65.74429
30.6,64.98913
30.0,64.01261
29.8,63.056637
29.6,62.220062
29.4,61.524994
29.2,60.90989
27.2,60.351532
21.2,59.55534
14.8,58.433327
8.8,56.98695
5.8,55.42936
0.2,53.692993
233.0,195.33789
221.2,187.49834
219.0,180.68475
218.0,175.87714
217.0,173.23242
216.0,172.27788
215.0,172.45227
214.0,173.25723
213.0,174.2794
212.0,175.16103
210.8,175.84431
208.0,175.92586
205.2,175.55263
202.2,174.67778
199.4,173.39429
197.6,172.01953
194.8,170.59996
192.0,169.09102
188.6,167.24182
180.6,164.26846
177.8,161.25111
175.0,158.60211
172.2,156.49957
169.4,154.78688
168.6,153.8139
166.8,153.15778
164.0,152.34424
160.0,150.77403
157.0,148.8314
153.4,146.74326
150.6,145.12675
146.2,144.06317
142.8,143.5156
140.0,143.2959
136.6,142.51065
133.8,141.4255
131.0,139.66656
128.0,137.15964
125.2,133.91245
119.6,129.359
119.2,124.968025
116.4,120.86537
113.6,116.30901
110.8,111.52651
107.6,107.12872
104.8,102.74498
102.2,98.14398
99.6,93.884094
97.6,90.275055
92.4,86.390625
45.6,77.8069
43.6,69.0869
36.8,60.174118
0.4,50.584404
210.0,154.1263
205.2,148.94183
199.6,143.12338
199.0,138.6549
170.4,135.82474
169.6,134.42035
165.2,132.90189
164.2,131.60913
160.0,129.59149
158.0,127.1622
154.8,124.24554
151.6,120.76722
147.6,116.69066
141.4,111.137276
136.2,104.03967
130.0,96.727905
123.8,90.56599
117.8,85.72587
111.8,81.88537
106.8,78.0172
102.4,74.23051
102.2,70.838806
97.2,67.50201
91.0,64.14188
79.0,60.412407
75.6,56.77511
73.8,53.46558
73.2,50.538418
72.8,48.016552
72.2,45.80637
68.6,43.853157
65.6,42.06238
64.2,40.471336
63.4,38.97518
63.2,37.76216
57.2,36.57334
55.6,35.53989
49.6,34.514732
47.0,33.60466
40.8,32.732155
34.6,31.916115
32.4,31.176308
26.4,30.497658
24.0,29.91975
22.8,29.465717
18.4,29.059532
17.4,28.735577
11.4,28.420212
5.4,28.10289
3.8,27.829979
3.6,27.622665
3.2,27.47258
3.0,27.364552
2.2,27.282402
1.4,27.235737
167.8,76.939186
163.6,72.74669
157.6,68.50012
151.6,64.25445
150.8,60.518414
149.6,57.089886
147.6,53.98716
146.8,51.165348
143.4,48.301304
137.4,45.398838
131.2,42.52788
125.2,39.689556
119.2,36.932133
112.6,34.648716
110.8,32.74158
110.4,31.183304
109.2,29.938744
105.8,28.960773
97.0,28.164265
91.0,27.301105
85.4,26.575394
79.2,26.030403
76.0,25.623188
70.6,25.327835
69.4,25.083282
67.8,24.874836
67.2,24.70887
63.4,24.541092
57.0,24.358292
52.2,24.147003
49.2,24.023499
49.0,23.915192
47.6,23.836243
45.0,23.781288
40.0,23.728676
39.8,23.68657
38.8,23.646385
32.8,23.637146
31.2,23.641502
29.6,23.664268
28.6,23.6838
27.8,23.694092
22.8,23.677528
19.0,23.666206
14.6,23.659332
13.8,23.656075
13.6,23.645363
7.6,23.612007
4.8,23.630302
1.6,23.656311
44.6,45.54832
39.4,42.806877
38.6,40.434452
32.8,38.010677
27.2,35.816963
21.2,33.723267
15.2,31.792854
14.2,30.355347
13.0,29.282532
11.2,28.371658
11.0,27.718338
10.8,27.223614
6.4,26.60384
5.8,26.181633
3.6,25.769714
2.2,25.445644
278.2,146.20927
272.6,142.93942
266.6,138.58466
260.6,134.55486
258.0,131.29065
253.8,128.2223
250.4,125.113075
241.0,121.333694
235.0,116.49517
229.0,110.946014
228.0,105.68396
227.8,101.43036
221.4,97.79099
218.6,94.49949
211.6,91.5987
206.8,88.57778
200.8,85.675644
194.6,83.245125
188.2,80.5938
182.0,77.59132
181.0,74.69718
180.8,72.07289
174.8,69.20433
168.8,66.60385
162.2,63.7353
155.8,60.6316
150.8,57.426964
149.8,54.302505
147.2,51.23527
141.2,48.21229
135.8,45.224453
135.4,42.52703
130.6,39.9711
127.2,37.617443
124.6,35.569008
124.2,33.89101
119.2,32.32967
115.0,31.003159
109.6,29.846432
104.0,28.779633
99.8,27.851719
93.0,27.044617
92.4,26.409187
92.2,25.920734
87.0,25.454407
85.8,25.08096
81.0,24.705242
75.8,24.351097
74.2,24.05722
68.2,23.74681
67.2,23.500366
61.2,23.233704
55.2,22.980957
54.6,22.785095
50.8,22.594353
49.0,22.428604
48.8,22.308266
48.6,22.214844
42.2,22.079216
36.6,21.930748
30.6,21.768616
27.0,21.61303
20.8,21.33757
14.4,21.153679
8.0,21.16291
7.0,21.121918
6.8,21.066132
6.6,20.990982
5.6,20.903687
4.4,20.816345
3.8,20.729202
2.0,20.650742
30.6,122.51578
19.6,113.82411
17.8,105.94117
17.0,100.04626
15.8,95.826355
14.2,93.186386
10.0,90.70183
4.0,87.695885
183.2,233.41959
182.2,240.96494
181.2,242.35721
180.8,244.63318
172.6,245.99014
169.4,247.6351
169.2,250.67285
162.8,252.37283
161.0,253.61597
159.2,254.32672
158.4,254.61627
155.8,254.02972
155.2,253.36197
154.4,252.82516
154.2,252.32385
148.2,249.28427
146.0,245.55035
145.8,240.63641
144.4,235.4719
144.2,230.46231
144.0,226.11758
142.8,224.11203
136.4,217.4985
130.4,208.41699
124.4,196.91403
123.0,185.30983
117.0,172.39514
111.0,158.51273
109.8,145.72264
103.8,132.92244
103.6,120.58263
97.6,107.91941
91.6,94.788155
85.6,82.6715
84.0,75.308044
82.6,69.64539
82.4,65.23563
78.8,60.844864
72.8,56.45991
71.6,52.283897
66.4,48.175777
65.8,44.445423
59.8,40.851173
57.8,37.93301
55.2,35.581413
50.2,33.585346
44.2,32.203503
38.2,31.33356
36.4,30.60558
35.6,30.103085
35.4,29.720737
29.4,29.237122
25.4,28.866642
25.0,28.58258
19.0,28.21011
13.0,27.840076
7.0,27.506226
4.2,27.243446
1.6,27.021805
148.4,170.37497
139.4,163.28679
139.0,158.34833
134.4,154.69623
128.0,151.57309
122.0,148.64462
116.0,145.73871
113.2,143.45433
107.0,140.87611
101.0,137.88988
94.4,134.67659
92.4,132.01796
86.4,128.79349
80.4,125.35695
76.2,121.066635
71.2,114.351166
70.6,106.95611
64.6,97.96437
51.6,89.483475
45.4,83.70415
39.4,78.65529
33.4,73.18874
27.2,67.59369
21.2,62.066696
16.4,56.724724
15.6,51.784157
13.8,47.22087
7.8,43.045002
1.8,39.22424
141.4,154.82281
135.4,148.13864
129.0,141.86841
120.6,136.01715
114.4,130.15903
108.2,124.345474
102.2,118.241806
95.6,112.196526
89.8,106.398796
89.0,101.62216
83.0,97.37127
70.4,92.39316
64.4,87.46363
57.8,83.25828
51.8,79.21286
45.8,75.202446
44.6,71.39635
39.2,67.36958
38.8,63.526688
32.6,59.60125
26.4,55.75317
20.0,51.74178
13.8,47.813004
4.6,44.068485
3.8,40.81475
2.4,38.059444
214.8,77.97119
212.2,75.05539
211.8,72.40177
205.8,69.51449
199.8,66.28748
195.0,62.879627
194.8,59.616737
192.8,56.575333
187.6,53.508015
181.6,50.338234
176.2,47.2519
176.0,44.544838
170.0,42.07121
164.0,39.780922
160.6,37.813324
154.4,36.027214
148.2,34.45479
143.8,33.109528
143.6,32.067062
137.4,31.10334
131.4,30.233776
130.6,29.603981
123.8,29.041355
117.2,28.560925
116.6,28.258965
113.6,28.05157
112.8,27.956158
106.8,27.87445
101.4,27.800201
99.6,27.799953
93.6,27.770763
86.6,27.745895
80.6,27.703129
74.6,27.662552
72.6,27.648346
72.2,27.670025
69.6,27.682701
63.6,27.583153
57.6,27.39943
54.8,27.195469
54.0,27.010536
53.6,26.878925
44.8,26.587559
32.4,26.161541
25.4,25.726368
13.8,25.20713
13.4,24.803463
187.2,161.02982
173.0,153.63522
169.4,148.7774
163.4,145.20035
156.6,142.59949
150.6,140.24393
144.4,138.03854
133.0,134.90298
132.8,133.0776
126.8,131.65973
120.6,129.98842
114.8,128.04353
102.4,124.895294
100.8,122.233826
93.0,119.15601
90.6,116.54076
87.6,114.45639
81.4,112.24851
75.2,109.28625
69.8,106.21787
59.4,101.7685
53.2,97.47463
49.2,92.92096
45.6,89.59451
43.6,86.511536
43.4,84.1294
38.0,81.9682
32.0,79.74161
25.4,77.11874
19.4,74.08969
15.6,70.844894
9.6,67.43564
3.6,63.647713
1.6,60.138435
139.0,101.06049
138.6,96.979805
132.8,93.61356
130.0,91.029305
128.8,89.11002
127.4,87.74995
127.2,86.84412
121.0,85.676605
116.2,84.22855
110.0,82.39839
104.0,80.03378
98.0,77.434906
91.8,74.47096
87.8,71.32294
83.4,68.03196
81.2,64.865295
76.4,61.6913
73.6,58.553787
69.8,55.344536
66.4,52.271866
63.0,48.799507
62.8,45.733967
61.4,42.937122
58.6,40.314114
52.6,37.56353
51.8,35.199703
45.4,32.930943
39.4,30.755173
36.4,28.851448
33.6,27.17844
27.4,25.587269
23.6,24.331703
17.4,23.260963
15.4,22.430351
9.0,21.665237
5.0,21.043938
194.8,220.11511
193.8,222.30896
192.4,223.44766
189.6,223.25836
186.8,221.66064
184.0,218.85007
175.6,214.9693
168.4,211.01733
167.8,207.41475
167.6,204.52869
162.4,202.13011
159.6,199.44641
154.0,195.33066
151.2,190.538
148.4,185.56508
145.6,180.47932
142.0,175.39655
138.4,170.44624
135.6,165.82243
135.0,162.02243
132.2,158.78738
130.2,155.93224
129.6,153.5936
126.8,151.081
124.0,148.14148
121.2,144.87024
118.4,141.43571
115.6,137.83086
110.0,132.9917
107.2,127.243286
104.4,121.05301
101.6,114.72005
98.8,108.422226
96.0,102.18462
93.2,96.91199
90.4,92.04998
86.0,87.7547
82.8,83.94802
76.2,80.38358
73.4,77.08272
70.6,73.822136
67.8,70.63916
65.0,67.53022
62.2,64.52053
59.4,61.642853
56.6,58.868523
51.8,56.26577
32.8,53.308468
25.6,50.19323
8.8,46.41288
5.2,42.842045
3.8,39.663746
3.6,36.994144
76.2,27.498276
76.0,24.002083
75.6,21.558601
29.8,19.702583
29.4,18.48516
194.8,204.41043
194.6,204.29364
191.8,203.07722
189.0,200.82681
186.2,197.6192
183.4,193.54533
180.8,189.02364
177.8,184.61938
172.2,180.21887
163.6,175.83093
160.6,172.04645
159.8,169.46469
157.0,167.45508
156.2,166.47517
155.2,166.23117
152.4,166.06888
146.6,165.59308
143.8,164.9327
141.0,164.1005
138.2,163.17767
135.4,161.60909
133.6,159.4572
133.0,157.48088
130.2,155.45389
127.4,153.35757
124.4,151.74083
121.6,150.23389
118.8,148.51761
116.0,146.55861
113.2,144.78723
110.4,142.66072
107.6,140.07323
102.6,136.88211
97.6,132.77994
92.6,129.00037
89.8,125.04646
86.6,120.93225
82.6,116.8268
79.6,112.58599
76.8,108.08473
73.8,103.70203
71.0,99.21798
67.0,95.44718
64.2,92.26959
49.0,88.409035
46.0,85.177956
39.2,81.92393
37.0,79.323975
34.8,76.853035
5.6,72.77106
184.8,106.76227
178.6,102.057144
172.4,97.471695
166.4,93.85015
165.4,91.26285
162.4,89.189026
162.0,87.695404
155.6,86.13855
149.6,84.22203
147.0,82.40059
140.6,80.267365
134.6,77.65854
128.6,74.854225
127.4,72.13413
121.2,69.36192
115.0,66.48312
109.0,63.485355
103.0,60.403587
97.6,57.28024
96.6,54.405483
93.8,51.74121
87.8,49.197823
83.0,46.84507
82.2,44.72564
81.4,42.818073
81.2,41.203293
75.8,39.628143
69.8,38.068027
63.8,36.541225
57.8,35.154945
57.6,34.073322
51.6,33.057896
46.6,32.15631
46.2,31.429863
42.0,30.717667
41.6,30.128044
35.4,29.465012
33.6,28.892403
33.2,28.422703
32.4,28.030266
20.4,27.406677
15.0,26.90918
12.0,26.47908
6.0,26.01965
1.6,25.55391
0.2,25.145626
262.2,128.19305
256.8,123.94568
254.8,120.84473
251.6,118.4901
245.4,116.056114
239.0,113.34682
234.8,110.572464
228.8,107.66995
222.6,104.783646
220.4,102.22651
219.0,100.00619
212.8,97.6147
206.6,95.1103
198.0,92.15998
191.8,88.59282
185.8,85.35302
182.8,82.80284
182.6,80.53485
175.8,78.17432
169.4,75.33545
163.2,72.06665
158.4,68.64422
152.4,65.0051
148.2,61.305397
146.2,57.683434
140.0,54.01215
134.0,50.39722
125.6,46.799618
123.2,43.478672
117.2,40.387768
111.8,37.543705
109.8,35.093884
104.4,32.977974
98.2,31.087894
91.6,29.37761
85.4,27.880482
83.2,26.614784
76.8,25.463089
74.8,24.567806
73.4,23.864212
73.2,23.341286
72.6,22.936157
66.6,22.558502
65.8,22.268135
64.0,22.026863
63.8,21.843018
61.0,21.676224
54.6,21.514732
48.6,21.349983
47.6,21.228539
41.6,21.116982
37.0,20.997704
35.0,20.905663
34.8,20.837952
29.4,20.75328
23.4,20.658234
17.4,20.546745
11.4,20.43795
9.4,20.361
3.4,20.258507
1.2,20.19152
16.0,217.10837
10.0,214.1068
3.2,210.29053
0.4,206.38602
0.2,203.27264
241.6,180.01172
241.4,182.37524
235.4,183.67108
229.4,183.51224
223.2,181.96057
217.0,179.7015
212.4,176.92233
206.4,173.63089
202.8,170.55641
202.6,168.41728
202.2,167.16708
202.0,166.6174
195.0,165.16663
189.0,162.91423
180.2,159.4183
174.0,155.53952
168.0,151.29086
165.6,147.54073
159.4,143.67871
153.2,139.38708
150.2,135.25314
150.0,131.93243
147.8,128.94759
144.2,126.23285
138.2,121.895645
132.0,115.61238
125.8,108.21923
119.6,100.40283
116.4,93.555916
113.0,88.773155
111.2,85.204605
104.8,82.09178
98.4,79.32944
92.4,76.61106
86.4,73.719215
83.6,70.88985
80.8,68.09306
80.6,65.554924
80.4,63.249138
73.4,60.7427
67.4,58.04129
59.4,55.021435
52.8,51.819954
46.8,48.530346
45.2,45.27173
39.0,42.33226
32.8,39.6533
10.4,36.873013
9.8,34.492695
7.8,32.547443
5.4,30.977749
5.2,29.762005
4.6,28.821499
0.2,27.945564
135.6,186.175
134.6,186.13663
128.6,185.24408
122.6,182.42514
116.4,178.27267
110.0,173.01187
107.0,167.82504
102.4,163.25224
97.8,158.83502
96.2,155.651
90.0,152.21127
84.0,148.22632
79.8,144.57404
73.8,140.90318
67.4,136.88875
64.6,133.64142
64.2,131.87155
57.8,130.0483
56.8,128.72853
50.4,126.688835
44.4,123.75554
39.4,120.30422
36.2,116.78045
35.0,113.96311
29.0,110.80595
27.4,108.42267
20.8,105.831276
14.2,102.57333
8.2,98.72982
2.6,94.913155
0.2,91.47455
112.4,270.1716
111.4,270.94452
110.4,271.53577
109.4,271.68274
108.4,271.3078
107.4,270.5924
106.4,268.8883
103.6,266.61206
97.2,263.371
95.0,259.5813
91.4,255.27658
88.6,250.51614
85.8,244.88605
83.6,238.88455
83.2,233.11395
82.6,227.64062
74.2,219.89297
71.0,211.38031
68.2,202.72803
65.4,194.6802
62.6,187.52689
61.2,181.82095
58.4,177.17856
55.6,173.6031
52.8,170.78531
50.0,167.95413
47.2,165.2864
44.4,162.6818
38.8,159.03442
36.0,155.21936
32.0,151.39076
31.8,148.66779
28.8,146.50229
26.0,144.33762
23.2,142.11981
20.4,139.78577
17.6,137.32025
14.6,134.46288
11.8,131.267
9.0,127.74128
5.4,123.869286
2.6,119.51512
274.2,135.8321
272.8,132.89345
272.4,131.4967
259.6,127.673645
257.8,123.94614
252.0,119.58174
251.8,116.53942
245.6,113.19388
244.4,110.75013
238.4,107.9715
235.4,105.80347
234.6,104.832275
232.2,104.08744
231.4,104.06182
225.4,103.40157
219.2,102.0755
213.2,99.88808
201.0,95.835625
197.4,91.71609
191.4,87.25374
189.0,83.42752
188.4,80.48608
188.0,77.98473
182.0,74.76755
176.2,71.235886
172.4,67.78062
166.4,64.217094
165.8,60.882366
165.2,57.88748
156.6,54.666523
153.2,51.68323
151.2,49.031075
151.0,46.81879
146.0,44.654545
140.2,42.667202
137.6,40.96357
131.6,39.422333
125.2,37.97762
119.2,36.63948
115.0,35.445583
113.8,34.487164
112.8,33.70737
106.8,32.92856
102.8,32.231594
98.4,31.5406
96.8,30.944328
96.6,30.47607
93.8,29.994617
92.4,29.5997
91.0,29.26411
85.6,28.818974
85.4,28.463516
83.4,28.129856
78.8,27.768246
78.4,27.485325
77.8,27.269943
71.8,26.926537
70.6,26.632862
69.0,26.372005
63.0,26.01062
61.8,25.71902
60.2,25.460896
59.6,25.260677
59.4,25.107597
53.4,24.840988
47.4,24.498138
41.4,24.118568
39.6,23.805069
36.8,23.507004
31.6,23.18444
25.6,22.81601
20.4,22.43888
16.2,22.118843
13.2,21.852913
10.4,21.58879
4.4,21.270264
0.2,20.997673
278.6,155.43372
276.4,150.3719
276.2,147.1209
270.0,143.94601
264.0,139.99889
258.6,135.74875
252.6,130.72807
246.4,124.93818
234.4,117.827866
228.2,110.3358
227.4,104.5751
227.2,100.99141
226.8,99.41911
220.8,97.97508
218.0,96.61038
217.0,95.656296
211.0,94.07111
205.0,92.12796
199.8,89.745255
199.6,87.76018
199.4,86.31583
193.2,84.68856
181.0,82.11964
178.6,79.61874
177.6,77.36717
171.6,75.16014
167.6,73.019875
163.6,70.913826
157.6,68.58628
154.6,66.23374
152.6,64.03716
146.6,61.79461
139.8,59.35497
135.8,56.70302
130.2,53.950417
129.4,51.376785
129.2,48.95604
125.0,46.580517
123.6,44.399
119.0,42.328075
107.0,40.059757
102.8,37.906643
102.0,35.97409
91.8,34.09554
91.0,32.523323
90.4,31.239815
84.4,30.071766
82.0,29.058414
79.8,28.212284
79.4,27.536915
73.4,26.8656
69.4,26.243164
64.8,25.652187
58.8,25.096535
49.8,24.484581
49.6,24.017601
48.8,23.65966
39.8,23.237076
12.6,22.570953
9.6,22.073189
9.2,21.725708
8.0,21.461342
6.8,21.252762
2.6,21.04705
0.8,20.86792
0.4,20.736626
183.0,132.98804
176.8,122.290634
170.6,112.17075
164.4,102.90999
159.8,94.97035
159.0,89.57094
151.6,85.840904
145.6,81.90071
139.6,78.51277
133.4,75.27591
127.4,71.87879
121.4,68.26361
115.8,64.66804
114.0,61.283607
112.8,58.156082
106.8,54.82232
100.8,51.29527
99.4,47.968056
93.4,44.72926
92.6,41.857548
89.2,39.287712
82.8,36.94012
77.2,34.883793
76.4,33.221928
76.2,31.902096
73.2,30.788876
67.0,29.795792
61.4,28.863136
55.0,27.970798
43.2,27.125118
41.8,26.380192
35.4,25.679127
29.4,25.00636
25.6,24.385643
22.8,23.86129
18.8,23.446922
12.8,23.14257
10.2,22.919456
4.2,22.82026
0.2,22.793564
254.6,156.96194
254.4,156.64798
251.8,155.98215
251.6,155.46954
245.6,153.81873
242.8,151.59282
239.8,149.06671
233.6,145.88025
229.4,142.26445
226.0,138.74295
224.6,135.93651
219.6,132.82817
213.4,129.24728
207.4,125.10083
201.4,120.67293
195.2,115.99539
189.2,111.45378
188.4,108.30187
186.0,106.07958
179.8,103.613556
174.8,100.37252
174.6,97.97508
168.6,95.34056
162.6,92.636696
156.6,89.89267
150.2,86.87683
146.0,84.02736
145.8,81.94628
139.2,79.65737
134.0,77.08992
127.8,74.30322
121.8,71.559814
117.6,69.08967
115.8,66.80573
113.0,64.79527
112.6,63.120575
111.2,60.92661
104.8,58.514973
98.6,56.043766
92.6,53.42766
86.6,50.66226
80.2,47.864754
74.2,45.166576
68.2,42.51677
66.2,40.137783
64.0,37.98492
63.0,36.144978
59.2,34.46396
58.0,33.052376
53.2,31.295956
43.6,29.810646
43.0,28.476734
42.6,27.260029
42.2,26.261642
30.2,25.110138
23.0,24.054756
20.0,23.436195
19.6,22.748528
19.4,22.242271
18.8,21.86309
11.6,21.488197
8.8,21.200386
6.0,20.952477
3.2,20.73986
0.4,20.552345
243.0,167.17047
237.0,165.65439
231.0,164.83633
224.8,163.33609
218.8,160.56593
212.8,156.93953
206.4,153.33536
200.4,149.50746
199.4,146.43631
194.8,143.40817
192.4,140.76822
191.4,138.70862
185.2,136.01831
179.2,132.43042
174.2,128.32979
168.2,123.71334
165.6,119.53992
162.2,115.82849
162.0,113.05923
156.0,110.225945
150.0,106.71079
148.4,103.283905
147.8,100.56922
147.2,98.382
146.2,96.68226
145.8,95.22734
143.2,93.73718
137.2,91.69707
131.0,89.51992
127.8,87.47758
127.4,85.63639
121.2,83.90553
119.2,82.297134
119.0,80.94622
112.8,79.49891
106.8,77.89583
105.8,76.41467
102.2,74.895615
102.0,73.51468
100.0,72.174614
99.8,70.917915
99.4,69.817726
93.2,68.6232
87.2,67.36336
81.2,66.01308
75.0,64.551605
70.0,62.935127
63.8,61.139984
57.8,59.18606
51.8,57.05111
46.4,54.781643
42.8,52.473957
41.8,50.301247
41.6,48.36866
37.0,46.43146
36.8,44.750156
33.6,43.206203
27.4,41.66896
21.4,40.157166
15.4,38.713432
9.2,37.342335
3.2,36.054176
0.8,34.895958
170.8,158.64514
168.2,151.41754
162.2,144.12082
150.0,136.1761
148.2,128.82843
142.2,122.02841
136.2,115.76596
130.0,109.26883
127.0,103.37096
126.8,98.866005
120.6,94.903435
116.6,91.17367
110.4,87.38961
105.2,84.10595
99.2,81.13477
95.4,78.40166
91.2,75.6836
91.0,73.368126
89.0,71.3624
85.0,69.70358
79.0,67.991806
72.8,66.15955
66.8,64.20198
60.8,62.054966
54.8,59.986755
48.8,57.910515
42.8,55.919308
40.2,54.16093
36.4,52.53887
35.8,51.242023
29.8,49.96132
23.8,48.523846
21.2,47.019638
15.0,45.61895
9.0,44.061325
3.0,42.145187
1.4,40.19938
59.0,99.4248
53.0,92.64326
47.0,87.35114
40.8,83.142914
28.8,79.79263
22.8,76.1689
16.8,72.715454
16.0,69.74316
10.0,66.99284
4.0,64.448494
0.2,61.80593
151.8,171.82913
143.4,168.64917
138.2,163.90314
132.2,158.06204
126.0,151.58981
119.6,144.7122
113.6,137.61351
107.6,130.55951
103.2,123.43732
101.4,117.55087
95.4,112.19322
89.4,106.74467
83.2,101.337746
77.2,96.12121
70.4,91.78609
64.4,87.43925
58.4,83.9424
52.2,80.81208
49.8,77.81613
43.8,74.84047
42.0,72.07974
36.4,69.35759
36.2,66.98371
30.0,64.60013
24.0,62.309494
20.8,60.109146
16.2,57.974945
13.8,56.064987
11.0,54.36874
7.4,52.893494
4.6,51.574055
1.8,50.430794
192.2,147.42075
185.6,140.24915
185.4,134.48946
179.0,128.97198
155.0,116.08208
151.0,101.469574
150.8,91.60048
147.0,85.13731
142.8,80.68536
136.8,76.181816
130.4,71.63707
124.0,67.06061
118.0,62.440628
116.6,58.14603
110.4,54.020752
110.0,50.31053
108.6,47.019756
102.6,43.80991
98.8,40.7786
98.6,38.27472
91.8,35.917744
90.4,33.954365
90.2,32.353607
85.0,31.019264
84.4,30.088188
57.2,28.875309
56.8,27.843315
44.6,26.863342
20.0,25.696117
18.0,24.756905
0.6,23.79985
164.8,184.47815
162.8,179.11557
162.6,174.19092
162.0,170.17215
159.2,166.14508
153.2,160.3646
152.8,154.95668
146.8,148.12927
140.2,139.58022
138.8,131.26228
138.6,123.98271
138.0,117.67833
136.8,112.008606
136.6,107.54641
136.0,103.95615
133.2,100.475586
132.8,97.68487
131.8,95.50334
128.6,93.71021
123.4,91.883316
122.6,90.00211
116.6,88.204124
111.8,86.50325
111.2,84.89454
106.6,83.14978
106.2,81.52877
100.2,79.7213
94.2,77.580475
92.8,75.57111
87.6,73.587036
85.6,71.653175
84.2,69.925415
81.4,68.30826
80.8,66.963455
79.8,65.88467
78.2,64.96273
76.6,64.20981
75.8,63.51326
75.0,62.768272
73.0,61.785797
71.4,60.656837
70.2,59.302242
69.8,57.587433
69.4,54.815468
65.4,49.463875
60.8,41.952175
60.4,37.6034
54.4,35.077934
54.0,33.286854
50.6,31.996937
48.6,30.93124
47.6,30.049519
43.2,29.24504
42.8,28.575066
42.2,28.004631
38.4,27.455791
37.8,26.988434
35.0,26.54506
34.8,26.161415
33.6,25.811848
33.2,25.49297
27.2,25.113686
25.0,24.7527
23.8,24.421501
17.8,24.085907
13.4,23.80616
12.0,23.565636
10.8,23.369316
3.6,23.133194
1.2,22.96103
1.0,22.829681
183.8,89.12098
181.6,84.232025
175.6,79.82429
173.0,75.77814
167.0,72.00911
161.0,67.74237
155.4,63.373672
149.4,59.054817
143.4,54.79321
141.0,51.053753
140.6,47.97469
134.6,45.23913
130.8,42.970505
121.8,40.97165
115.8,39.165012
110.6,37.606785
104.4,36.187275
98.4,34.849266
92.4,33.627987
86.4,32.47391
79.6,31.293953
73.2,30.237041
63.0,29.308102
60.6,28.53257
60.4,27.918331
58.6,27.409779
52.6,26.885601
48.0,26.384087
42.0,25.881195
37.2,25.432854
36.8,25.093716
34.8,24.809765
33.0,24.583836
27.0,24.334236
21.6,24.073265
21.4,23.893082
20.0,23.733856
15.4,23.388702
13.6,23.087952
13.0,22.836609
12.8,22.63337
12.2,22.45755
8.0,22.235764
5.0,22.021217
2.0,21.824776
130.4,75.497765
124.2,74.7612
123.8,74.009254
120.4,73.21175
114.2,72.24902
108.2,71.13114
102.0,69.8889
96.0,68.5285
90.0,66.92415
84.0,65.066605
80.4,63.078125
79.8,61.201332
73.8,59.010895
66.8,56.554123
60.8,53.81745
54.8,50.891457
48.8,47.86521
44.0,44.896656
41.0,42.17188
40.4,39.89093
34.4,37.77266
28.4,35.772343
22.2,33.951805
22.0,32.554398
19.2,31.40525
19.0,30.53434
13.0,29.690338
7.0,28.849892
3.0,28.082573
0.6,27.359856
217.0,153.37457
210.8,152.1031
204.2,150.70758
201.4,148.11122
195.2,144.42334
188.8,139.5308
181.6,134.34897
175.6,128.45091
169.2,122.16667
163.0,115.28924
157.0,107.70429
154.0,100.43756
152.4,94.08077
152.2,89.50651
146.2,85.29615
135.8,82.20821
129.8,78.91253
123.8,75.72427
121.0,72.56085
120.8,69.60829
120.6,66.88483
114.6,64.07397
99.2,60.936882
93.6,57.545654
88.2,54.26073
80.4,50.960007
72.8,47.856754
66.8,44.902927
60.8,42.374004
54.6,39.858795
48.6,37.550663
41.6,35.57219
35.6,33.941322
29.6,32.42901
26.0,31.161125
25.2,30.119774
25.0,29.30584
24.6,28.655842
17.8,28.000164
12.0,27.345047
11.8,26.81871
5.8,26.287746
1.4,26.515785
1.2,26.382507
151.0,198.79813
149.4,199.98782
147.4,200.62537
146.8,200.51459
145.4,199.56335
142.6,197.68214
139.8,194.96754
137.0,191.56628
134.0,187.75589
128.8,183.93457
126.0,180.24066
123.0,176.8474
119.2,173.56204
116.4,170.47867
110.6,166.99292
107.6,163.57828
104.8,160.53302
102.0,157.87872
99.2,155.42221
96.4,152.81418
96.0,150.60475
93.2,148.34132
90.4,145.88701
87.8,143.23106
85.0,140.59747
81.4,137.81439
78.6,134.90259
75.8,131.89288
72.8,128.5939
70.0,125.00874
67.2,121.23568
64.4,117.35896
61.4,113.22305
56.2,108.56197
53.4,103.63546
50.6,99.29213
47.8,95.14046
42.0,90.76662
39.2,87.016235
36.2,83.76544
34.2,81.26466
33.8,79.16902
30.8,77.17469
27.8,75.21513
22.2,73.068344
19.4,70.91454
16.6,68.78151
13.8,66.706566
11.0,64.70531
8.2,62.76674
2.2,60.724686
190.2,185.73483
188.4,187.0679
182.4,186.24019
176.4,183.50066
174.4,180.78937
168.2,177.4303
166.8,174.94922
165.4,173.4651
160.8,171.97849
159.8,171.24147
153.8,169.70587
152.8,168.66579
151.4,168.27698
145.4,167.13008
141.6,165.78163
135.6,163.6943
134.4,162.27417
128.6,160.70163
122.6,158.3712
116.6,155.1929
114.8,151.8294
113.2,148.34642
107.2,143.30206
101.2,136.55591
99.0,129.3616
98.8,122.01589
93.2,114.07489
92.2,107.07347
89.6,101.25207
83.4,95.52685
80.6,89.89352
79.2,85.49845
78.4,81.1678
73.6,76.82159
67.6,72.72921
64.0,68.919044
61.2,65.3643
60.0,62.140076
59.6,59.366116
55.6,56.85929
49.6,54.37539
47.6,52.09922
46.2,50.19361
43.6,48.543667
42.8,47.081127
42.0,45.78879
39.4,44.576866
36.0,43.3795
34.8,42.330536
34.6,41.487602
33.4,40.73764
29.4,39.94484
23.4,39.19015
21.0,38.517025
16.6,37.50412
14.6,37.3283
14.0,36.83898
8.0,36.237267
4.2,35.62498
3.0,35.078987
0.6,34.577488
184.4,136.58725
178.4,130.67178
172.4,125.1107
166.4,119.89166
160.4,115.03849
156.8,110.06258
156.2,105.754364
150.0,101.4902
144.0,97.561775
137.4,93.84054
133.0,90.06045
127.0,86.85783
125.0,84.60059
119.0,82.19666
113.0,79.87678
106.8,77.088844
101.8,73.846176
96.6,70.31882
91.6,66.648056
85.6,62.97361
83.0,59.3946
75.6,55.80152
75.0,52.506954
70.0,49.34687
64.0,46.269165
58.8,43.404453
56.8,40.907497
50.6,38.621387
44.6,36.633595
41.0,34.980316
38.6,33.650063
33.4,32.5522
27.4,31.615528
27.0,30.844704
26.2,29.701267
24.6,29.207188
18.6,28.657932
12.6,28.060978
5.6,27.38768
2.8,26.815563
130.6,79.84285
130.4,79.213615
130.0,78.74754
129.8,78.37354
129.6,78.15644
129.2,77.96267
129.0,77.76466
123.2,77.52623
119.4,77.20473
113.4,76.88061
107.4,76.45961
102.6,75.98252
102.4,75.52021
101.2,75.1174
93.8,74.65017
87.2,74.158104
81.6,73.55446
75.6,72.76335
71.8,71.83694
65.8,70.818665
62.6,69.745186
56.4,68.51753
51.8,67.18049
49.2,65.915085
46.4,64.60803
40.2,63.064285
38.0,61.564003
35.0,60.199783
34.0,58.955597
28.0,57.51979
22.0,55.93609
16.6,54.111973
10.2,52.016968
4.2,49.639256
3.0,47.32144
1.6,45.09251
1.2,43.075
115.6,142.0289
109.2,136.7178
103.2,130.97198
97.2,125.09348
91.2,119.31576
85.2,114.544266
79.2,110.208496
73.2,106.31464
67.2,101.85991
62.6,97.689026
62.4,94.93619
59.4,93.07428
53.4,90.96662
47.4,88.37403
41.4,85.59224
35.2,82.782005
29.0,80.08626
23.0,77.23134
17.0,74.309265
11.0,71.42858
4.6,68.609245
255.2,112.10042
254.0,107.04604
252.8,103.26766
246.8,99.85062
240.8,97.030525
238.0,95.15897
237.6,93.80681
231.6,92.47698
225.6,90.83289
219.6,88.78621
219.4,87.519455
213.2,86.17599
207.2,84.59267
199.0,83.263626
193.0,81.93652
186.8,80.49296
181.8,78.982475
181.6,77.817116
176.6,76.71168
170.6,75.50108
164.4,74.03933
162.8,72.98963
156.8,71.86136
151.6,70.67292
145.6,69.36668
140.6,68.0004
140.0,66.857376
135.6,65.61905
133.2,64.34488
132.6,63.09073
132.4,61.99845
126.4,60.86003
120.6,59.537834
120.0,58.259018
114.6,56.828186
107.8,55.215797
101.4,53.465088
98.4,51.772602
92.4,50.040283
86.0,48.342785
85.8,46.86576
79.8,44.59382
73.4,42.42982
70.0,40.377697
68.6,38.54457
62.2,36.783253
55.8,35.140766
47.6,33.646275
39.8,32.19304
20.8,30.54741
20.2,29.172497
55.6,181.06735
54.8,175.80971
53.0,171.5997
48.8,167.84825
42.8,163.09442
38.2,157.80707
36.4,153.18103
35.4,149.82913
29.4,145.51318
23.4,139.9581
18.0,133.51503
17.2,128.14343
11.2,122.45863
4.6,116.37644
114.2,130.65872
107.8,122.51412
99.6,113.57249
93.6,105.414894
87.6,98.8053
75.6,92.51399
69.6,87.794266
63.2,83.5761
57.2,80.56835
54.4,77.85333
54.0,75.5729
44.0,72.92282
43.6,70.345695
37.6,67.47246
31.4,64.4867
19.2,60.961765
13.2,57.32861
7.0,53.75661
1.0,50.344955
61.8,39.20343
55.8,36.571167
49.0,34.295807
43.0,32.431732
39.2,31.020042
37.4,30.016296
31.4,29.244728
25.4,28.674747
19.4,28.270329
14.0,27.991802
8.0,27.813858
4.0,27.676964
166.8,98.016975
160.6,95.08743
157.4,92.18706
157.2,90.04118
147.6,86.983574
147.0,84.13929
140.8,81.64376
134.8,78.93627
131.4,76.02091
125.4,72.80886
119.6,69.403336
114.0,65.925865
108.0,62.337944
100.4,58.63407
99.2,55.156345
98.6,52.046684
86.8,48.67054
78.0,45.347977
72.0,42.055576
66.0,38.83782
59.8,35.829647
54.0,33.134228
52.2,30.869797
46.2,28.921917
39.8,27.243496
33.8,25.813076
27.6,24.61974
27.2,23.64721
21.2,22.827202
13.6,22.099243
12.2,21.536217
11.2,21.111763
5.0,20.728455
1.6,20.396416
1.4,20.150085
0.6,19.950592
197.6,143.8964
196.8,138.57895
190.6,133.40848
184.6,128.10089
178.6,122.94687
172.4,117.55228
166.8,111.80878
163.6,106.38252
157.6,100.99689
151.6,95.71164
145.6,90.8758
142.2,86.53397
136.2,82.92429
134.8,79.55483
133.8,76.81882
127.8,73.883644
121.8,70.4546
109.4,66.323746
104.4,62.040573
99.4,57.83963
98.8,54.18049
92.6,50.711243
86.2,47.487537
77.0,44.231438
71.6,41.209488
71.2,38.775936
70.4,36.880833
67.8,35.300278
62.4,33.975426
61.4,32.92644
59.6,32.085247
56.2,31.291107
53.6,30.653934
47.6,29.951889
46.2,29.419617
36.8,28.961891
36.6,28.679455
30.6,28.361843
27.4,28.119465
26.4,27.943657
24.0,27.787502
17.4,27.585041
11.0,27.287304
4.6,26.891903
4.4,26.576405
2.8,26.292683
174.4,193.21838
170.8,190.30194
168.0,187.72641
165.2,185.19774
162.2,182.60982
159.4,179.84747
155.6,176.85114
152.4,173.9371
149.6,171.21999
146.8,168.63033
144.8,166.4567
141.2,164.32474
138.4,162.23218
135.6,160.19998
132.6,158.04321
129.8,155.65761
127.0,153.0543
124.2,150.23965
121.2,147.18005
118.4,144.07045
114.6,140.85213
111.8,137.7315
109.8,134.8857
108.4,132.48978
102.0,129.01205
99.2,125.2209
96.4,121.57651
93.6,118.14159
90.8,114.55456
88.0,110.86676
85.2,106.332726
82.4,101.304726
79.6,96.7336
76.8,92.646935
73.6,89.02127
66.6,85.85797
66.4,83.10242
65.8,81.0276
56.8,79.17033
38.8,76.07427
25.8,72.09308
13.8,67.45091
1.8,62.293114
1.2,57.48159
3.2,60.913998
2.4,58.669632
77.2,163.28442
70.8,161.17331
60.8,159.91098
55.4,159.28821
54.8,159.7279
48.2,160.68585
45.0,162.05865
38.2,163.50177
32.2,164.99951
26.4,166.7204
26.0,168.88716
19.8,171.12766
16.2,172.89636
10.0,173.76044
9.0,174.26108
4.8,174.42671
1.0,95.48252
56.6,84.432434
43.4,81.645
25.4,78.07428
17.0,74.19541
12.6,70.27159
10.6,66.393814
9.4,62.654922
7.8,59.01925
6.4,57.203484
30.4,104.82596
23.8,98.10614
14.8,93.13064
9.2,90.64796
8.0,88.94841
1.4,87.07678
0.6,85.09518
161.4,121.59871
158.2,115.75668
152.0,110.44904
143.6,105.23694
142.8,100.81488
136.6,96.37445
136.0,93.04856
130.6,90.13665
121.8,86.37514
121.6,83.57461
115.4,81.3306
109.4,78.96314
102.8,76.59074
97.0,74.07665
93.6,71.572876
92.4,69.23007
86.2,66.50591
85.4,63.73977
84.8,61.123566
78.6,58.38211
76.0,55.61841
75.6,53.01444
69.4,50.38912
65.0,47.7634
61.6,45.254993
55.4,42.79716
52.6,40.53595
51.2,38.550877
45.2,36.65498
39.2,34.845474
38.0,33.29762
36.6,31.98838
33.8,30.871582
31.2,29.927383
25.2,29.06446
18.0,28.278706
6.2,27.456451
194.8,158.11638
188.6,152.24937
182.0,145.84503
175.8,139.99585
173.6,134.87944
167.6,129.45387
161.2,123.02011
160.4,116.64461
160.2,111.57448
154.0,106.097885
148.0,99.88939
141.6,93.72183
135.4,87.67483
126.2,82.86943
120.2,79.558044
114.2,76.18063
108.0,72.66987
104.2,69.11297
98.0,65.62979
92.4,62.197395
89.0,58.93239
82.8,55.68974
76.8,52.55614
70.8,49.568874
65.8,46.822014
59.8,44.26177
56.0,42.006504
54.4,40.213455
48.4,38.761032
47.6,37.673527
41.6,36.70425
35.2,35.85309
29.0,35.11424
22.6,34.46618
22.4,34.11313
19.2,33.91812
16.8,33.896484
16.2,34.061802
15.6,34.351543
9.6,34.5784
9.2,34.911545
5.0,35.19033
3.6,35.47034
147.6,170.44629
146.6,166.71985
140.2,162.83585
133.6,158.65399
127.6,154.15486
121.6,149.73285
116.0,145.44427
109.8,141.50214
103.8,137.48654
102.6,134.29031
98.2,131.13403
97.2,128.6898
91.0,125.90984
84.6,122.262085
78.4,117.598694
72.0,111.97821
66.0,105.44135
60.8,99.48574
56.2,94.2478
51.8,89.637794
45.4,85.525185
43.8,82.11655
43.4,79.523926
43.2,77.3056
37.0,74.819786
32.8,72.16667
26.6,69.16365
20.2,65.842896
14.2,62.239857
8.2,58.41423
2.0,54.451385
37.2,92.98427
31.2,88.77578
25.0,84.808655
22.6,81.56715
16.6,78.32625
10.6,74.99719
4.4,71.44189
21.4,105.377075
17.2,101.22123
11.0,97.73761
10.8,95.323296
10.6,93.95309
4.4,92.51612
64.0,81.90433
61.0,81.02639
41.8,79.77798
39.8,78.598434
33.8,77.52403
33.4,76.83468
22.4,76.20334
22.2,75.946335
22.0,76.27786
8.4,76.12416
4.6,76.117615
2.4,76.264984
8.4,70.469215
2.4,66.11911
1.8,61.939552
7.0,144.14896
4.2,141.35846
209.4,179.36462
203.0,178.19727
197.0,176.33476
193.8,174.98888
187.8,173.66125
184.2,173.21025
182.6,174.2265
176.6,175.10593
170.6,175.22711
164.6,174.48495
159.0,172.75931
158.0,171.29637
152.0,169.0037
151.8,167.02219
145.8,164.10567
143.6,160.78595
139.8,156.98099
136.6,152.79153
133.0,147.91705
127.0,141.77248
123.4,134.99988
117.4,126.727295
114.0,138.25279
113.8,137.82838
110.6,133.48515
104.4,126.252975
101.2,117.740234
95.2,107.91905
90.4,98.262405
88.2,90.97998
88.0,86.20469
87.4,82.134315
86.0,78.35405
85.8,74.99423
82.8,71.50119
80.2,68.46737
77.0,65.56882
75.6,62.893055
66.6,60.093506
64.2,57.724655
63.8,55.758923
57.8,54.01668
55.2,50.618202
49.2,49.719334
43.2,48.91169
42.2,48.35791
38.6,47.90208
31.6,47.447838
25.6,47.002956
23.8,46.64084
19.0,46.26774
14.8,45.92162
14.6,45.67133
11.8,45.419582
10.0,45.180717
9.8,45.000095
9.6,44.842476
6.0,44.624714
2.8,44.338463
2.2,44.073025
100.0,147.96082
98.8,146.48845
98.6,146.01807
95.8,145.4642
92.6,144.432
89.6,142.93625
86.8,141.06929
83.4,138.55998
80.6,135.93869
77.8,133.33502
75.0,130.64786
72.6,128.16074
70.4,125.996506
67.2,123.47836
64.4,120.828575
61.6,118.23039
58.8,115.678406
56.0,113.418396
53.2,111.6542
52.6,111.14964
52.4,112.10173
49.6,113.42905
44.0,113.51128
40.4,113.42568
36.4,112.95411
33.6,113.411385
33.4,115.10419
30.6,117.00682
27.8,118.663635
25.0,120.06065
22.2,121.474625
19.2,122.88498
16.4,124.28941
13.6,125.52723
10.8,126.63793
8.0,127.34721
5.2,127.4485
2.4,126.918335
151.0,130.47311
149.6,133.65515
147.8,136.32895
144.2,138.73349
143.6,140.44403
142.4,141.89043
139.8,143.14078
135.4,143.9476
131.0,144.41043
130.8,144.70673
129.8,144.94182
126.0,145.38826
124.6,145.65335
119.8,145.83829
118.8,145.33159
118.6,144.51811
116.0,143.69681
114.4,142.59285
113.2,141.32846
110.6,139.8798
106.2,136.88672
104.8,132.49756
103.0,127.34137
99.2,120.76184
98.0,113.91533
92.0,104.54479
90.6,96.322334
86.4,86.7778
83.8,76.29965
82.4,67.02407
82.2,57.77761
82.0,49.037846
78.4,40.807926
76.8,34.143364
70.0,28.874992
69.8,25.179028
68.0,22.69905
65.8,21.039062
62.6,19.877563
61.6,19.10817
61.4,18.614258
59.6,18.248245
58.4,17.979698
58.2,17.793587
55.2,17.622581
55.0,17.497559
54.6,17.403526
54.4,17.33236
51.0,17.217712
50.4,17.113144
42.8,16.967209
41.4,16.813728
40.0,16.698174
37.0,16.600227
32.8,16.600777
26.8,16.706367
23.6,16.89856
23.2,17.15319
23.0,17.412132
22.2,17.615631
21.6,17.750114
20.8,17.83702
20.4,17.89595
20.2,17.93525
19.4,17.965675
17.6,17.988441
13.8,18.001854
12.2,18.014252
11.0,18.019814
10.2,18.026344
8.8,18.032593
7.4,18.038559
6.8,18.047005
6.6,18.047989
4.8,18.036972
2.2,18.034279
2.0,18.027489
138.0,147.00082
132.0,143.37047
125.2,139.51112
119.0,135.1162
112.0,130.85327
110.8,126.969536
104.8,122.6281
100.8,118.15282
100.0,114.06293
93.8,109.603325
87.8,104.68111
75.0,99.44395
67.8,94.65087
65.6,90.36244
59.6,86.502525
57.8,83.76303
53.6,81.18848
52.8,78.74585
46.8,76.158104
40.8,73.3048
34.8,70.02197
30.2,66.584236
24.2,63.062965
18.2,59.533817
16.8,56.296764
15.0,53.430984
11.8,50.87769
7.0,48.53977
6.8,46.587223
0.8,44.75136
263.8,208.11652
261.0,201.32059
259.6,194.78076
255.4,189.01694
255.0,184.47404
254.2,181.25006
253.6,179.10521
253.4,177.8419
251.2,176.8906
248.2,175.91267
244.2,174.62265
241.4,173.07275
240.4,171.5751
240.0,170.02856
237.2,168.5346
233.4,166.94824
231.2,165.48457
229.0,164.17448
226.0,162.9513
223.6,161.77408
222.2,160.75047
219.4,159.57466
216.4,158.46219
212.2,157.30096
209.4,156.2536
206.6,155.32684
203.6,154.44138
200.8,153.64
200.4,153.00821
199.8,152.50447
197.0,151.83908
196.0,151.09175
192.8,150.18074
189.2,149.00049
186.4,147.66576
182.8,146.38905
180.0,144.96991
177.2,143.44466
173.4,141.48785
167.4,139.03918
166.8,136.60362
160.4,133.72949
154.2,130.23177
148.0,126.140976
142.0,121.67177
140.4,117.20537
139.8,113.15468
139.4,109.62206
135.8,106.24284
129.6,102.519966
123.6,98.059235
117.6,94.041954
109.8,89.96738
108.4,86.313736
104.2,83.27672
103.6,80.55744
98.2,78.21333
91.8,75.69544
85.8,73.08324
83.2,70.50525
77.2,67.87646
74.4,65.30072
73.8,62.868298
70.4,60.552498
64.4,58.243523
58.4,55.925873
52.4,53.58943
46.4,51.23673
44.0,48.982586
43.0,46.915604
37.0,44.926765
31.0,42.99504
28.6,41.151093
27.6,39.424404
22.0,37.80856
16.0,36.264553
12.6,34.885
12.4,33.708973
6.4,32.680576
4.8,31.759674
2.4,30.966549
1.2,30.268005
66.6,127.71322
60.6,125.2041
58.6,123.060295
58.0,121.54036
52.0,119.09683
48.2,116.00655
46.6,112.98758
43.0,109.35738
42.8,105.77279
37.8,101.7659
37.6,97.790695
31.6,94.13789
25.6,90.69202
25.2,87.889404
24.4,85.55816
23.2,83.677956
22.0,82.13841
20.8,80.88576
19.6,79.808395
19.0,78.83779
13.0,77.61786
6.6,76.197876
1.0,74.59937
95.0,118.17056
89.0,111.49437
83.0,104.1161
82.2,98.08131
79.8,93.79592
73.0,89.62463
60.8,85.583694
54.8,81.17539
48.8,76.49791
44.8,71.8849
44.6,67.722
38.4,63.29361
32.8,58.77604
32.0,54.633972
26.0,50.453743
19.8,46.43234
13.6,42.5971
7.6,39.074013
5.4,36.100475
0.8,33.538456
179.0,179.8134
172.8,178.28093
166.0,176.82101
160.0,175.53546
157.2,175.02841
151.2,174.86299
145.0,174.99066
138.8,175.54367
136.8,176.94513
134.8,178.90009
132.4,180.8876
126.2,182.22389
120.2,183.3386
114.0,184.38249
109.6,185.83699
103.6,187.85083
97.4,189.95247
95.0,192.36737
94.2,195.03757
87.2,197.64243
81.2,199.25732
75.0,200.23251
67.0,200.50508
61.0,200.35297
55.0,199.46573
51.0,198.63776
45.0,197.70938
41.0,196.66373
39.8,196.11725
33.8,195.32845
27.8,194.1846
21.0,192.76746
14.8,191.26675
9.8,189.33002
8.6,187.69214
2.6,185.63065
0.6,183.68765
178.4,89.0371
172.4,85.9468
165.8,82.6619
159.8,79.066086
158.2,75.92808
158.0,73.12939
152.4,70.55951
152.2,68.32959
146.2,66.28608
145.8,64.468704
139.8,62.463356
133.8,60.310867
127.8,58.093212
121.8,55.776928
119.4,53.58235
118.6,51.624676
116.0,49.845676
110.0,48.267902
104.0,46.66626
98.0,45.025627
91.8,43.45829
87.2,41.881054
87.0,40.52524
80.8,39.298096
78.2,38.11233
77.6,37.09405
76.2,36.239113
69.4,35.179142
67.4,34.140137
61.6,33.012653
60.6,32.073677
57.2,31.244225
56.6,30.567135
50.6,29.977604
44.6,29.426105
38.4,28.95103
32.4,28.497513
28.2,28.037807
27.8,27.640804
21.2,27.245823
15.2,26.809395
13.0,26.419556
12.4,26.088112
6.4,25.754028
1.2,25.323395
149.8,147.15059
143.6,142.96643
141.8,139.69278
139.8,137.22426
133.8,134.91406
127.8,132.7847
121.2,130.37604
115.2,127.4619
109.6,123.88342
109.2,120.99853
107.2,118.79034
103.0,116.90478
102.4,115.45928
98.2,113.43267
98.0,111.71675
92.0,108.810005
86.0,104.76984
80.0,99.95351
74.0,94.996925
67.8,90.247215
61.8,86.5753
55.0,83.45111
51.4,80.85228
48.8,78.80438
42.8,76.706024
41.8,74.78659
35.0,72.84186
31.4,70.77086
30.2,68.785095
24.2,66.64449
23.8,64.60675
18.2,62.419327
13.0,60.00531
7.8,57.30521
1.8,54.319805
236.4,176.43414
236.0,170.6923
235.6,165.55786
235.2,161.01503
231.8,156.11197
231.0,151.0207
227.2,146.22505
225.4,141.56937
223.4,136.74416
220.4,131.4347
217.6,125.39641
216.4,119.53788
215.0,114.06297
212.6,108.75815
212.0,104.31829
210.8,100.52086
208.4,97.26081
207.6,95.114265
207.0,93.343124
203.8,91.812996
201.0,90.14979
198.2,88.42188
195.4,86.65406
193.0,84.75985
191.8,83.161835
188.4,81.36751
185.6,79.50976
182.8,77.642365
180.0,75.695175
177.2,73.73038
175.8,71.83794
173.0,69.88399
172.4,68.028984
172.2,66.35141
172.0,64.860565
169.2,63.30803
166.2,61.634663
163.4,59.87696
162.2,58.108337
159.4,56.19378
155.8,54.26268
153.0,52.32164
152.0,50.462807
149.2,48.56706
143.2,46.371918
142.4,44.252132
137.4,42.044918
137.0,40.059372
134.2,38.219578
128.0,36.371983
123.0,35.151196
120.4,33.322407
116.8,31.79914
116.6,30.532856
110.6,29.314083
108.8,28.286137
102.8,27.295086
98.8,26.392899
93.8,25.534092
93.6,24.820404
87.6,24.12812
81.4,23.467804
75.2,22.807533
68.4,22.194725
67.2,21.705292
66.8,21.305206
60.8,20.948776
54.8,20.63382
53.4,20.321007
49.4,20.101875
47.0,19.907486
41.4,19.733368
38.8,19.607185
38.2,19.504135
38.0,19.424774
31.8,19.34288
30.4,19.031853
29.6,18.903961
27.6,18.76146
26.6,18.663048
24.2,18.578552
23.2,18.51593
17.2,18.457375
16.4,18.422127
12.2,18.389847
9.2,18.351944
5.6,18.304497
2.4,18.268448
0.6,18.238693
124.8,157.15584
118.8,151.78737
112.6,146.01889
110.2,141.17516
104.2,136.87143
98.0,133.02466
92.0,129.84207
84.0,129.00386
77.8,127.438156
71.6,124.5837
66.4,120.452515
60.4,114.62271
54.4,107.391815
52.4,99.91596
47.8,92.70489
45.0,87.84194
44.0,83.92129
43.4,80.73768
37.2,77.85392
30.6,74.93187
23.8,71.93849
21.2,69.066086
10.6,66.20311
9.8,63.542023
3.8,60.95855
0.2,58.490623
110.6,131.12154
104.4,127.24948
98.4,123.44423
92.4,119.256454
86.2,114.96503
81.8,110.317566
75.8,105.352776
70.6,100.47882
70.4,96.81296
64.0,93.5839
61.0,91.01259
59.4,88.68488
55.4,86.3922
49.4,84.27698
43.4,81.93801
29.6,78.865326
23.6,75.63302
17.6,72.38153
11.6,69.0982
10.0,65.90893
9.6,62.939117
5.6,59.94478
1.6,56.934387
1.4,54.131485
1.0,51.59677
0.2,49.277153
139.2,160.85065
133.0,154.44676
127.0,148.52951
122.0,142.87976
116.0,137.21242
109.6,131.21364
106.2,125.08999
105.4,119.93108
99.2,114.33201
98.6,109.01427
97.2,104.20221
91.2,99.45555
90.2,95.80531
84.0,91.96603
78.0,87.98408
72.4,84.40439
72.2,81.60714
66.2,78.47055
60.6,75.07126
54.4,71.41106
53.2,67.97354
52.2,64.840775
46.2,61.64098
40.2,58.379807
34.0,54.970055
28.0,51.568325
22.0,48.206673
16.8,44.998867
16.4,42.167435
10.4,39.548622
4.0,37.107285
3.8,35.045155
118.8,99.63341
114.2,100.76964
111.0,101.542946
110.4,102.11489
104.4,101.87349
98.4,100.35905
92.4,97.6521
86.8,93.763275
86.6,89.39199
86.4,85.872475
84.0,82.50406
77.8,78.78884
71.8,74.42306
58.2,69.739525
47.8,64.248116
44.6,58.794086
38.6,53.442654
32.2,48.40769
31.0,43.907276
25.0,39.806885
22.6,36.27097
22.2,33.34664
21.8,30.971153
21.0,28.994
15.0,27.239475
9.0,25.69223
6.4,24.407417
5.4,23.398506
101.2,42.90147
89.2,37.89234
77.0,33.31795
76.8,29.658566
74.4,26.757343
68.6,26.265926
68.2,25.935585
56.2,23.078407
51.8,21.280678
40.4,19.757652
38.0,18.709106
37.8,18.013908
35.2,17.514671
34.6,17.161995
22.6,16.714943
19.8,16.357552
7.8,15.98439
4.4,15.685547
179.6,153.50813
173.0,150.22429
165.6,146.89471
159.6,144.07875
157.8,142.11314
157.0,140.9698
151.0,139.44885
145.2,137.01157
139.0,133.92851
132.8,130.4274
126.8,126.655716
120.8,122.45082
118.6,118.60673
116.0,115.279724
109.8,111.41516
103.8,106.73805
97.8,101.484566
91.2,96.01601
85.2,90.58121
80.6,86.42499
79.0,83.287
76.8,81.050385
76.6,79.10634
70.6,77.09985
64.6,74.81289
58.6,72.28648
57.0,69.76866
51.0,67.0501
45.4,64.147545
44.2,61.33069
38.2,58.343292
36.4,55.750614
35.8,53.159527
17.8,49.87007
11.8,46.5152
9.2,43.33714
3.6,40.206112
50.8,93.61515
48.0,90.42991
42.0,87.85656
40.2,85.87939
35.0,84.350586
34.4,83.05638
28.4,81.52475
22.0,79.64022
16.0,77.51891
9.2,75.1056
5.6,72.6505
203.6,177.05737
202.4,176.55489
196.4,176.43378
190.0,168.03949
184.0,145.70927
178.0,118.39031
171.8,94.63066
169.6,84.85089
169.0,78.75133
150.4,70.19525
143.0,61.575172
141.0,54.03174
110.6,45.916573
97.2,38.669968
96.8,33.10177
94.8,28.924828
84.6,25.750408
84.4,23.527542
84.2,21.935608
71.2,20.518791
47.8,19.22828
43.6,18.27172
41.6,17.551414
41.0,17.007874
40.6,16.60469
40.2,16.30223
27.8,15.971954
21.0,15.73362
0.8,15.573967
171.8,103.17515
171.6,99.94402
171.4,98.164635
163.4,96.07915
157.4,93.681656
153.4,90.80972
150.8,88.24742
136.8,86.25986
125.2,84.664955
118.6,82.77673
118.2,80.96213
118.0,79.51756
117.2,78.3052
111.2,76.88728
107.0,75.25791
105.4,73.57346
105.0,72.01746
104.8,70.63615
98.8,69.09354
96.6,67.52433
92.2,65.842804
92.0,64.28181
86.0,62.518204
80.0,60.613083
74.0,58.499817
70.6,56.367134
68.2,54.32426
62.4,52.356365
56.4,50.44663
50.4,48.582897
48.8,46.90028
42.8,45.3558
41.0,44.010662
35.0,42.79991
29.0,41.61583
24.0,40.472057
22.0,39.436005
19.4,38.47862
13.4,37.516293
7.2,36.50452
1.2,35.44096
145.2,135.50531
144.2,133.65588
138.2,131.61678
125.8,129.2797
124.4,127.898254
124.0,127.932304
120.2,128.95105
120.0,130.76022
113.2,132.57628
109.2,134.03265
107.8,135.33661
101.8,136.35818
95.0,137.08466
88.0,136.62642
82.0,134.2951
80.8,131.0835
80.6,127.78621
73.4,124.54103
67.0,121.48105
60.2,118.42619
50.2,115.28125
47.0,111.84198
41.2,107.875534
39.2,104.16171
30.8,100.171585
30.6,96.67209
24.6,92.79021
18.2,89.08604
15.4,85.323715
9.8,81.443306
7.8,78.37649
6.6,75.43129
0.6,72.41215
0.4,69.6807
105.2,104.94869
98.4,100.86701
97.2,98.00959
91.2,94.955
85.2,91.29588
78.6,87.051414
78.4,83.687935
71.8,80.137146
65.8,76.37621
59.0,72.76883
55.0,69.223274
54.8,66.03283
48.8,62.889236
42.8,59.60473
36.8,56.24172
30.6,52.740707
24.0,49.21481
18.0,45.7361
12.0,42.424744
6.0,39.318188
4.4,36.662846
50.8,60.622192
49.2,55.797306
49.0,51.645733
40.6,47.704487
38.8,44.36127
36.4,41.532837
36.2,39.238716
28.2,37.259277
24.2,35.596622
24.0,34.344704
7.4,33.021767
2.2,31.953758
0.2,31.168343
114.0,143.96146
108.8,139.39346
102.8,134.4913
95.0,129.24902
89.0,123.50179
88.2,118.37594
88.0,114.13174
81.8,109.25891
75.8,103.31485
71.6,97.64978
65.6,92.66072
59.4,87.753555
53.4,83.15404
51.2,79.33992
51.0,75.77486
45.0,71.75634
43.2,67.64029
42.0,63.61573
39.8,59.697655
37.8,55.918747
37.4,52.456932
31.4,48.895405
26.0,45.296318
20.4,41.84252
20.0,38.8299
13.2,35.96876
11.2,33.44464
6.0,31.185669
122.2,135.91183
122.0,133.09949
115.4,130.30663
109.2,126.83716
103.2,122.37385
97.2,117.428986
94.8,112.420204
92.8,107.16843
86.8,100.72683
80.8,94.58363
74.6,89.072235
72.6,84.773926
67.0,81.13601
66.0,78.36554
59.8,75.57886
53.6,72.7146
51.4,69.96724
50.8,67.53074
44.8,65.01425
40.8,62.49048
40.4,60.209835
34.0,57.866493
28.0,55.38233
22.0,52.893715
16.0,50.43066
15.2,48.28917
11.8,46.405342
9.4,44.520466
3.2,42.517063
81.4,134.31137
77.6,126.50331
72.4,118.20041
65.8,108.37247
61.2,99.11454
57.6,92.16936
51.4,86.74974
47.8,82.59232
41.8,78.40015
38.0,74.092
37.6,70.23196
33.6,66.49301
33.0,63.13403
32.4,60.192513
26.4,57.00844
25.8,54.09648
25.2,51.541504
19.2,48.851196
13.2,46.15469
12.6,43.774014
9.2,41.54785
3.2,39.273712
3.0,37.407616
0.2,35.792854
108.2,149.25174
102.2,143.48373
101.4,137.53587
101.2,132.1134
95.2,126.059265
89.0,119.23392
86.0,112.09137
85.8,106.19989
79.8,100.07991
73.4,93.95854
60.8,87.92151
54.6,83.26692
48.2,79.57719
42.4,75.891464
42.0,72.620155
36.2,69.37189
29.8,65.98021
23.0,62.314095
18.4,58.57699
16.6,55.0475
10.6,51.560608
8.8,48.360477
4.6,45.42624
2.0,42.78281
72.2,206.98071
67.0,200.76033
58.8,194.35294
52.8,187.82207
46.8,181.25967
44.0,175.36609
37.8,169.84601
32.2,164.53125
26.2,158.91342
19.8,153.59451
13.8,148.70628
7.8,143.95132
1.4,139.18079
21.8,84.245026
15.6,86.0701
15.4,87.51984
13.0,88.82679
11.4,89.97317
9.8,91.08463
3.8,92.34784
171.2,81.42701
168.6,79.69526
162.6,77.61569
156.6,74.9034
150.6,71.70885
147.4,68.40721
144.0,65.05004
143.0,61.95362
140.0,58.954597
133.6,55.94022
128.8,52.931255
122.6,49.93025
116.4,46.848667
114.8,44.046413
108.8,41.33557
106.2,38.887875
104.8,36.75973
104.2,35.009697
98.2,33.35338
95.8,31.940365
93.0,30.673439
92.8,29.66071
86.8,28.647514
80.6,27.649406
74.6,26.793205
68.6,26.002804
62.2,25.27118
58.0,24.645985
57.8,24.168556
52.0,23.672478
49.0,23.23986
48.0,22.902061
47.4,22.63414
43.6,22.305191
37.6,21.924652
31.6,21.486275
25.6,21.040985
25.4,20.715736
19.4,20.36367
13.4,20.008446
12.0,19.740631
11.8,19.567848
11.4,19.439758
10.2,19.339973
4.2,19.161491
137.8,119.873955
134.2,120.561325
132.6,121.91391
132.4,123.68677
126.2,125.43697
124.0,126.512695
123.4,127.751305
119.8,129.01706
111.8,129.25455
108.8,129.16615
107.8,129.09543
107.6,129.10057
103.0,128.78516
96.8,126.79242
91.6,123.15602
91.4,119.55297
91.0,116.46229
90.4,113.98329
86.2,111.29306
85.4,108.95725
85.2,107.10216
79.2,104.23642
76.2,101.705696
70.2,98.82194
69.8,96.608604
66.4,94.33901
65.4,92.13749
63.8,90.15932
60.2,87.936935
59.4,85.764435
53.4,83.414185
51.8,81.21951
50.2,79.09166
44.2,76.782455
40.8,74.47558
40.6,72.3061
39.2,70.29581
32.4,68.12193
31.6,65.98978
30.8,63.975372
26.4,61.870632
22.0,59.594147
21.8,57.516293
21.6,55.71086
15.6,53.843094
15.4,52.188698
9.4,50.39107
8.4,48.799225
2.4,47.096718
1.4,45.51431
1.2,44.196453
1.0,43.02459
0.2,41.985313
215.4,141.45578
209.4,136.21123
205.0,131.05699
198.2,126.39616
193.8,121.944046
187.8,117.70045
181.8,113.58916
175.2,109.62758
168.4,105.98798
161.6,102.42974
155.6,99.213165
149.6,96.39889
143.6,93.75723
140.8,91.202515
134.8,88.7665
133.4,86.91324
127.4,84.81279
123.6,82.6861
116.8,80.46178
113.8,78.10049
113.4,75.94128
107.4,73.73248
101.4,71.448425
95.4,69.07064
89.4,66.67642
88.2,64.490944
87.6,62.625706
87.2,61.046066
80.4,59.33721
74.4,57.50782
68.0,55.67048
62.0,53.79441
60.6,51.95742
60.2,50.282825
57.6,48.679337
54.6,47.1647
49.8,45.548576
49.4,44.028805
48.4,42.703865
42.4,41.296394
36.0,39.848484
30.0,38.379715
27.4,37.027733
27.0,35.886787
21.0,34.710293
19.0,33.663273
18.8,32.79325
13.0,31.897732
7.0,30.960003
1.0,29.996006
52.2,46.697136
47.8,42.878273
44.8,39.39271
34.0,36.505756
28.0,34.138985
9.8,32.145794
0.2,30.642109
150.4,185.0921
144.2,184.9263
137.8,185.94714
131.8,188.04257
128.2,191.10988
123.4,194.60138
117.0,198.32361
110.8,202.21141
108.4,206.14108
102.4,209.71304
100.2,212.7975
94.2,214.85587
88.2,215.9562
81.8,216.21991
79.8,216.16026
74.6,215.67487
68.6,214.93686
65.2,214.21231
62.4,213.66806
56.4,213.07097
54.0,212.69781
46.6,212.06863
46.4,211.95955
41.4,212.03276
35.6,212.00253
34.2,212.10722
33.8,212.29675
27.4,212.18127
21.4,211.47263
15.4,210.09239
9.2,208.28104
4.6,206.41678
99.8,143.92586
99.2,141.24133
97.6,138.89598
91.6,136.1902
79.2,131.77576
73.2,126.42435
67.2,121.11192
66.4,116.87678
60.2,113.06984
54.2,109.13755
48.0,104.73872
42.4,100.4152
41.0,96.91326
37.0,94.07872
30.6,91.76921
24.6,89.1524
18.6,86.30861
12.6,83.74157
6.6,81.46522
0.6,79.31855
52.0,64.503235
46.0,62.099358
40.0,59.615242
33.4,57.05178
27.4,54.368347
26.2,51.845486
19.8,49.35244
13.8,46.881912
7.6,44.504227
6.6,42.42912
1.2,40.587555
0.2,39.065414
56.4,66.25581
50.0,60.953026
46.8,55.840034
40.2,50.78628
28.2,45.681767
16.2,40.731
4.2,35.98356
31.6,74.68156
30.8,70.14906
24.8,65.84952
18.8,61.742836
12.8,57.759583
6.8,54.06015
0.6,50.686886
164.4,170.18106
158.6,162.90463
152.4,155.13739
148.8,147.87033
142.8,140.23004
136.2,132.45195
134.4,125.76866
128.4,118.96417
122.2,111.6871
119.6,106.00177
113.6,100.96882
107.6,95.79835
101.4,91.27864
98.4,86.72113
95.4,82.909035
89.4,79.38401
81.8,75.83534
78.8,72.97525
77.2,70.765015
71.2,68.32602
67.2,65.90672
62.8,63.40368
56.6,60.745514
50.6,57.98625
47.4,55.3289
43.0,52.759377
42.4,50.650913
38.0,48.58256
37.6,46.71111
31.4,44.92114
26.6,43.151783
25.8,41.59218
19.8,39.986305
18.4,38.578236
13.8,37.20018
13.2,36.014496
13.0,34.97155
12.2,34.166977
11.8,33.574467
9.6,32.94851
3.6,32.214172
61.8,109.47594
61.2,105.87071
55.2,102.291176
49.0,98.11507
44.6,93.98673
38.4,89.83418
33.6,85.91582
33.4,83.635284
27.2,81.668816
21.0,79.53204
14.2,77.19319
8.2,74.51702
4.8,71.82104
2.6,120.46548
1.2,115.49968
0.4,110.88792
46.0,175.52406
40.0,170.95972
34.8,165.83188
31.8,160.62064
28.8,156.04764
28.6,152.55807
23.4,149.18317
17.4,145.87952
11.4,142.26163
5.4,138.38684
1.0,134.50235
123.2,117.99669
120.2,111.772896
119.4,106.879776
119.2,103.44513
113.2,98.75727
107.2,93.13817
102.0,86.79997
97.2,81.573135
95.2,77.43647
93.6,73.82929
87.6,69.80348
83.0,65.647
82.8,62.05173
79.6,58.722305
77.4,55.684853
74.2,52.829605
73.8,50.443275
71.0,48.25955
65.0,45.961296
59.0,43.5498
56.8,41.424717
55.0,39.650135
54.8,38.3159
50.0,37.03245
44.0,35.754265
41.6,34.552326
37.6,33.12085
34.6,31.759525
33.6,30.628437
23.6,29.045212
22.6,27.931702
19.4,26.951645
15.6,26.148232
15.0,25.576324
11.2,25.0033
8.0,24.490005
5.4,24.039268
5.2,23.685944
4.6,23.3601
1.0,23.01297
74.0,132.28041
67.0,127.81607
63.0,122.46035
57.0,116.10271
51.8,109.23881
48.8,102.521225
42.6,96.92249
36.6,92.425064
30.2,88.36374
24.2,84.37432
22.0,81.16515
21.4,78.49852
15.4,75.70488
10.4,72.733406
4.4,69.48779
52.6,138.9364
46.6,133.91516
43.6,129.52435
43.4,126.41823
37.4,123.08238
36.8,120.33565
36.6,118.27489
30.6,115.549164
24.4,111.325
18.4,106.276085
12.4,100.51414
6.6,95.45998
0.2,90.673096
95.8,80.29942
92.6,75.90721
88.4,71.27174
82.2,66.320724
76.2,61.08223
70.2,55.81777
68.6,50.91775
66.6,46.516006
65.4,42.700806
63.4,39.37687
58.0,36.272167
53.8,33.44756
53.6,31.126823
47.4,29.047981
44.8,27.24078
38.8,25.531166
32.8,23.943367
26.8,22.493172
20.8,21.236763
14.8,20.170967
8.8,19.27935
2.8,18.561691
2.0,18.09336
118.8,118.94238
112.8,109.117195
106.6,98.911934
100.4,89.59743
98.0,84.652985
93.8,80.04853
92.2,75.43129
90.4,71.17125
86.0,67.05112
85.2,63.402443
79.2,59.69892
77.8,56.40257
71.6,53.01928
65.6,49.54112
61.2,46.26919
59.0,43.254917
58.0,40.620934
52.0,38.02604
46.0,35.434803
45.0,33.154797
39.0,30.981178
37.8,29.11639
36.8,27.577198
34.8,26.29432
34.0,25.25616
28.0,24.251831
22.0,23.256264
21.2,22.455421
20.6,21.811096
18.4,21.26033
12.4,20.721428
6.4,20.226265
5.0,19.831718
1.4,19.494324
0.8,19.23394
0.2,19.032455
76.0,32.415356
74.4,30.520359
71.4,28.920128
65.4,27.453075
59.4,26.077435
53.4,24.83405
47.4,23.760704
44.6,22.919266
39.8,22.234352
39.6,21.751564
33.6,21.307732
27.6,20.880676
21.4,20.509521
20.0,20.257858
16.4,20.073738
10.2,19.884949
4.2,19.7258
0.2,19.591942
75.4,62.57634
69.2,57.679626
64.6,53.07946
58.6,48.9221
52.4,45.07318
46.4,41.521976
44.0,38.438385
40.4,35.739765
40.0,33.536724
35.8,31.796139
32.6,30.3359
32.2,29.172974
26.2,27.99387
20.2,26.743023
14.2,25.527897
8.2,24.374588
2.2,23.332802
0.2,22.511063
69.4,115.09495
63.4,117.62093
56.4,120.81647
56.2,125.566185
56.0,131.59732
41.4,136.10345
32.2,139.82416
27.4,144.77612
22.4,150.5812
10.4,155.56708
3.6,159.55441
61.6,110.36925
52.4,103.93353
51.0,98.176
40.6,92.16612
27.8,86.05292
134.4,142.67032
131.6,138.68277
128.0,133.50328
125.0,127.80684
122.2,121.57147
119.4,114.968506
116.4,108.43843
113.6,102.099205
110.8,96.055374
108.0,91.65063
105.0,87.99316
104.4,85.65505
104.2,83.67133
101.4,81.72901
98.6,80.02577
95.8,78.296616
93.8,76.608055
89.0,75.02991
86.2,73.422585
84.8,71.792046
82.2,70.05147
79.4,68.153854
79.0,66.2755
78.8,64.53063
76.0,62.827904
72.8,61.077713
70.0,59.271824
67.2,57.40199
64.4,55.46649
63.8,53.65286
61.0,51.86183
58.2,50.047424
55.4,48.214043
52.0,46.446236
49.2,44.689404
46.4,42.967148
45.8,41.39714
41.4,40.024136
41.2,38.869343
41.0,37.891865
40.0,37.031857
37.2,36.179043
33.6,35.26301
30.4,34.365925
27.6,33.494156
24.8,32.63101
21.6,31.812561
18.8,31.050095
16.0,30.34486
15.4,29.732285
14.6,29.229214
13.0,28.784973
11.8,28.386314
11.0,28.029713
10.4,27.727043
10.0,27.477322
7.6,27.209576
6.8,26.956371
4.0,26.666039
0.8,26.353157
0.2,26.093884
90.2,70.64998
87.6,67.5144
85.8,64.70134
84.0,62.143875
83.8,59.848522
81.8,57.739677
75.2,55.62924
73.4,53.649548
69.6,51.717033
66.4,49.864544
61.6,48.012096
59.6,46.326057
58.2,44.922752
53.6,43.511257
47.2,42.05089
41.2,40.537045
38.6,39.218273
37.2,38.16634
36.2,37.34313
30.2,36.604607
24.2,35.97481
18.2,35.406025
14.0,35.034966
10.4,34.563683
3.6,33.822094
3.4,33.163708
1.6,32.491016
130.0,48.54308
128.8,44.654087
122.6,41.062977
116.4,37.613815
107.8,34.1886
106.4,31.291859
104.4,28.966576
94.8,26.86697
71.6,24.38784
63.0,22.350792
57.4,20.820961
27.4,19.356987
19.2,18.426544
15.4,17.831192
47.0,78.033714
41.0,74.50468
39.4,71.01595
35.0,67.479034
28.6,63.710373
22.8,59.82511
19.0,56.042477
18.8,52.634563
12.8,49.36957
10.4,46.39665
10.2,43.827427
7.6,41.624775
1.6,39.537994
0.4,37.718136
63.8,74.82141
61.4,72.85103
61.2,71.16444
53.6,69.3956
47.6,67.078354
42.4,64.12216
36.2,60.7485
30.2,57.075504
24.2,53.213844
17.6,49.39002
13.6,45.75038
13.2,42.58866
7.2,39.694168
5.8,37.20349
16.8,55.2201
10.8,50.603043
4.4,45.910095
63.6,44.723217
60.0,40.364525
54.0,36.605473
52.8,33.546383
46.4,30.921738
40.4,28.665298
34.4,26.773708
28.4,25.181671
22.4,23.85585
16.4,22.748894
10.4,21.853683
4.4,21.105766
1.4,20.552185
62.8,72.08681
56.8,68.285484
53.0,64.55227
51.6,61.12248
45.6,57.719
39.4,54.155544
33.2,50.42827
26.4,46.582973
25.6,43.107082
23.2,40.035965
16.8,37.25339
10.8,34.705227
4.8,32.418297
103.8,121.54767
97.8,120.77438
91.8,121.57057
89.8,124.53304
83.6,128.7004
83.4,134.53635
77.2,140.6582
71.2,146.56679
68.6,152.27985
65.8,157.74835
59.8,162.43976
53.4,166.01947
47.4,168.61192
41.4,170.22351
35.2,170.97713
29.2,170.92712
25.8,170.57935
22.6,170.08444
15.8,168.97308
9.8,167.1885
3.8,164.76193
2.4,162.12175
73.6,51.7974
73.4,47.925446
67.4,44.359314
65.2,41.174286
59.0,38.28343
55.4,35.74351
55.2,33.684776
50.4,31.963867
48.0,30.530174
42.6,29.2058
36.6,27.926357
32.4,26.718498
32.2,25.748734
29.4,24.96241
26.0,24.24147
22.8,23.574646
20.0,22.996597
17.2,22.457108
15.4,21.966484
14.6,21.578957
11.8,21.220116
8.2,20.854523
5.4,20.496948
3.4,20.166336
0.6,19.853989
118.2,177.6043
112.0,175.15335
109.2,172.58847
102.6,170.01239
96.6,167.2984
90.4,164.40076
83.8,161.36969
78.8,158.15634
78.6,155.54086
78.2,153.50278
72.0,151.45349
66.0,148.41046
64.6,145.1713
59.2,141.7417
56.6,138.13687
55.8,134.87671
49.6,131.4535
43.6,127.15874
41.8,122.93367
35.6,118.12442
29.6,113.098145
23.6,108.25688
17.4,103.66199
11.4,99.14222
4.8,95.02532
3.4,91.62466
0.2,89.02449
3.2,80.20146
0.6,75.38349
46.4,71.578865
45.2,69.413
42.4,67.20738
35.8,64.76432
28.8,62.010056
22.8,58.999084
18.6,55.94414
18.2,53.102654
12.0,50.26625
6.4,47.631454
0.4,45.126583
23.4,126.42088
17.2,121.7553
11.0,116.18837
4.6,110.04345
92.8,67.49888
92.4,64.04816
89.2,61.00827
88.2,57.674454
82.2,54.062027
76.2,50.450752
70.2,47.038837
68.2,44.137783
66.0,41.644993
64.6,39.569138
64.2,37.91899
58.2,36.333576
56.8,35.05235
50.8,33.81235
44.4,32.56994
43.8,31.547783
43.6,30.706894
40.0,29.902065
33.2,29.057114
32.2,28.405739
29.8,27.798622
28.2,27.236298
27.8,26.863617
21.8,26.500652
16.8,26.251343
15.4,26.261208
14.6,26.114658
8.0,25.864532
2.0,25.608925
142.8,128.08153
137.2,120.586655
131.0,113.08226
124.8,105.09148
118.2,97.2739
111.4,90.406006
105.4,84.88566
104.2,81.79693
100.6,78.26331
94.6,74.235916
90.4,69.9101
84.2,65.62489
81.6,61.671875
78.2,57.863655
75.6,54.257763
69.2,50.66128
66.6,47.32645
66.0,44.336246
65.8,41.840584
59.6,39.578526
53.6,37.444183
47.6,35.524334
46.8,33.97107
44.8,32.759956
38.6,31.7122
35.6,30.831242
34.8,30.126759
32.8,29.53844
27.4,28.977573
19.8,28.509544
18.2,28.18306
15.8,27.906006
14.0,27.656715
12.8,27.448833
7.8,27.161339
7.2,26.866375
5.8,26.60675
3.0,26.353436
2.2,26.123909
2.0,25.93658
0.6,25.772766
0.2,25.63152
142.6,140.28397
141.8,136.39603
138.2,132.24739
136.4,127.6046
133.8,122.40018
131.6,116.74491
125.6,109.467575
119.6,100.824265
119.0,92.62965
116.8,86.56353
115.2,82.38708
110.8,79.04524
109.4,75.88588
108.4,72.80763
105.8,69.7685
100.6,66.40572
97.4,62.907
95.6,59.514805
94.8,56.451263
88.8,53.366905
82.6,50.23144
76.6,47.211052
74.6,44.548332
73.6,42.338985
73.4,40.60254
69.2,39.17206
69.0,38.11524
67.2,37.279003
66.0,36.587917
63.8,36.01629
58.4,35.43096
58.0,34.9784
37.6,34.259964
37.0,33.66979
26.8,32.99186
17.4,32.301064
9.4,31.647667
70.4,86.995056
64.4,83.07363
58.4,78.620766
56.4,74.34566
54.6,70.34635
54.2,66.6803
54.0,63.39584
52.0,60.358734
46.0,57.22693
39.6,54.119984
33.6,51.019062
27.6,47.971165
25.6,45.2668
20.6,42.809143
14.4,40.641346
11.4,38.7688
5.4,37.010513
132.8,88.03731
126.8,84.2473
120.4,80.94045
115.6,77.62096
109.2,73.988045
103.0,70.05036
96.4,65.94409
89.0,61.655556
82.6,57.338203
81.0,53.302574
80.8,49.754948
74.8,46.405144
68.6,43.194523
62.6,40.21495
56.6,37.472652
50.4,35.029
44.4,32.901894
43.0,31.197166
42.6,29.870197
41.8,28.88573
41.2,28.13459
34.8,27.445835
28.8,26.788616
22.8,26.199036
16.8,25.667137
13.6,25.239422
7.6,24.872952
2.6,24.59253
37.8,131.28432
34.6,124.675865
27.4,118.33561
24.8,112.928345
24.6,108.952065
18.4,105.30983
13.6,101.46924
7.2,97.07228
4.0,92.86625
3.8,89.19083
3.0,86.424
135.4,84.21713
129.2,81.41992
123.2,78.11702
121.0,75.00859
118.6,72.08358
112.6,69.162636
106.6,65.94641
100.6,62.387444
94.6,58.643723
88.6,54.85906
82.6,51.138054
76.6,47.533802
74.2,44.34559
68.2,41.436825
65.2,38.947857
63.2,36.901047
57.2,35.039555
51.2,33.297173
45.2,31.749691
39.2,30.389492
33.2,29.143791
27.0,27.998566
21.0,26.990124
15.0,26.091442
8.8,25.292366
1.6,24.604046
64.2,75.18801
54.6,71.394394
48.6,67.23133
44.6,62.954475
43.8,58.921772
37.8,54.91497
31.8,50.860123
25.8,46.7722
23.4,42.990334
23.2,39.792168
17.4,36.837868
14.6,34.27065
13.6,32.20294
7.6,30.367321
4.2,28.755135
139.6,77.69023
132.8,74.43787
126.8,70.74046
120.8,66.66774
114.8,62.376087
108.8,57.979748
105.0,53.792255
104.8,50.10905
102.0,46.98828
96.6,44.127075
94.8,41.5692
93.2,39.356796
93.0,37.530178
91.0,35.99299
81.4,34.51906
75.4,33.022255
74.8,31.703514
74.2,30.622974
68.2,29.562546
62.2,28.458958
53.8,27.296894
48.6,26.202831
42.6,25.171303
36.6,24.22078
30.6,23.393997
24.6,22.667892
21.0,22.070175
13.6,21.528816
134.6,91.14728
129.8,87.32544
129.6,84.54503
123.6,81.499016
116.8,78.16082
115.8,75.04088
109.8,71.65674
103.8,68.00227
97.4,64.1888
91.4,60.23407
86.2,56.249672
81.4,52.3132
80.8,48.807747
74.8,45.48363
68.8,42.36087
65.2,39.611572
59.2,37.111446
55.4,34.923225
49.4,32.957813
43.4,31.215061
37.4,29.688519
31.4,28.28445
29.8,27.156807
29.6,26.314648
23.2,25.523975
17.2,24.730743
13.2,24.013893
10.8,23.40371
5.2,22.791801
50.4,54.526447
45.0,50.522934
42.6,46.709183
41.0,43.145794
39.8,39.99187
36.4,37.10487
30.4,34.319412
30.0,31.976841
29.8,30.14597
25.6,28.455814
19.6,26.83448
13.6,25.28954
7.6,23.785904
2.8,22.358871
75.6,81.333015
68.0,78.360565
61.6,75.47008
55.8,72.41144
55.4,69.61107
55.2,67.23986
52.4,65.16106
47.6,63.131428
45.6,61.214645
39.6,59.253914
33.6,57.193924
29.4,55.13703
29.2,53.30104
29.0,51.744564
23.0,50.253445
21.8,48.87791
21.6,47.693512
15.4,46.49067
9.4,45.16774
2.8,43.675945
0.8,42.1714
121.4,69.86538
115.4,68.39016
107.4,66.76544
101.4,64.9594
100.4,63.268494
96.4,61.58905
94.6,60.005203
87.8,58.382072
85.0,56.90261
82.6,55.628124
79.6,54.46978
73.6,53.17543
67.8,51.566742
61.6,49.927837
57.2,48.09045
56.0,46.325756
55.8,44.6934
55.4,43.212032
51.8,41.724644
45.8,39.948124
39.8,38.023575
38.4,36.285713
37.6,34.809372
31.6,33.397934
25.2,31.938816
24.6,30.687153
20.8,29.487007
20.6,28.52227
14.6,27.439545
13.8,26.534115
12.6,25.784649
12.4,25.174881
6.4,24.441658
5.6,23.854996
4.0,23.309555
1.2,22.77771
48.0,60.68902
42.0,56.6877
39.2,52.852264
33.2,49.088955
27.2,45.383705
23.4,41.934246
17.4,38.80132
11.2,35.93072
5.2,33.304203
2.0,31.072163
46.2,104.15783
42.6,98.7296
36.6,93.190704
35.8,89.2574
35.6,86.56568
35.0,84.6934
29.0,82.535164
22.6,79.71896
22.2,76.92991
16.2,73.913445
13.2,70.75232
4.4,67.02838
4.2,63.487095
0.2,59.880196
86.0,103.839096
82.2,96.88942
81.4,91.3802
76.2,85.753265
69.8,81.232445
69.6,78.02316
63.6,74.79791
57.6,71.26664
51.6,67.4513
46.0,63.47001
44.6,59.74067
43.4,56.35582
42.4,53.360123
36.8,50.360474
36.6,47.705917
35.0,45.371353
29.0,42.989773
23.0,40.623886
17.0,38.243206
11.0,35.928165
5.0,33.707558
26.0,89.98429
20.4,85.417694
19.2,82.163574
13.2,78.44518
10.8,74.431274
8.2,70.40282
8.0,66.68086
5.4,63.26483
5.2,60.22256
3.6,57.440445
97.2,84.966095
91.2,82.139145
87.8,79.661446
81.8,76.94772
75.8,73.915565
74.4,70.92074
73.2,68.11395
72.8,65.55373
66.8,62.84284
60.8,59.921974
54.8,56.813133
48.8,53.60065
42.8,50.31996
38.4,47.061592
37.6,44.205986
37.4,41.822105
31.4,39.529243
25.4,37.29553
19.4,35.23168
13.4,33.34872
7.4,31.554012
1.6,29.971664
0.2,28.75225
139.8,122.11028
137.0,114.20238
136.6,106.44513
133.0,98.999275
129.6,92.70581
123.4,88.08097
120.6,85.240204
117.2,82.33804
114.4,79.14494
113.4,75.92206
111.6,72.82634
111.4,70.01628
108.6,67.21914
105.8,64.26637
103.4,61.22657
100.6,58.15246
97.6,54.948524
94.8,51.81838
92.0,48.73543
89.2,45.738827
86.4,42.80114
85.0,40.119137
83.6,37.794613
80.8,35.718536
80.0,33.97072
78.4,32.46919
75.6,31.097065
72.8,29.834557
70.0,28.78305
67.2,27.834007
64.4,26.946804
61.6,26.100185
60.4,25.39098
57.6,24.76072
54.6,24.1361
54.2,23.647118
53.4,23.244476
50.6,22.874435
50.0,22.579369
47.2,22.327477
46.2,22.108437
43.6,21.873169
42.6,21.698303
42.2,21.552933
41.4,21.432343
40.6,21.32209
39.8,21.216774
39.0,21.122063
38.6,21.045166
37.0,20.967453
35.8,20.887466
32.8,20.793068
30.0,20.658035
27.2,20.499138
22.6,20.351707
19.8,20.201271
17.0,20.049072
14.2,19.904861
11.4,19.760948
9.8,19.646545
7.0,19.541748
4.2,19.442062
2.6,19.363075
2.4,19.312767
1.6,19.274582
122.2,80.7549
116.2,75.56926
109.8,69.85309
108.0,64.43358
105.6,59.34847
105.4,54.88678
105.0,51.06219
98.0,47.43188
92.0,43.910664
86.0,40.557503
81.6,37.435703
81.0,34.851337
75.0,32.68091
69.0,30.77509
63.0,29.12947
56.8,27.731949
56.4,26.679695
55.4,25.908596
53.8,25.3498
52.2,24.941391
46.2,24.54557
41.2,24.106476
35.2,23.641144
28.8,23.166885
28.6,22.754723
27.4,22.410835
27.2,22.12915
26.6,21.904457
20.6,21.674454
14.8,21.418938
8.8,21.172272
2.6,20.913658
0.8,20.689613
18.8,108.40573
12.8,103.57799
6.8,98.93771
0.6,94.84517
14.0,61.18316
9.4,57.10343
45.6,103.78053
39.6,94.859024
33.4,88.462524
26.8,84.290855
24.4,79.96861
17.8,75.35338
11.8,70.78912
5.8,66.06677
2.0,61.428596
0.6,57.149902
16.8,82.02862
15.0,77.42162
9.0,72.58705
3.0,67.78604
15.8,82.01025
9.8,78.03996
3.8,73.68451
0.6,69.20291
47.8,76.07244
41.8,74.00252
35.8,71.30465
34.4,68.38197
33.8,65.57649
27.8,62.517323
21.8,58.998806
15.6,55.258755
8.6,51.408546
8.2,47.880554
2.2,44.410294
1.2,41.276764
9.4,70.31081
3.8,66.58951
112.6,209.92752
109.8,210.05605
106.8,209.25885
104.0,207.86812
101.2,206.01926
98.2,203.65173
94.8,200.97415
93.4,198.4964
89.8,196.08356
87.0,193.38184
84.6,190.45682
81.8,187.4939
80.0,184.50327
77.2,181.38577
74.4,178.2448
71.6,175.02116
68.8,171.97758
67.8,169.71484
67.6,168.39264
64.4,167.23355
62.0,165.97849
59.0,164.58316
56.2,162.89732
53.2,160.87625
50.4,158.5472
47.6,156.04865
47.0,153.798
43.8,151.737
43.0,149.87389
41.2,148.06055
38.4,145.94547
35.2,143.37546
32.4,140.16434
31.6,136.89322
28.8,133.28275
26.0,129.19998
25.2,125.141205
22.4,120.52761
19.8,114.94848
16.0,109.0725
13.2,102.32178
10.4,95.468056
9.8,89.86897
9.0,85.358986
8.8,82.23758
5.8,78.94577
3.0,75.40811
2.2,71.9394
0.8,68.67247
48.8,150.83223
43.2,145.74619
41.0,142.05972
35.0,138.48105
29.0,135.47437
27.2,134.50519
21.2,133.78467
20.0,133.92859
19.2,134.62766
19.0,135.84421
12.2,134.87111
11.0,132.9704
4.2,128.6221
35.8,81.975746
29.8,76.82838
25.8,72.02711
19.8,67.50826
17.6,63.45645
16.8,59.872078
14.6,56.645397
9.2,53.39265
8.0,50.411144
2.0,47.48549
0.8,44.904434
34.4,94.79367
29.6,86.2434
29.0,81.935555
22.4,77.08387
16.4,72.335625
10.4,67.70035
4.4,63.126167
2.4,58.99018
86.8,74.70045
78.4,71.81894
75.6,68.75191
73.8,65.638885
73.6,62.63725
72.8,59.839996
66.6,56.99576
65.0,54.27754
58.8,51.583458
57.4,49.04393
55.8,46.690998
55.4,44.587254
52.4,42.634216
46.2,40.687706
40.2,38.74385
36.2,36.863895
35.0,35.224384
31.8,33.72707
26.6,32.298496
20.8,30.983112
19.4,29.840103
16.4,28.82817
12.2,27.855312
11.0,27.014732
5.0,26.185307
2.2,25.462986
0.8,24.879883
0.6,23.914215
52.2,115.43532
46.2,106.63648
40.0,96.90004
34.0,89.28723
29.4,83.271706
22.8,77.81799
21.6,72.59264
20.4,67.69907
20.2,63.27249
13.2,58.642242
11.8,54.265392
5.8,49.85865
3.4,45.77182
0.4,42.116486
56.8,68.63333
56.2,64.7934
49.8,61.271202
44.2,58.042286
38.2,54.93825
31.4,51.870544
25.6,48.791313
19.6,45.690563
18.4,42.826065
17.2,40.36859
13.4,38.270454
11.8,36.482136
10.6,34.95081
10.4,33.689526
4.4,32.390976
1.8,31.184216
32.4,41.09218
26.4,38.457664
20.0,35.939236
14.0,33.481464
8.0,31.102428
1.8,28.910362
0.4,27.141605
40.2,75.213936
39.4,70.23268
35.6,65.36951
29.6,60.533756
23.6,55.594963
17.6,50.707912
11.4,46.008533
5.4,41.639763
0.2,37.759003
30.0,82.35218
22.6,79.27242
16.6,76.124626
10.6,72.83431
4.8,69.34169
0.4,65.84091
124.6,178.69055
120.6,174.97137
114.6,169.82974
112.8,164.16412
108.0,158.03375
102.8,151.73958
102.6,146.3418
96.6,141.10916
90.4,135.8605
83.4,130.36967
81.6,125.58432
81.4,122.05995
79.8,119.3582
77.2,117.04875
76.2,115.07472
76.0,113.488106
74.8,112.00421
70.2,109.46631
69.4,106.81237
66.4,103.367004
65.0,99.874146
64.8,97.09729
64.4,94.78388
63.8,92.99525
59.6,90.67459
55.8,88.02531
49.8,85.15151
43.8,82.41788
42.8,79.85296
42.6,77.63706
36.6,75.516
30.6,73.283455
24.6,70.84583
23.8,68.50774
22.4,66.335175
22.2,64.404144
22.0,62.715244
16.0,60.901245
10.0,58.78607
3.6,56.474934
1.6,54.168346
280.2,144.60771
279.0,142.09286
270.2,138.88098
269.0,136.25433
264.0,134.10173
258.4,132.38474
252.4,129.26018
246.6,125.229904
245.4,121.76192
239.4,118.06949
233.0,113.69919
226.8,109.070984
223.0,104.61263
217.2,100.249016
211.6,96.19181
208.0,92.937645
207.2,90.508385
206.4,88.999374
200.4,87.33401
194.0,85.39342
187.0,83.39417
185.4,81.794655
179.4,79.6411
174.2,77.23923
174.0,75.56447
168.0,73.83453
161.8,71.92863
155.4,69.8634
149.2,67.95124
144.2,66.110664
137.8,64.14753
131.8,62.226658
125.0,60.365578
119.0,58.546246
117.8,56.99554
115.0,55.660534
108.6,54.54264
106.4,53.693607
104.4,52.924343
100.2,52.10495
97.2,51.348953
97.0,50.81849
90.4,50.211205
83.4,49.4753
77.4,48.68924
72.2,47.677868
68.0,46.587807
65.8,45.412292
63.4,44.215603
57.4,42.89364
51.2,41.52472
45.2,40.129894
37.0,38.727703
31.0,37.311516
25.2,35.91866
24.2,34.680363
23.8,33.604443
20.0,32.629955
10.0,31.651016
7.4,30.762238
1.4,29.894215
0.6,29.164204
196.4,194.1036
194.8,191.80304
193.6,189.9176
189.4,188.30319
188.0,186.92789
186.6,185.59982
185.2,184.24767
183.8,182.81747
181.0,180.93681
179.4,178.9245
178.2,177.04874
176.8,175.33658
175.4,173.79456
174.0,172.38428
172.6,171.03403
170.8,169.76068
168.6,168.56133
168.4,167.60167
167.0,166.76361
165.6,165.76688
165.0,164.65826
164.2,163.50386
164.0,162.45392
163.8,161.57637
162.8,160.7724
161.4,159.91273
160.0,158.9253
158.6,157.64215
157.2,156.04767
155.8,154.22531
154.4,152.29106
153.8,150.36108
153.0,148.60469
152.8,147.14508
150.0,145.56035
148.8,143.88336
147.4,142.03023
146.0,139.96947
144.6,137.66733
143.2,135.07394
141.8,132.30899
140.6,129.43752
139.0,126.45805
137.6,123.43214
136.4,120.53921
134.8,117.81401
133.4,115.221725
132.0,112.721085
130.6,110.324875
129.4,108.02996
127.8,105.80008
126.6,103.638084
123.8,101.391136
119.0,98.665794
118.8,95.912025
115.2,92.83638
114.0,89.78033
112.6,86.61588
111.2,84.04042
109.8,81.86309
108.4,80.442696
107.0,79.16945
105.6,77.9279
102.8,76.636765
101.2,75.32994
97.2,73.91217
95.6,72.491516
89.6,70.795105
85.6,68.82653
78.8,66.43591
72.8,63.792503
69.2,61.099552
64.4,58.42182
63.2,55.929085
60.0,53.570602
59.8,51.481983
54.8,49.49184
48.8,47.526295
42.6,45.59834
36.6,43.733395
29.8,41.9405
28.0,40.35101
27.8,39.031364
25.8,37.89962
19.8,36.7803
13.8,35.675476
7.6,34.55597
1.6,33.48201
145.6,137.93607
139.2,134.29121
134.0,129.35623
128.2,122.89429
121.4,114.57204
119.8,106.03325
114.2,97.64878
108.6,90.60137
102.6,84.51111
96.6,79.86264
90.6,75.199135
90.0,70.809975
83.6,66.660095
77.8,62.536156
73.6,58.549652
72.4,54.939007
69.2,51.6198
65.2,48.581787
59.0,45.91896
52.8,43.59493
46.8,41.33791
44.4,39.287254
40.2,37.4017
34.2,35.603886
28.2,33.965336
22.0,32.46351
16.0,31.113316
15.4,30.05151
14.4,29.240498
13.2,28.620441
7.8,28.0238
5.0,27.510876
2.4,27.05009
1.6,26.670605
118.2,147.45691
107.0,147.5524
106.6,149.77072
105.6,154.0628
91.4,156.39746
85.6,158.1341
83.2,160.34383
73.2,161.50601
73.0,163.6236
62.6,165.83765
42.4,165.0983
38.2,164.27655
27.2,162.78934
24.4,161.98938
22.8,162.60938
18.6,164.15732
17.0,166.39307
16.0,169.30765
15.2,172.92052
13.6,176.42398
12.8,179.63126
11.0,182.26721
7.4,184.31949
36.6,168.62161
35.6,173.15376
34.4,177.52202
34.0,182.94255
33.0,187.82127
32.0,191.47266
31.0,193.797
30.0,194.97043
26.8,195.173
25.2,194.84665
16.8,194.27881
16.2,193.70003
15.2,193.19257
12.0,192.20752
9.0,190.77034
3.0,188.2932
102.2,75.99163
96.2,71.61243
81.6,66.43292
75.0,61.30983
71.4,56.135807
71.2,51.70571
64.8,47.67974
58.8,43.916992
52.8,40.444283
49.0,37.399784
43.0,34.68075
38.6,32.35473
38.4,30.52206
37.8,29.119389
31.8,27.891476
28.8,26.866978
22.8,25.953957
20.2,25.193169
18.0,24.583912
16.4,24.086777
13.0,23.658188
7.0,23.249977
1.0,22.865608
139.4,210.23483
126.8,206.43198
118.8,199.64105
101.4,189.11203
93.6,176.82042
88.0,165.12804
72.0,151.78821
71.4,140.24684
71.2,131.16588
59.2,122.46901
58.2,115.33243
54.8,109.42171
48.2,103.35825
47.8,98.43035
46.6,105.98885
34.4,102.43779
32.8,97.76405
23.0,93.24689
22.8,90.0707
22.4,87.485085
16.0,84.77
13.2,82.34355
6.8,79.82294
0.2,76.87362
