actual_rul,predicted_rul
284.0,226.66867
283.2,224.22061
282.4,221.98602
280.8,219.87454
279.8,217.87344
279.2,216.10306
278.6,214.76562
277.6,213.85095
277.0,213.4448
275.2,213.47754
274.4,213.69958
270.0,213.93521
264.2,214.1268
261.4,214.30847
259.8,214.47052
258.8,214.51974
257.4,214.06763
256.6,213.06612
256.0,211.81686
254.6,210.19849
254.2,208.33603
253.2,206.33423
251.8,204.05928
250.4,201.61896
249.0,199.3343
247.6,197.09033
246.2,194.78363
244.8,192.50827
239.0,189.07242
236.4,184.60352
224.6,176.35161
224.0,166.27548
223.4,156.13669
223.0,147.32115
213.6,138.43108
213.4,130.9436
207.2,123.70014
205.0,116.87959
204.8,111.27378
200.8,106.121635
194.4,102.22252
187.6,98.04368
181.2,93.10477
176.4,88.94868
172.8,85.258934
172.6,82.135376
166.2,79.92964
159.6,78.12627
153.2,75.925354
146.8,73.50511
145.2,71.12818
141.4,68.85411
135.8,66.63266
134.8,64.59663
127.4,62.566685
127.2,60.74922
126.6,59.170185
121.0,57.71438
114.8,56.328762
108.8,54.96367
102.2,53.628166
98.8,52.442364
96.6,51.46262
94.8,50.67725
88.8,50.008717
88.6,49.530087
88.0,49.23207
87.2,49.072563
86.8,49.021774
80.6,48.908775
77.6,48.793457
71.4,48.659344
65.2,48.51403
62.8,48.39829
58.6,48.30661
56.6,48.24429
54.0,48.207508
51.8,48.19888
45.6,48.1334
41.4,48.05464
35.0,47.931763
30.8,47.815224
28.8,47.721283
27.8,47.652466
22.4,47.536194
16.8,47.37558
10.8,47.161438
4.8,46.883427
180.2,248.71207
178.8,247.63596
178.6,246.7695
177.4,245.98792
176.0,244.97455
174.6,243.52042
173.2,241.91321
173.0,240.587
171.8,239.31665
169.0,238.06165
167.6,236.87903
166.2,235.50156
164.8,233.84726
163.4,232.17938
162.0,230.30139
160.6,228.48886
159.2,226.5485
157.8,224.35114
156.4,222.22919
155.0,220.10889
153.6,217.3624
153.4,214.91995
152.6,212.76724
152.4,211.25922
152.2,210.30142
152.0,209.81815
145.0,203.77042
138.0,191.13295
135.8,176.64917
135.4,164.1154
129.6,152.40237
119.4,138.29477
113.6,124.284874
109.8,111.934586
107.2,102.44914
101.0,94.29068
98.8,87.68353
92.6,81.40419
87.4,75.99218
87.0,72.70919
82.4,69.58167
80.6,66.769424
74.4,64.03145
73.4,61.42286
72.0,58.96196
66.8,56.524857
66.6,54.2239
60.2,51.961063
58.0,49.785297
57.8,47.75397
55.4,45.890667
49.8,44.21158
44.0,42.551456
34.4,40.658585
33.8,38.327244
33.6,35.473766
28.0,32.590523
22.4,30.316769
18.0,28.64243
11.8,27.316147
10.4,26.305538
9.2,25.511002
5.8,24.812267
0.2,24.144516
99.6,95.98139
99.4,94.2915
92.6,92.08168
86.2,89.46233
85.4,87.384544
85.2,85.85304
79.6,84.254944
74.0,82.941635
73.0,81.70652
68.4,80.2798
67.2,79.09762
63.6,77.843254
63.4,76.794624
59.8,75.67437
53.0,74.40414
47.8,73.00797
44.2,71.536224
41.4,69.98099
38.6,68.417274
32.6,66.53968
32.0,64.436386
29.2,62.287304
23.2,59.642918
22.0,56.73684
21.4,53.928177
21.0,51.32599
15.0,48.551826
13.6,45.90163
6.8,43.368572
178.8,179.24634
172.4,176.77173
165.6,171.99138
160.8,165.33789
160.0,158.89017
154.8,151.81401
148.4,143.7304
145.2,135.8199
144.0,129.08867
143.2,124.06973
142.8,120.507225
141.4,117.91576
134.8,115.55274
127.8,112.37411
125.0,108.869125
123.2,105.624016
122.8,103.084435
122.2,101.411285
121.8,100.37954
121.4,99.83609
115.8,98.72257
104.6,96.10679
99.0,92.9425
96.8,89.89876
95.2,87.21508
92.8,84.924484
92.6,82.97961
91.4,81.42383
91.2,80.11087
91.0,79.019936
89.6,78.04148
88.4,77.058266
85.0,75.81999
84.8,74.545456
84.6,73.2967
84.4,72.178604
84.0,71.164444
83.8,70.18372
83.6,69.45464
77.4,68.66906
73.6,67.74253
64.6,66.67301
63.2,65.63847
62.8,64.644745
56.4,63.563763
53.8,62.483467
51.4,61.42688
45.2,60.306908
39.0,59.148186
32.6,58.052647
25.6,56.986534
19.6,55.83816
13.6,54.648808
7.2,53.42429
1.2,52.281822
288.0,97.65786
285.0,96.01761
274.2,94.78648
270.2,93.942345
265.2,92.91164
261.2,91.91634
257.6,90.84821
257.2,89.648735
257.0,88.30418
256.2,86.80291
253.2,85.13364
250.4,83.13605
247.6,80.92169
241.0,78.60678
235.0,76.18743
233.8,73.93913
227.8,71.38513
221.8,69.2414
221.2,67.52369
215.2,65.84583
209.2,64.355194
202.8,62.86849
194.6,61.30847
188.6,59.658943
182.0,58.023663
175.8,56.368336
171.8,54.69476
170.8,53.07405
167.4,51.510635
161.2,49.824562
155.0,48.11708
147.8,46.495262
139.6,44.969143
130.4,43.547672
127.2,42.30687
120.2,41.31889
113.6,40.58757
113.0,40.063725
112.2,39.681656
106.2,39.39674
99.4,39.244667
93.2,39.13342
92.6,39.061573
87.0,39.004436
86.6,38.983284
74.4,38.841118
70.0,38.692574
69.4,38.57874
63.2,38.388275
51.2,38.267834
39.2,37.944942
33.8,37.68864
21.8,37.471428
9.8,37.31401
2.4,37.186436
2.2,37.136837
1.0,37.123993
161.0,200.59993
158.4,199.20499
158.2,198.65913
157.4,198.89429
152.6,198.59213
152.0,198.30035
151.2,198.04272
146.0,196.74619
142.6,194.79895
141.4,192.67429
139.8,190.61516
138.4,188.75021
136.2,186.95364
134.4,185.48201
133.2,184.38974
129.8,183.02509
126.4,181.26929
121.0,178.70294
114.6,174.68697
113.8,170.9415
113.0,168.1981
112.2,166.47557
111.6,165.754
109.2,165.37524
109.0,165.68109
104.0,164.76399
103.0,163.53476
98.8,161.65906
98.6,159.93759
98.0,158.50919
96.8,157.1938
94.8,155.74329
90.4,153.20914
88.2,150.19687
87.4,147.38776
85.6,144.85355
81.4,141.8245
75.8,137.92741
75.6,134.59686
67.6,130.36263
62.0,125.72027
58.6,121.30778
53.0,116.76052
49.8,112.51312
48.6,109.18101
47.6,106.65638
41.4,103.71392
39.0,100.74457
32.6,97.07426
26.4,93.544365
20.6,90.01262
18.8,86.654686
12.4,82.94233
10.8,79.63284
6.6,77.11368
0.6,74.82196
85.6,221.646
80.6,220.20706
76.4,218.85861
73.0,217.62555
72.2,216.69238
65.8,214.2373
59.0,210.02492
57.4,205.71753
50.6,199.86414
48.2,193.80144
41.8,187.00375
35.2,179.77502
33.6,174.00047
33.2,170.04733
31.0,167.38208
30.8,166.02728
24.6,164.28743
18.2,161.77704
12.0,158.60347
5.6,154.81317
1.0,150.87756
250.8,232.7915
239.2,225.91992
230.0,218.82587
229.6,213.12363
226.6,208.57114
220.4,203.47409
217.0,198.4748
214.4,193.48569
208.4,186.86766
207.4,181.15164
207.0,176.89319
198.6,171.9494
194.6,166.48901
192.2,161.59608
186.0,155.80981
178.8,149.89886
172.6,144.04272
166.4,137.17822
157.2,129.47745
151.0,120.97068
149.8,113.30832
143.2,106.20241
142.8,100.318596
140.2,95.09458
138.6,90.80878
135.8,86.815094
134.8,83.22688
134.6,79.98376
126.0,76.638435
120.0,72.52734
113.8,68.76298
110.4,65.33515
104.8,61.90824
97.8,58.451
91.4,54.961178
85.8,51.534023
79.6,48.276207
76.0,45.277386
74.0,42.606495
73.0,40.300655
67.6,38.251835
67.4,36.48984
61.2,34.92475
54.4,33.5037
48.0,32.230854
41.0,31.101093
37.6,30.112846
31.6,29.241169
25.6,28.479351
25.2,27.888218
19.2,27.39185
13.0,26.945301
7.0,26.499023
3.2,26.054409
0.2,25.66927
259.0,139.55693
252.6,137.58221
246.0,133.92073
239.6,128.29018
233.0,121.7511
226.4,114.6215
223.0,107.61564
221.8,101.898705
215.0,96.15639
214.6,90.96502
208.0,86.23096
201.2,82.21403
197.0,78.76695
194.0,75.799126
193.2,73.74277
189.6,71.813126
189.2,70.116974
188.6,68.67888
186.4,67.367966
180.8,66.092
171.0,64.75339
165.4,63.47381
160.6,62.364513
160.0,61.47448
159.0,60.796066
155.8,60.290474
154.8,59.956604
148.8,59.653755
142.2,59.377052
139.2,59.178543
132.4,59.076435
127.0,59.123104
122.0,59.30304
117.8,59.65213
111.6,60.180523
105.6,60.92534
99.6,62.09412
93.4,63.58912
87.4,65.380196
80.8,67.4343
79.0,70.11776
78.0,73.790596
77.8,78.19799
77.6,83.29688
71.6,89.11869
65.4,94.74531
59.4,100.07089
53.4,104.62227
53.2,108.28088
47.0,110.93256
44.2,112.86078
43.6,114.32338
37.0,115.065895
34.0,115.33044
31.4,115.17864
25.4,114.483475
18.8,113.34633
12.8,111.96753
6.6,110.30874
1.8,108.36084
107.0,72.6941
100.8,70.76866
98.0,68.79651
92.4,66.54968
89.6,64.21977
88.0,61.930595
78.6,59.27559
73.0,56.474262
71.2,53.763184
65.6,51.01749
59.0,48.311874
55.0,45.79677
53.6,43.62385
53.0,41.79024
52.6,40.28989
51.0,38.986763
50.8,37.92453
44.8,36.889603
39.8,35.91295
33.8,35.01092
27.8,34.168365
21.8,33.356163
20.8,32.661896
19.2,32.05997
16.6,31.487812
16.2,31.00475
12.2,30.492992
11.2,30.006687
5.0,29.456692
154.0,121.98921
149.8,122.39325
149.6,123.56857
147.6,125.47816
147.2,128.03471
145.2,130.90175
144.0,133.81522
141.0,136.51361
138.4,138.79237
136.0,140.65952
135.8,142.51445
135.6,144.4942
135.0,146.59137
134.8,148.76773
134.6,150.90744
133.4,152.62372
132.0,154.0456
130.6,155.16458
130.4,156.12831
130.2,157.03554
129.8,157.88263
129.6,158.7019
128.8,159.41866
122.4,159.08691
119.6,157.90056
119.4,156.55061
118.6,155.16214
115.0,153.22055
113.0,150.92484
111.6,148.63574
107.4,146.00021
107.2,143.548
106.0,141.25404
100.4,132.79976
96.2,127.02428
92.8,121.22525
88.0,115.929054
87.8,111.41893
86.4,107.5391
80.8,103.60968
80.2,100.050255
75.2,96.453606
74.8,93.2514
68.8,89.8229
65.8,86.20283
63.4,82.65771
60.2,79.050514
59.8,75.94007
57.4,73.246826
56.4,70.979706
55.6,69.1619
53.4,67.66254
51.2,66.37733
49.2,66.710205
43.2,64.843445
42.4,63.107903
38.8,61.519608
37.4,59.926083
32.6,58.202847
27.8,56.475243
27.0,54.761894
23.8,53.166588
22.8,51.62542
19.2,50.207066
7.2,48.609974
6.0,47.267933
4.6,46.033348
4.2,44.8943
3.0,43.8551
1.6,42.883736
0.8,41.98138
181.2,178.36737
180.4,178.77582
179.4,178.72122
173.0,176.07454
166.6,172.13232
160.2,166.7799
154.6,160.13791
149.8,152.89502
149.6,147.16193
144.0,141.88821
133.6,135.16354
128.0,127.959595
125.4,121.53624
120.2,115.50305
114.0,109.30909
108.0,102.62565
105.0,97.665
103.0,93.30511
102.8,89.62642
97.4,85.736374
91.2,81.82775
90.6,78.52815
90.4,75.99497
84.4,73.525764
78.4,70.88124
72.0,68.015526
65.0,64.85654
59.0,61.43721
55.4,58.05165
53.2,54.97486
50.6,52.257862
50.4,49.975235
40.2,48.117325
34.6,46.53893
31.8,45.11727
25.8,43.707718
19.8,42.403263
13.8,40.84949
7.4,39.189747
2.8,37.60922
291.8,122.83771
287.0,114.27256
286.8,106.90542
280.4,99.41108
274.0,91.459274
273.4,84.34099
267.8,79.416504
262.0,75.280785
248.0,70.45121
242.4,65.39431
236.4,60.33516
230.2,55.329285
224.2,50.413567
218.2,45.64127
211.8,41.191093
210.4,37.25376
204.4,33.785122
203.6,30.862377
196.4,28.365204
189.6,26.338715
183.6,24.68232
177.2,23.301071
171.2,22.167389
165.2,21.256523
147.0,20.568565
146.4,20.059143
136.8,19.697212
127.8,19.449127
127.6,19.283958
124.8,19.18171
118.0,19.135963
114.8,19.14009
107.4,19.123268
101.4,19.076431
95.4,19.032257
89.0,18.987892
87.2,18.945717
84.2,18.929375
83.8,18.931244
78.4,18.966171
72.2,19.021248
71.0,19.101448
66.0,19.205742
60.6,19.186798
60.4,19.27153
53.6,19.358475
46.8,19.449348
44.6,19.54889
42.2,19.641876
30.2,19.701881
28.2,19.76854
27.2,19.841255
27.0,19.914017
25.0,19.985817
7.8,20.04937
4.6,20.119957
3.4,20.192528
0.8,20.25969
113.2,144.60948
112.6,146.00677
106.2,145.0167
99.8,142.77258
99.0,140.79718
96.2,138.20438
93.8,135.09686
87.4,130.16292
81.8,123.41908
78.2,116.37468
67.4,109.26469
67.2,105.08859
66.8,103.619896
66.2,105.194
61.4,107.35768
59.2,110.22926
54.8,113.27478
54.0,116.2218
48.0,117.9942
46.8,119.301476
41.4,119.39442
39.2,118.8993
38.8,118.17885
38.0,117.40578
37.2,116.69142
27.6,115.48683
23.0,113.92168
17.0,111.92377
13.4,109.85401
9.8,107.72631
3.2,105.02483
306.8,142.3575
306.6,136.43968
306.4,132.171
306.2,129.48611
300.6,126.557945
295.4,122.52681
295.0,118.861336
294.8,115.88853
286.4,111.97389
280.8,106.522385
274.4,100.56795
268.4,94.55081
262.2,89.03772
256.2,82.80612
254.8,78.0809
251.8,74.93637
251.2,72.02565
249.0,69.293
242.8,66.664406
230.8,63.54203
224.8,60.150463
218.6,56.659416
212.4,53.18509
206.4,49.951447
200.4,46.769478
193.6,43.692028
187.6,40.849136
181.6,38.20376
177.4,35.87946
176.6,33.996857
176.2,32.49317
170.2,31.127987
164.2,29.8583
155.8,28.674297
149.8,27.63232
137.4,26.620396
137.2,25.84898
124.0,24.955975
122.8,24.336067
106.2,23.789001
105.4,23.393234
90.4,23.036156
84.0,22.768211
81.2,118.79314
74.0,115.43045
67.6,111.09436
55.8,104.7833
52.2,98.97716
46.6,94.663925
41.0,90.78201
36.4,87.56494
30.2,84.69612
27.2,82.12278
24.2,80.132965
22.4,78.45617
17.4,76.72704
10.8,74.72252
9.8,72.66342
3.6,70.42967
1.2,68.23369
198.2,110.68117
175.8,106.917145
172.8,103.18993
170.0,99.544655
169.6,96.50621
166.6,93.44558
163.8,90.72842
163.0,88.44494
161.2,86.47832
155.6,83.98972
152.8,81.38793
150.0,78.83937
147.2,76.52332
144.4,74.18762
141.6,71.76169
138.8,69.62448
136.0,67.949875
133.2,66.365265
130.4,64.83278
127.6,63.281513
124.8,61.73993
122.0,60.178444
119.2,58.58759
115.4,56.924885
113.4,55.31541
107.8,53.505024
105.0,51.7219
102.2,50.00066
100.8,48.411667
98.0,46.88121
95.2,45.41725
92.4,44.0108
88.8,42.67635
87.2,41.444656
84.4,40.30424
82.6,39.244392
79.8,38.2062
77.0,37.193638
74.2,36.205944
71.4,35.255917
68.6,34.358093
65.8,33.510746
63.0,32.713043
60.6,31.971931
60.4,31.34134
58.8,30.758408
55.0,30.17966
52.2,29.63462
49.4,29.127789
46.8,28.6381
35.8,28.001652
35.6,27.495651
19.0,26.817562
11.2,26.195408
158.6,138.6806
157.0,136.07831
154.2,133.98653
150.2,132.00887
148.8,130.33853
142.6,127.772064
134.0,123.258415
128.4,117.06782
122.8,110.19627
121.4,104.15784
118.6,98.54766
115.8,93.59146
113.0,89.66953
112.2,86.28772
111.6,83.23488
109.4,80.37119
106.0,77.59611
103.2,74.97076
101.0,72.77197
98.0,70.6266
96.2,68.5206
92.4,66.59846
89.4,64.51445
86.6,62.325985
83.8,60.067467
81.0,57.83155
78.2,55.62989
75.4,53.457508
72.6,51.353622
70.2,49.36142
67.2,47.46707
62.8,45.649216
60.6,43.992577
57.8,42.482662
57.6,41.17752
51.6,39.95202
49.0,38.815014
43.0,37.709732
36.8,36.624416
34.8,35.63343
32.2,34.738327
32.0,33.97942
25.4,33.25306
22.6,32.606068
19.2,32.059296
19.0,31.617767
1.0,31.05589
46.8,106.92642
41.2,104.695915
39.2,102.15293
28.4,98.83891
24.6,95.61282
22.4,92.884674
16.8,90.28947
10.8,87.78185
128.2,142.78647
126.8,141.08292
125.4,139.1889
124.0,137.20044
122.6,135.17996
121.2,133.07826
119.8,130.94003
118.4,128.95415
116.8,127.05153
115.6,125.22543
113.6,123.635765
112.8,122.14234
109.4,120.17021
108.6,118.354195
106.8,116.37651
94.6,112.67254
94.2,109.30879
92.8,106.72063
91.4,104.716125
90.4,103.21017
89.0,102.046074
87.6,101.06832
86.0,100.24243
85.4,99.615654
84.6,99.11939
81.2,98.57996
79.2,98.14302
77.6,97.640396
76.4,97.16704
74.8,96.721436
73.6,96.34351
72.0,95.94252
70.6,95.42283
69.2,94.808525
67.8,94.09509
66.2,93.29272
65.0,92.53368
63.6,91.79773
62.2,91.118484
61.0,90.52057
59.6,89.87508
58.2,89.18585
55.4,88.27313
54.8,87.38003
53.6,86.41814
53.4,85.45322
52.0,84.395805
47.0,83.104805
45.4,81.84347
44.2,80.55349
42.8,79.30433
41.4,77.959305
40.0,76.67767
37.2,75.282974
35.8,73.79435
35.6,72.34453
34.4,70.928246
28.4,69.29175
26.0,67.53903
24.4,65.70604
23.8,63.919662
19.8,62.05195
16.0,59.96431
10.0,57.53176
3.4,54.904873
168.8,149.99289
167.2,146.60837
165.4,142.63658
165.2,139.0867
164.6,136.07022
163.6,133.4178
163.2,131.3184
161.8,129.41512
160.4,127.45965
158.8,125.30887
158.4,123.30521
157.6,121.53524
156.2,119.75165
154.8,117.86223
151.8,115.55463
150.4,113.113144
149.2,110.902306
146.2,108.64976
144.6,106.43248
143.6,104.44136
141.8,102.86307
140.6,101.57186
139.4,100.462326
139.2,99.588005
138.2,98.75052
137.6,98.03928
136.4,97.243065
134.8,96.24244
133.8,95.10292
132.0,93.79219
129.4,92.18784
128.2,90.38286
126.6,88.787186
125.4,87.39905
123.8,85.96884
122.4,84.67958
119.4,83.26569
115.4,81.69147
114.2,80.17766
112.8,78.78365
112.2,77.39336
111.2,75.93657
110.0,74.43741
108.6,72.87371
107.8,71.31947
107.6,69.7767
107.2,68.28267
105.6,66.78482
104.4,65.28843
103.0,63.765594
101.6,62.242493
100.8,60.757645
99.6,59.31658
98.6,57.941277
97.2,56.58943
96.0,55.33301
94.6,54.142193
93.2,53.012787
91.8,51.937485
89.0,50.816742
80.6,49.412888
79.2,48.058685
77.8,46.821735
76.4,45.72784
75.0,44.762875
73.6,43.920074
72.2,43.18021
70.8,42.549213
69.4,41.998825
68.0,41.5084
62.0,40.97537
60.2,40.46809
54.2,39.92135
47.4,39.31094
41.4,38.61108
40.6,37.974884
37.8,37.358067
31.8,36.61455
25.4,35.791252
19.4,34.945877
16.0,34.148083
10.0,33.351868
4.0,32.57856
1.4,31.916092
315.8,217.16968
314.4,217.86496
313.2,217.69504
313.0,217.08829
311.6,215.90103
311.0,214.57613
310.4,213.36502
308.6,211.95937
307.4,210.59798
306.0,209.03123
304.6,207.20795
303.2,205.17355
301.8,203.09732
300.4,201.06702
297.6,198.57697
294.6,195.58578
293.4,192.94255
290.4,190.31262
289.0,188.33496
287.6,187.20016
286.4,187.04291
285.0,187.69223
283.6,188.40103
282.2,188.86237
280.0,188.67117
279.2,188.2697
278.0,187.8299
276.6,187.13416
276.2,186.64703
275.8,186.44392
275.2,186.49219
274.2,186.53659
273.8,186.60411
272.4,186.5372
272.2,186.63693
272.0,186.91043
270.8,187.17776
269.6,187.38708
268.0,187.2333
266.6,186.6936
265.2,185.90935
263.8,184.89648
262.6,183.65213
259.4,181.72774
258.0,179.78656
254.2,177.1276
252.8,174.71063
251.4,172.75513
250.0,171.45032
248.6,170.72113
247.0,170.28397
245.6,170.11064
244.4,170.01321
241.6,169.18274
240.0,167.86243
239.4,166.5121
238.8,165.43979
237.2,164.4925
236.0,163.56195
233.2,162.00526
227.0,158.34909
223.4,153.51494
222.0,148.72227
220.6,144.39316
219.8,140.73828
219.2,137.89014
217.8,135.44556
216.4,133.20062
215.6,131.13896
215.2,129.42326
215.0,128.00854
213.6,126.512695
212.2,124.75461
206.2,121.46755
205.0,117.757324
204.6,114.22821
198.4,109.71744
191.0,103.66205
189.8,97.4267
183.6,90.894
180.6,85.294945
174.6,79.34517
169.8,74.072334
169.4,69.763374
163.2,65.15472
147.6,60.005
143.0,54.743286
140.2,49.75134
136.0,45.165558
130.0,41.0958
124.0,37.6613
121.2,34.86447
120.6,32.668484
119.8,30.994709
113.2,29.600414
112.8,28.491451
111.4,27.58276
108.6,26.79438
105.8,26.073288
99.2,25.418186
98.0,24.841095
95.2,24.346588
90.8,23.902489
89.6,23.490852
89.0,23.164894
83.0,22.93872
80.6,22.751862
77.2,22.572723
71.2,22.395943
65.2,22.239166
63.8,22.115913
62.0,22.005325
61.6,21.859764
60.6,21.726517
60.2,21.611671
59.6,21.4934
58.2,21.368225
52.2,21.218864
45.4,21.063599
44.2,20.944946
43.4,20.834572
40.0,20.71914
34.0,20.588013
28.0,20.45153
27.4,20.33863
26.0,20.240044
25.2,20.15052
19.0,20.0383
17.6,19.956985
16.2,19.447952
14.4,19.444176
9.0,19.483986
3.4,19.484749
2.8,19.460983
57.4,117.26781
54.2,112.98833
50.8,109.06065
39.8,103.602455
34.2,98.54241
30.2,93.991234
25.6,89.872925
25.0,86.53111
24.4,84.05294
24.0,82.469795
18.0,80.79379
11.8,78.58685
5.8,75.95926
316.4,178.34782
315.2,177.12015
313.6,175.89908
312.2,174.62778
310.8,173.20544
309.4,171.76321
308.0,170.30139
306.0,168.99496
304.8,167.99469
303.8,167.11961
302.6,166.24648
301.0,165.22548
299.6,164.01074
296.8,162.68553
295.6,161.22617
293.4,159.39632
292.6,157.58527
291.2,155.768
289.8,153.98291
288.4,152.27501
287.0,150.62872
285.2,148.95685
284.4,147.31747
282.8,145.65309
281.6,143.92503
280.0,142.14877
278.8,140.48483
276.0,138.62605
273.8,136.94292
270.4,134.9885
269.0,133.21434
267.6,131.81612
266.0,130.8605
264.8,130.14009
263.4,129.56128
262.0,129.02332
260.6,128.62589
259.2,128.3029
258.2,128.17404
252.2,127.36317
246.2,125.43816
239.4,122.156555
231.0,118.03988
229.0,114.03822
227.4,110.37208
226.6,107.61783
223.4,104.967575
223.2,103.05517
220.4,101.0878
219.2,99.461105
212.2,97.434555
206.2,95.17547
200.2,92.72272
194.2,90.08241
191.6,87.43892
187.2,85.13816
183.4,83.27735
177.4,81.697266
171.4,79.89162
170.6,78.31759
164.6,76.708336
163.2,75.19586
157.2,73.73092
154.0,72.26251
149.4,70.63963
147.2,69.01013
145.0,67.35974
144.0,65.78467
143.8,64.31817
137.8,62.758034
132.8,61.05632
126.8,59.167336
120.6,57.07316
112.8,54.905666
108.8,52.788177
102.8,50.679214
101.8,48.742924
95.8,46.845943
89.8,44.951725
88.4,43.221226
86.4,41.678116
80.4,40.203476
76.4,38.82605
74.4,37.597366
72.6,36.49202
72.4,35.544773
68.2,34.63755
65.6,33.814934
59.6,33.018536
58.4,32.32986
58.0,31.725529
55.8,31.170921
51.6,30.63153
50.2,30.1433
36.2,29.723328
30.2,29.277973
28.0,28.900482
26.2,28.568485
22.2,28.23455
19.4,27.918354
18.8,27.642826
13.4,27.344955
8.4,27.0312
7.0,26.753883
5.6,26.501923
5.2,26.28751
316.4,222.79129
311.6,220.06424
306.0,217.71484
281.8,215.98141
278.2,214.93295
275.4,214.4773
274.4,214.53859
272.8,214.6808
271.4,214.44498
268.8,213.02263
267.2,210.70566
266.0,207.5427
264.4,203.91367
263.0,200.09903
261.8,196.27306
260.4,192.41904
259.0,188.68231
257.4,184.80908
256.0,181.26381
254.8,178.05527
253.4,175.25385
252.4,172.78113
251.8,170.91304
250.2,169.1339
249.0,167.28456
247.4,165.34055
246.2,163.38885
245.0,161.65126
243.0,159.60728
242.2,157.76064
239.4,155.63382
239.0,153.5886
238.4,151.7877
232.4,148.94154
231.0,145.72227
229.6,142.74608
228.2,139.96873
226.8,137.52635
225.4,135.72072
223.6,134.222
222.6,133.02199
215.2,129.94775
212.8,126.272934
206.8,121.82704
205.2,117.49241
200.0,112.13637
199.8,107.66492
192.8,102.80728
186.8,97.48483
168.6,89.0485
162.4,82.594055
159.6,78.792694
153.6,75.49254
147.6,72.26268
141.4,70.65738
135.0,66.90656
130.2,63.320755
128.4,59.98975
122.4,56.72368
119.8,53.71618
113.8,50.78216
107.8,47.956944
101.8,45.28292
95.6,42.76144
93.0,40.55762
92.2,38.66391
92.0,37.072655
88.0,35.67114
87.6,34.527485
81.6,33.528515
79.2,32.69867
79.0,32.021946
76.6,31.433895
74.0,30.925674
73.4,30.602848
67.4,30.180183
58.8,29.733131
49.0,29.18671
48.6,28.770329
42.2,28.303665
36.2,27.858044
28.8,27.413826
22.8,27.012283
16.0,26.624393
224.4,155.95306
223.4,155.51312
222.4,155.34454
221.4,155.42354
220.4,155.45712
219.2,154.04427
216.2,152.53061
213.4,151.11658
210.6,149.52533
207.6,147.9424
204.8,146.24237
202.0,144.5552
199.2,142.73378
197.0,140.81952
195.8,139.22404
193.8,138.00903
190.8,136.93312
187.8,135.53659
185.0,133.78659
182.2,131.63536
179.2,129.18315
176.4,126.66145
173.6,124.18065
170.8,121.88434
167.8,119.61073
166.8,117.94899
166.6,116.81619
163.8,115.589424
161.0,114.16124
158.2,112.4596
155.4,110.56813
152.6,108.5293
149.0,106.252365
146.2,104.18131
143.2,102.35685
137.6,100.46487
134.8,99.01836
131.4,97.78039
130.8,97.03239
114.6,96.561005
108.4,96.30658
102.2,95.40311
96.2,93.868256
88.6,92.18711
82.6,90.12031
62.0,87.20629
53.4,84.00144
51.6,80.93078
43.6,77.76483
36.6,74.86035
18.4,71.33519
6.4,67.65396
144.4,82.83802
144.2,83.152
138.4,83.33306
132.6,83.31114
124.0,83.29435
114.6,83.17662
114.2,83.06081
110.8,82.963936
104.8,82.77074
100.6,82.40379
100.0,81.98819
93.8,81.583244
93.4,81.19297
92.2,80.89825
89.6,80.70562
86.8,80.495705
82.4,80.26049
73.8,79.973206
70.0,79.623276
65.2,78.95512
59.2,77.66722
53.2,75.65811
47.2,73.1217
40.6,70.02479
38.6,66.09511
32.6,61.165703
26.6,55.70729
20.6,50.11158
19.6,45.077446
16.2,40.69648
10.2,36.963436
7.2,33.871452
4.0,31.328724
0.2,29.204472
174.2,170.24591
173.6,161.90128
172.8,155.54103
168.6,150.45462
163.0,145.62428
156.8,139.83498
153.4,134.05377
152.2,129.13911
151.0,125.45647
145.0,121.41307
141.8,117.35721
129.8,112.02823
124.2,106.333084
118.2,102.426254
105.8,97.7065
99.8,93.56424
93.8,90.097176
87.8,87.17725
82.6,84.642456
76.6,82.26306
71.2,80.53909
66.8,79.03842
66.6,78.103386
60.6,77.3974
59.6,77.37033
58.8,77.25266
53.2,77.08262
47.2,76.73461
41.2,76.12721
35.0,75.31568
29.0,74.30968
23.0,73.026566
20.4,71.86168
14.0,70.501724
8.0,68.78838
6.6,67.02351
0.8,65.14665
222.8,235.16821
221.4,231.45505
219.6,232.29953
217.2,233.68219
215.6,234.51828
214.4,234.52051
212.6,233.39398
211.4,231.561
210.2,229.19656
207.2,226.36252
205.8,223.33841
204.6,220.4378
203.2,217.78143
201.6,215.3003
200.4,213.18402
199.0,211.38313
197.6,209.78159
194.8,207.92026
193.4,205.96179
192.0,204.0174
190.6,202.01154
189.0,200.12463
187.8,198.19917
187.4,196.75882
186.2,195.58414
184.8,194.33968
183.6,193.0122
182.2,188.58656
180.8,185.97705
179.2,184.10762
175.0,182.34921
174.0,181.07744
173.8,180.42288
172.4,179.80841
171.8,179.38928
171.6,179.271
171.4,179.40302
171.0,179.55334
169.4,179.22705
168.2,178.27383
166.8,176.80807
165.4,174.88416
164.0,172.63553
162.4,170.19662
161.2,167.7808
159.6,165.28616
158.4,162.86453
156.8,160.55844
155.6,158.25868
154.0,156.22864
152.8,154.30028
150.0,152.08797
143.2,148.0184
140.2,143.30629
138.8,139.04256
132.0,134.74994
131.8,131.4595
130.4,128.81416
129.0,126.70174
128.6,125.22066
128.4,124.33365
122.4,122.08763
115.2,117.96987
108.2,112.18399
102.2,106.3007
101.8,101.72939
95.6,97.8544
94.8,94.900085
94.2,92.362
89.0,89.708244
87.6,87.4607
81.4,85.22909
75.4,82.78523
69.0,80.363716
63.0,77.83013
57.0,75.683495
50.8,73.47931
46.4,71.23649
45.6,69.12128
39.6,66.9433
33.6,64.64528
27.6,62.307644
21.6,59.859947
15.6,57.365883
9.6,54.912876
6.8,52.642464
4.2,50.564163
3.4,48.751236
3.2,47.212944
0.6,45.877865
0.2,44.75322
274.4,122.91382
268.2,120.43576
261.8,116.41907
256.2,111.238914
254.8,106.47356
254.6,102.8354
248.8,99.3047
241.2,95.92093
238.4,93.12388
236.0,91.16908
233.8,89.63145
227.8,88.12878
221.8,86.62376
215.8,85.0577
209.8,83.74364
208.4,82.92801
202.4,82.04328
198.6,81.17899
194.2,80.30792
193.2,79.57532
187.2,78.70199
181.0,77.63419
169.4,76.19545
163.4,74.660645
159.4,73.19044
157.6,71.90954
155.4,70.78376
148.8,69.624725
142.4,68.09392
136.4,66.21166
130.4,64.409996
124.4,62.636436
121.8,60.954903
117.6,59.19803
117.4,57.59716
116.2,56.15587
110.2,54.662132
101.4,53.02952
95.4,51.29905
89.2,49.61175
83.2,47.9101
78.0,46.221066
77.4,44.558716
75.6,42.87671
73.4,41.12505
72.8,39.365448
69.8,37.632812
63.8,35.79252
43.8,33.020336
41.8,31.85854
37.0,30.771065
33.6,29.818085
25.0,28.83104
22.0,28.006638
10.0,27.111404
8.2,26.384438
7.0,25.767326
6.8,25.267601
1.6,24.775894
143.4,217.76004
142.8,211.5107
142.4,206.12485
136.0,200.77493
129.6,195.74796
123.2,190.27023
116.8,184.34483
114.6,178.7594
114.0,174.30229
108.4,169.75522
97.4,163.115
91.8,155.43073
85.4,147.52509
79.2,140.89288
73.8,135.37152
73.6,131.79929
71.4,129.53099
70.8,128.28264
69.0,127.766205
66.4,127.33049
63.8,126.512665
57.6,125.03848
51.6,122.32555
45.6,118.57811
45.4,115.31527
39.4,111.55677
33.0,107.414
26.0,102.85116
20.0,99.027336
18.2,95.902374
12.0,92.89878
5.8,89.80182
2.8,86.94518
1.4,84.53583
1.2,82.76865
173.4,126.349594
163.2,126.69149
157.6,125.96727
152.0,124.40587
149.2,122.908356
146.4,121.378586
144.0,119.91675
143.8,119.269806
141.6,118.71312
138.8,117.64592
138.4,116.637115
135.6,114.916756
134.4,112.77674
131.6,109.79667
128.8,105.72354
126.0,101.76534
123.2,98.47504
123.0,96.12607
122.8,93.84651
120.4,92.13586
118.6,90.77176
115.8,89.18557
113.0,87.11317
110.2,84.0959
107.4,80.92967
101.0,77.596756
83.6,73.54258
75.0,69.16195
59.0,64.70583
40.0,59.54293
33.2,54.362057
32.0,49.648598
15.4,45.41297
2.0,41.86001
0.8,39.002926
197.6,124.83794
191.2,120.00396
190.0,114.48709
184.4,109.452995
174.8,103.09127
169.2,96.763504
163.6,90.63569
162.6,85.98205
159.8,81.84543
157.0,78.18991
156.0,75.19403
155.8,72.9851
154.2,70.73734
153.8,68.42876
153.4,65.76435
151.0,63.10016
148.0,59.481102
145.0,55.84255
143.8,52.3397
141.0,49.480328
138.0,47.72911
134.4,46.10071
128.6,44.612915
125.8,43.411068
123.0,42.30073
120.0,41.189266
119.2,40.23985
116.2,39.413666
115.0,38.707363
113.4,38.024803
113.2,37.29294
110.4,36.83179
107.6,36.434113
104.8,36.084663
99.2,35.71246
93.2,35.433064
87.2,35.206997
83.6,35.02345
83.4,34.893757
78.2,34.790623
77.2,34.7046
75.0,34.655212
72.4,34.64069
72.2,34.634453
71.2,34.627537
65.6,34.584362
62.6,34.53853
61.0,34.4916
55.2,34.42826
54.0,34.36026
51.2,34.236874
45.2,34.1845
39.2,34.150913
35.2,34.129635
31.8,34.104908
28.2,34.05184
28.0,33.978584
26.0,33.90201
20.0,33.793434
16.6,33.67289
10.6,33.58422
8.4,33.47544
3.6,33.39353
2.2,33.260593
1.4,33.121662
1.2,32.988045
50.4,130.44736
44.4,123.87126
44.0,119.122894
43.8,116.29135
37.8,113.38771
35.4,110.86678
30.2,107.51017
23.8,103.00285
23.2,98.80554
23.0,95.48978
22.2,92.99947
19.6,90.8457
7.6,87.374306
1.4,82.72623
202.2,140.06851
196.0,134.0211
192.8,129.64798
192.6,127.33424
190.2,125.68695
185.4,123.49671
184.0,121.55237
178.0,118.34894
171.6,114.08374
165.6,109.19313
159.6,103.922455
153.6,99.38425
147.6,95.05559
143.2,91.19294
140.8,88.004974
138.0,85.54488
132.2,83.753426
122.2,81.23332
110.2,78.27074
104.2,75.25861
98.2,71.941864
94.8,69.57802
88.8,66.488434
82.8,63.159443
80.2,59.909946
74.2,56.655937
68.2,53.416386
62.2,50.246838
56.2,47.25369
50.2,44.347504
44.2,41.619534
39.8,39.11971
37.4,36.946774
37.2,34.94993
31.4,33.37016
25.4,32.015724
19.4,30.7844
14.4,29.782349
8.4,29.037094
50.2,205.34503
48.0,199.29572
42.4,193.02994
36.4,186.42664
35.0,180.82523
31.4,175.80005
25.4,170.50989
18.8,164.99887
13.8,159.13461
7.6,153.59915
1.6,147.66737
139.0,144.56581
132.8,139.99097
127.2,134.06421
118.2,126.5598
112.6,118.25601
107.4,110.03594
106.4,103.82025
100.4,98.71191
94.4,94.37938
88.2,90.23667
84.8,87.02338
84.0,84.48016
83.2,82.81868
77.0,81.006485
71.0,78.89203
65.6,76.549355
60.0,74.08178
53.8,71.610245
49.8,69.22138
47.6,66.840485
41.6,64.82452
34.8,63.07161
28.8,61.431625
22.8,59.84282
16.8,58.260857
15.4,56.766632
15.2,55.421043
9.4,53.98945
6.8,52.579792
0.8,51.091278
191.8,145.01001
191.2,142.45052
190.4,140.02005
189.0,138.18964
182.8,136.12262
180.0,133.73843
179.0,131.46637
176.2,128.79637
175.6,126.4495
172.8,123.5144
170.0,120.63313
167.2,117.74543
161.0,114.53815
154.6,111.04413
151.4,107.54598
151.0,104.405334
140.8,101.15671
140.2,98.040215
132.2,94.83911
126.2,91.36578
121.2,86.94532
118.2,82.13387
115.0,76.27431
112.2,70.95459
112.0,66.49359
111.4,61.82328
105.4,57.15712
105.0,52.682655
103.0,48.564278
98.4,44.839603
96.4,41.54684
96.0,39.86322
90.0,37.606216
85.6,35.730103
82.4,34.072945
81.8,32.677933
80.2,31.42458
78.4,30.335556
72.6,29.309006
66.2,28.44075
62.0,27.737423
61.8,27.16521
56.8,26.688835
56.6,26.305492
52.4,25.91541
46.4,25.512909
41.2,25.142742
39.0,24.761322
33.0,24.351608
32.6,23.948471
27.8,23.478676
21.0,22.67952
16.6,22.027527
14.2,21.253815
14.0,20.43348
7.8,19.625954
1.8,19.062157
213.6,92.57299
208.0,88.50364
202.4,83.815636
200.8,80.50543
198.2,77.471794
195.8,74.27208
195.2,70.902855
189.2,67.53631
188.8,64.1729
185.4,60.73739
185.2,57.376667
183.0,54.363567
182.8,51.491745
175.8,48.65711
169.8,45.78711
166.6,42.9453
166.2,40.33388
165.0,37.985626
162.0,35.854237
155.2,33.901386
153.8,32.187477
151.2,30.684635
150.4,29.433052
149.0,28.349567
148.8,27.434769
147.0,26.661713
139.8,25.981995
133.8,25.397942
133.0,24.852032
132.6,24.392136
128.0,23.889465
127.8,23.546432
126.4,23.254044
121.8,23.036438
121.2,22.854294
121.0,22.707611
114.8,22.624084
113.4,22.534744
112.0,22.459244
108.4,22.433784
104.8,22.414383
98.8,22.343376
94.4,22.28666
93.2,22.211266
92.4,22.136955
92.2,22.058998
90.6,21.984169
88.8,21.940231
88.6,21.882858
88.2,21.819054
86.8,21.779541
81.4,21.772766
77.0,21.796562
74.6,21.82029
64.4,21.831734
58.4,21.843102
57.4,21.840477
55.8,21.828735
55.4,21.790474
51.0,21.768639
50.8,21.733109
50.0,21.723549
49.4,21.702637
48.2,21.676575
46.8,21.645401
44.2,21.648422
41.6,21.674362
40.2,21.709137
39.6,21.73558
35.2,21.808739
32.2,21.881111
30.6,21.932945
28.8,21.949028
24.6,22.000168
23.6,22.038177
23.0,22.082054
22.8,22.114365
19.8,22.185905
18.6,22.243912
17.4,22.294807
16.0,22.335258
15.2,22.362251
13.8,22.38581
8.4,22.398338
5.4,22.40725
3.8,22.389824
3.6,22.35048
3.4,22.29525
150.6,259.25803
144.6,257.2491
138.2,254.57867
137.0,251.93488
131.4,248.35043
130.6,245.00381
120.6,240.05756
115.0,234.70837
109.4,229.47113
103.4,224.49918
99.6,219.79025
95.6,215.41652
95.2,212.50058
89.2,209.87802
82.8,206.81395
76.8,203.5829
76.0,201.28357
70.0,198.48967
63.8,194.83488
62.8,191.92102
62.4,190.33115
56.4,189.36905
50.4,187.74838
49.0,185.77939
47.6,183.78203
47.4,182.31203
46.8,181.57976
40.8,179.47968
34.6,176.26178
28.4,171.94305
22.4,166.55682
12.4,159.13144
0.2,149.88678
141.0,170.41348
134.0,164.64348
132.4,160.31769
126.0,157.04764
124.2,155.26672
124.0,154.98001
119.8,154.76047
113.4,154.13763
107.4,152.48991
101.0,149.14565
95.4,144.21423
94.0,138.52786
88.0,133.16838
82.2,126.66506
82.0,120.86019
79.6,115.48983
73.6,109.1345
67.4,101.32719
61.4,92.63417
60.2,85.782776
57.6,79.24448
54.4,73.80065
54.2,70.16237
47.8,66.16122
43.2,62.24027
37.2,58.370415
31.0,54.522236
26.4,50.757496
19.8,47.163338
19.4,43.916214
13.4,40.876396
8.4,38.002625
2.4,35.314434
123.8,164.11526
118.2,157.26106
111.2,150.69186
105.0,144.48544
102.0,139.23523
96.6,134.49298
90.4,130.02768
83.6,126.05011
79.8,122.552086
73.8,119.035446
67.2,115.208496
61.2,111.373764
55.0,107.57967
42.0,103.02398
36.0,98.88729
29.2,94.8677
28.0,92.075905
27.2,90.04177
15.0,87.607254
9.0,85.00751
3.4,82.50393
20.0,50.74584
15.4,48.124046
11.4,45.76609
9.0,43.71077
5.8,41.93175
1.2,40.385887
105.4,156.74301
99.4,149.81795
95.8,144.44643
93.0,140.3096
91.8,137.77968
91.4,136.74059
85.2,134.70538
84.0,132.86487
77.8,130.7086
71.6,126.850266
68.4,122.74878
66.4,119.455215
66.0,117.428986
65.8,116.62544
59.2,114.97753
53.2,112.312164
47.0,108.47646
42.0,104.49907
41.6,101.60837
35.6,98.64931
29.6,95.40264
22.8,92.137405
21.2,89.51435
17.8,87.3548
11.6,85.10953
48.6,100.62682
47.6,99.508896
46.6,98.96872
45.6,99.42498
44.6,100.71254
43.6,102.74988
42.6,105.42534
41.6,108.41895
40.4,111.780136
39.4,116.15536
38.4,120.847916
38.0,125.60671
35.2,130.0243
32.4,134.10025
29.6,137.83777
26.8,141.23912
25.2,144.6438
22.8,147.96695
20.0,151.29045
17.2,153.60883
17.0,155.85306
16.6,157.98819
13.8,159.49469
12.8,160.5296
6.2,160.46164
4.2,159.72298
1.4,158.2287
26.4,116.999504
20.2,112.15151
15.4,108.04463
9.8,103.864655
8.8,100.22692
1.2,96.9811
268.6,128.98102
265.8,120.50743
264.8,113.24397
259.2,106.607635
252.8,100.93376
246.8,96.17484
244.4,92.35193
238.4,88.91748
237.2,86.29105
236.4,84.15802
234.6,82.63116
233.2,81.38492
231.2,80.16616
231.0,79.03855
230.8,78.043335
218.6,76.84644
212.2,75.44006
209.0,73.94031
207.0,72.48642
203.4,71.056366
201.6,69.69881
201.4,68.51014
198.2,67.405365
198.0,66.46882
194.2,65.532425
194.0,64.70049
188.0,63.74196
187.8,62.843826
187.6,62.101807
187.4,61.545208
187.0,61.17522
181.0,60.700058
177.2,60.17487
177.0,59.80413
171.0,59.407505
168.2,59.06337
162.0,58.625694
154.4,58.152542
148.4,57.57782
144.6,56.912483
143.0,56.203457
139.8,55.42229
133.4,54.467552
127.4,53.337563
126.0,52.13687
120.6,50.847866
120.4,49.595814
114.0,48.3356
109.2,47.068905
109.0,45.924442
104.0,44.82057
101.0,43.83383
100.8,42.966026
100.6,42.199318
94.6,41.47564
88.6,40.793434
88.4,40.178387
81.4,39.608093
75.0,39.118164
70.4,38.65907
64.4,38.216843
61.8,37.830204
56.8,37.454166
54.0,37.11575
52.8,36.825603
46.8,36.53102
44.8,36.268288
44.4,36.066265
38.4,35.726776
34.0,35.401184
28.0,35.111206
23.2,34.834812
17.2,34.569107
11.2,34.32
8.6,34.107494
8.2,33.911354
7.6,33.74074
7.0,33.594994
3.2,33.464855
151.4,140.21373
151.0,137.56607
145.0,135.26657
139.0,132.65288
137.2,130.25163
124.8,126.21524
118.6,121.46096
117.6,117.563644
112.6,114.12307
112.2,111.861115
89.8,107.075516
85.0,102.73656
66.4,97.09082
64.0,92.450645
50.2,87.49253
49.8,83.28787
27.0,79.242195
7.4,74.61514
216.4,49.386177
202.0,48.320065
201.6,47.189087
201.4,45.514038
200.6,43.902115
195.0,44.669605
187.6,45.12718
183.6,43.206875
175.4,41.256336
175.2,39.675697
174.8,38.38095
171.2,37.22396
158.6,36.047535
154.8,35.018303
148.8,34.001923
144.6,33.017822
142.8,32.13941
141.8,31.375942
139.4,30.707623
136.6,30.132278
136.2,29.674557
134.4,29.318523
125.0,28.657104
122.8,28.226112
118.8,28.007431
110.8,27.669834
105.2,27.184807
103.4,26.78717
101.0,26.61927
99.8,26.600235
97.0,26.634392
96.0,26.632961
95.8,26.537731
94.6,26.326248
93.8,26.077953
93.6,25.854095
88.2,25.68713
88.0,25.582497
84.0,25.533
83.0,25.529125
78.4,25.555717
74.4,25.611233
73.6,25.696285
63.2,25.77911
60.2,25.883202
56.8,26.055367
55.8,26.265507
52.8,26.652828
52.6,27.911259
50.6,29.451748
50.4,30.357529
50.2,30.927471
48.8,31.46313
46.0,31.912075
45.8,32.3218
41.8,32.7637
40.8,33.203465
39.4,33.624073
38.6,34.07158
38.2,34.493134
34.6,34.88927
31.2,35.257458
31.0,35.695103
26.2,36.14566
26.0,36.570087
25.6,36.91417
24.2,37.20474
22.6,37.398064
21.2,37.585682
18.6,37.70569
17.0,37.81051
16.8,37.9073
16.6,37.97803
16.4,38.04575
15.8,38.113586
15.4,38.13597
8.8,38.123528
7.8,38.099052
7.4,38.083805
6.8,38.071873
6.6,38.05479
5.6,38.03562
4.6,38.015602
4.4,37.97083
4.2,37.933002
2.6,37.890316
2.2,37.854355
1.4,37.82439
0.2,37.788906
28.2,140.0039
24.6,140.52206
23.6,140.659
18.0,140.6403
11.6,140.08643
9.8,138.87878
3.8,135.9231
137.4,138.45796
134.4,140.80997
130.8,143.45876
118.2,144.65848
117.6,145.81615
112.2,146.79596
101.4,147.14182
99.8,147.40579
98.0,147.56221
93.8,147.57281
90.0,147.30734
89.4,146.9831
76.0,146.08824
72.0,145.01704
65.8,143.65985
53.4,140.94632
47.6,137.62943
39.0,133.41815
37.6,129.23985
36.6,125.268936
35.6,121.553085
31.4,117.85652
27.0,113.97153
20.0,109.61014
11.2,105.13731
8.8,100.472046
8.2,95.86658
2.0,91.16688
133.0,83.91956
127.6,78.60715
127.4,75.57669
115.4,72.01796
103.6,67.69214
90.0,62.68022
75.6,57.244854
75.2,52.1881
61.8,47.41834
46.4,43.116077
46.0,39.626575
22.6,36.62381
22.4,34.240993
7.8,32.360294
128.4,93.078026
123.8,89.308395
123.6,86.57265
119.4,84.10143
113.4,81.23131
111.0,78.36315
108.4,75.82316
102.4,73.11252
96.4,70.387375
94.2,67.73057
91.6,64.86837
85.6,61.61125
79.0,58.192833
78.8,54.931812
74.6,51.801632
71.2,48.83878
69.4,46.152878
67.0,43.755184
63.0,41.625767
61.6,39.80782
55.4,38.226685
49.4,36.81548
43.4,35.528183
39.6,34.370464
38.6,33.36089
36.6,32.451134
30.0,31.61832
25.8,30.908417
24.4,30.251492
21.2,29.633228
15.6,29.016308
15.2,28.493515
9.2,27.984512
3.2,27.480576
127.8,200.75003
125.0,196.93396
122.2,192.81067
110.6,189.58997
107.8,186.43674
105.0,183.33862
102.2,180.33118
96.2,176.44743
89.8,172.31909
84.0,167.48676
81.2,162.84995
79.4,158.84418
76.8,155.55423
74.0,152.66983
71.2,149.95566
68.4,147.48972
65.6,144.91397
60.0,142.75697
57.2,140.56432
54.4,137.92891
51.6,135.00795
48.8,131.82787
46.0,128.37729
42.4,124.50583
39.4,120.77585
36.6,117.17688
36.2,114.44005
33.4,111.89742
30.6,109.38656
27.8,106.93874
22.8,105.07398
20.0,103.16147
14.4,101.316864
11.6,99.241844
8.8,97.039856
8.0,95.41861
6.8,93.938644
4.2,92.132164
3.8,90.58976
1.0,88.96914
251.8,161.2316
245.8,158.02435
240.0,154.30411
234.0,150.04169
230.0,143.12173
223.8,136.97934
220.0,133.0679
219.2,131.9172
213.2,131.33035
212.0,131.69391
206.0,131.08058
205.2,130.40909
204.8,130.10164
202.0,129.57751
196.0,128.2001
189.8,125.38735
189.2,122.43289
183.2,118.84081
177.2,114.46547
173.4,109.54991
173.2,104.68478
172.6,100.05493
172.4,96.02382
166.4,91.70959
160.4,86.594986
154.4,81.90289
148.4,77.35022
147.6,73.7219
147.2,70.675446
141.6,68.01634
140.6,65.49523
134.6,62.950314
131.0,60.593887
125.0,58.3845
120.8,56.434826
120.6,54.776676
120.4,53.424854
117.8,52.357372
111.8,51.439674
109.2,50.724667
108.8,50.170296
104.0,49.703125
103.6,49.383217
98.4,49.144756
96.6,49.007744
96.4,48.874817
94.2,48.691998
92.6,48.53885
90.0,48.41003
89.4,48.303753
83.4,48.12381
74.8,47.99068
68.8,47.732567
60.8,47.297752
54.8,46.78819
53.0,46.26634
48.0,45.687572
44.8,45.055607
38.8,44.301018
35.2,43.450768
34.0,42.45757
33.4,41.30713
31.6,39.96672
29.2,38.466396
25.4,36.820393
22.2,35.077538
21.6,33.474632
21.0,32.09321
11.0,30.935497
5.8,30.02644
4.6,29.465069
1.0,28.379051
0.6,28.372349
38.0,105.63303
32.0,98.1388
28.2,91.42197
26.0,86.64105
25.8,82.75193
25.0,80.25512
19.0,78.14836
16.6,76.282715
10.4,74.25462
4.4,72.112564
150.0,124.25426
144.0,122.331604
140.2,120.90604
136.0,117.8409
134.6,115.052864
128.6,112.2314
125.2,109.73793
119.2,107.65503
112.6,105.65796
112.2,104.08723
105.6,102.34258
101.6,100.48172
100.6,98.82385
96.8,97.19441
93.6,95.67792
92.6,94.53442
86.6,93.1491
80.4,91.69929
74.2,89.95451
67.4,88.113365
61.4,86.48306
60.6,85.5928
54.4,85.04425
48.0,84.78695
41.0,84.78846
35.0,85.2088
31.2,86.18634
29.8,87.71089
28.6,89.5179
25.8,91.527664
23.8,93.89915
21.0,96.10761
16.0,97.90177
15.8,99.578
9.8,100.36083
3.2,100.35856
21.6,127.48479
16.8,118.395874
14.4,112.343
5.4,107.46337
0.4,103.94263
49.0,124.193214
42.8,113.09729
41.2,103.3285
34.2,95.32401
27.4,88.53694
21.4,82.245605
15.2,77.54533
8.4,74.41007
3.0,71.684875
68.2,137.91185
63.6,137.4293
60.2,136.27249
53.4,134.96268
49.2,133.20596
48.8,131.76819
43.6,129.80978
39.8,127.62813
36.0,125.36315
31.4,123.11282
30.0,121.37302
27.2,119.79979
22.2,118.11085
21.2,116.601944
8.6,114.35412
7.4,111.983475
194.8,122.738205
186.8,120.60843
186.6,118.6582
178.8,115.92194
173.6,113.332726
172.8,111.2507
167.4,109.08858
165.4,107.055916
156.2,104.67374
147.8,101.411125
138.0,97.68273
124.2,93.590195
122.6,89.181595
118.4,84.80541
111.4,81.16298
107.0,77.57397
104.4,74.06022
102.2,70.91631
100.4,68.353516
97.8,66.1273
96.2,64.18838
93.0,62.579834
87.0,61.125862
84.0,59.88507
81.8,58.742065
78.4,57.585938
77.0,56.35093
72.2,54.542
71.6,51.17543
66.6,45.64496
60.2,40.60176
55.8,37.462044
43.8,35.164955
40.2,33.688316
37.4,32.753075
25.4,31.97079
23.6,31.84517
14.4,31.129604
12.6,30.555264
4.6,29.993702
2.6,29.514885
2.4,29.13873
0.4,28.846848
238.8,156.81589
233.0,150.35934
232.4,144.82082
226.2,139.48271
220.2,134.44969
214.2,130.14066
212.2,126.968994
206.4,123.901596
204.8,121.60556
198.4,119.06529
192.4,115.884094
185.8,112.431595
182.6,109.17797
181.6,107.086136
174.6,104.10959
173.2,101.45813
172.4,99.32832
166.0,96.84021
159.8,93.562
154.2,90.32515
149.2,87.705635
148.0,85.58074
142.0,83.56689
136.0,81.42692
129.8,79.20613
123.8,77.1224
117.8,75.04316
111.6,73.04696
108.6,71.0432
107.4,69.13377
101.4,67.10304
89.8,64.66258
83.6,62.066975
77.6,59.38563
71.4,56.766296
70.8,54.403378
66.0,52.17423
65.4,50.204
61.6,48.38727
59.2,46.755146
53.2,45.230217
49.6,43.858135
48.0,42.637924
47.2,41.583145
47.0,40.69467
46.4,39.931778
40.0,39.21147
34.0,38.50867
29.8,37.829803
29.6,37.235825
23.4,36.65014
21.8,36.105633
21.2,35.62363
20.2,35.20451
14.2,34.77093
7.8,34.319553
4.8,33.89536
4.2,33.52594
116.6,57.36538
104.4,52.18628
92.4,46.515476
83.0,41.34943
66.6,37.17189
46.4,33.925827
36.6,31.442657
22.4,29.492191
15.4,27.972202
13.2,26.79935
12.6,25.895935
1.4,25.201828
0.2,24.65939
245.2,191.90422
239.0,186.19337
232.2,179.90585
231.6,174.30104
225.6,168.43808
219.4,160.9945
216.4,153.87057
211.2,147.49309
207.2,141.06961
201.2,132.94936
197.2,124.93693
191.0,117.9996
184.8,112.28286
178.8,106.85115
172.4,101.90079
170.4,97.904594
164.0,94.619705
159.6,91.169205
153.6,87.31391
148.8,82.66596
144.4,77.70455
143.6,74.015396
137.2,71.24906
135.6,68.399315
133.6,65.37127
133.4,62.396946
127.0,59.305706
121.0,56.048588
114.8,52.607513
114.4,49.1603
113.0,45.889088
106.8,42.751415
100.8,39.770847
99.0,37.12949
94.6,34.818165
88.2,32.75402
86.8,30.983902
86.0,29.481586
79.8,28.050537
73.8,26.683334
72.8,25.474041
69.6,24.42704
68.2,23.548584
65.4,22.816711
62.4,22.207062
55.6,21.620079
49.6,21.13189
48.2,20.654678
19.2,20.242409
17.6,19.886925
16.8,19.588943
4.8,19.509262
2.8,19.456627
78.4,106.88662
73.6,108.01219
69.0,109.07414
68.6,110.09566
64.4,111.14173
63.4,112.09859
57.4,112.916374
56.0,113.514854
50.8,113.64057
49.2,113.62366
43.2,113.306404
40.0,112.868805
35.8,112.11014
34.8,111.19762
28.8,109.844086
26.4,108.336075
25.2,106.79288
19.2,104.81612
16.4,102.54411
15.2,100.29941
14.0,98.03964
12.6,95.74084
11.2,93.60061
5.2,90.98765
2.8,88.132225
183.0,110.62302
177.0,111.60544
172.0,112.689804
166.0,113.43196
165.2,113.866806
159.2,114.54508
153.2,115.051285
147.2,115.44209
145.8,115.60907
140.0,115.73378
139.8,115.65633
133.8,115.27823
127.8,114.300125
121.8,112.746254
115.8,110.416084
111.4,107.02446
111.2,102.53288
105.2,96.76486
104.8,90.8103
98.8,84.93052
92.8,80.33899
86.8,76.35003
84.0,73.418465
78.0,70.63725
73.4,68.01956
70.0,65.655396
64.0,63.43932
63.0,61.424953
57.4,59.502766
51.4,57.60798
45.4,55.69928
41.8,53.928078
35.8,52.247032
32.2,50.66103
26.2,49.232132
20.2,48.09009
19.4,47.10423
13.4,46.252525
8.2,45.468964
8.0,44.886814
7.6,44.40474
1.6,43.95549
97.4,103.66894
83.2,100.35208
72.8,96.71332
71.4,93.87556
67.4,91.551
31.4,83.82635
22.6,76.699524
17.2,71.4123
5.8,65.54629
103.8,77.91284
103.0,77.30981
96.0,76.55577
90.0,75.63491
84.0,74.58029
77.6,73.41385
73.0,72.028595
72.0,70.54594
71.6,69.100914
67.4,67.67822
65.2,66.32904
59.0,64.94371
45.4,63.216095
45.0,61.595512
44.8,60.09903
38.2,58.661453
37.0,57.323242
35.4,56.08193
29.4,54.76931
28.6,53.556248
22.8,52.331894
22.6,51.179665
10.2,49.87628
4.2,48.65314
136.2,78.40537
130.2,78.47725
119.8,78.655754
113.6,78.836494
107.2,79.05792
101.0,79.38512
94.8,79.80016
92.8,80.19748
91.4,80.553986
88.8,80.884056
82.8,81.2531
76.6,81.55925
75.0,81.95651
73.2,82.35128
60.6,82.97038
54.2,83.63906
48.2,84.31652
45.4,85.00633
38.6,85.698654
32.6,86.35208
31.6,86.86639
30.4,87.304535
29.8,87.66141
23.4,88.000244
17.4,88.28903
9.2,88.50837
3.2,88.637
253.2,123.19278
245.2,121.3522
227.8,116.61369
227.6,112.975845
222.8,110.28496
220.0,108.454155
206.8,106.90343
198.4,105.74834
193.4,105.33279
186.4,104.817474
186.2,104.58411
186.0,104.62099
180.8,104.47693
172.2,104.07869
170.2,103.64697
169.4,103.28978
165.4,102.89626
165.2,102.55493
155.6,101.99584
145.8,101.02311
143.6,99.913216
143.0,98.86285
141.6,97.865746
137.4,96.83969
132.0,95.82826
128.8,94.73583
122.0,93.52407
121.8,92.28924
118.4,90.89382
113.4,89.50597
112.0,88.132835
111.4,86.780975
110.0,85.71144
107.8,84.505356
100.6,83.13686
92.6,81.540695
85.6,79.77754
84.2,77.93147
75.6,76.048386
73.6,74.24404
70.2,72.369484
68.0,70.511154
64.2,68.85439
63.2,67.397835
62.8,66.0876
61.8,64.88852
59.6,63.940056
53.4,62.93591
47.4,61.89997
42.2,60.798042
38.6,59.546158
38.0,58.10559
35.8,55.84292
34.8,44.52695
34.2,39.49247
32.0,38.424183
29.0,37.774914
28.4,37.209755
21.8,36.84615
7.2,36.508533
5.0,36.183445
4.2,35.865974
226.2,144.11002
210.0,141.9459
195.6,138.8786
194.6,135.96614
184.4,131.86874
149.6,126.46981
145.6,121.08936
142.6,116.858345
141.4,113.89837
139.8,111.96489
139.6,110.8459
124.0,108.1325
121.0,104.53947
114.4,99.58761
112.0,94.771706
103.8,89.970245
99.2,84.96781
75.0,78.912506
68.4,73.36363
66.0,69.21529
64.2,65.14936
61.8,61.27634
55.8,57.3966
49.8,53.717564
46.6,50.260696
45.0,47.20862
43.2,44.538414
40.2,42.19514
39.4,40.33899
39.2,38.76813
35.6,37.401443
33.0,36.403755
21.0,35.64131
16.6,35.12648
15.4,34.759453
10.6,34.524113
10.0,34.382683
8.0,34.33004
7.2,34.272327
1.2,34.16468
1.0,34.02715
102.2,126.33807
100.8,122.53216
94.8,119.85849
88.8,117.516556
83.4,115.23093
77.0,112.54608
70.6,110.08287
67.4,107.16942
55.2,102.243
51.8,97.44472
45.8,93.064896
39.0,89.07176
32.6,85.36418
20.2,81.8901
14.2,79.42511
8.0,76.86213
4.8,74.620605
108.8,142.43678
102.6,134.53015
102.0,128.794
101.8,124.69949
95.6,120.77713
89.4,115.720215
83.4,108.99486
80.2,101.80945
74.0,94.82399
68.0,88.21787
62.0,82.31775
56.0,77.85545
54.8,73.35267
48.6,68.13527
42.2,62.455814
36.2,56.582253
29.8,51.043903
23.8,46.28754
17.8,42.003376
11.6,38.472786
10.2,35.755634
8.4,33.628014
113.0,101.7619
109.8,95.58917
103.6,90.95162
102.0,87.30763
95.2,83.5867
89.2,80.549995
82.8,78.28636
73.8,75.39105
65.6,71.828415
58.8,68.00487
52.6,64.02934
50.0,60.240105
43.8,56.54371
42.8,53.248634
42.6,50.42745
36.4,47.817326
30.4,45.389717
26.4,43.21109
20.4,41.202637
14.4,39.38524
8.4,37.692455
8.0,36.282394
2.0,35.11645
89.4,170.36328
87.0,167.62935
82.8,163.87772
82.4,160.28848
81.2,156.55368
75.2,151.50183
68.4,145.29721
61.8,137.51071
56.0,128.19305
50.0,117.177864
49.4,105.96085
46.2,93.88018
43.0,82.67938
36.8,73.790596
36.2,67.11486
29.8,62.12985
24.0,57.3525
19.4,53.42693
19.2,50.0356
13.0,47.09087
6.0,44.50768
4.2,42.319695
1.8,40.501762
0.2,38.968185
178.6,142.80981
172.6,145.24411
166.6,148.88068
161.6,153.29146
161.0,158.65591
159.0,163.1601
152.4,166.1542
145.6,167.11725
141.6,166.8429
140.0,165.92548
134.0,164.1408
128.0,161.824
122.0,159.58047
116.0,157.73773
110.0,156.62257
108.8,156.4029
93.4,156.62224
93.2,157.12973
87.4,156.93561
84.0,156.17552
77.8,154.37263
71.8,151.43024
65.8,147.56209
62.8,143.13898
61.2,138.37466
58.6,133.26431
54.6,128.11063
48.6,122.71718
42.6,117.37457
38.4,112.542534
32.4,108.10408
28.8,104.13756
22.8,100.63832
19.2,97.32405
15.8,94.19416
9.8,91.064865
3.8,87.80763
204.4,185.33762
198.4,184.7001
192.4,183.91391
186.4,183.30038
183.6,183.69116
177.8,184.87436
176.4,186.26526
173.8,187.6145
167.8,188.04294
161.8,187.1355
155.8,184.76736
149.8,181.11325
146.8,177.18265
144.0,173.55028
143.8,170.62234
137.8,167.8215
131.8,165.03365
128.6,162.55742
122.6,160.26303
116.4,157.96094
115.6,155.88382
113.4,154.06561
107.4,152.0467
101.0,149.38873
95.0,145.85486
89.6,141.61435
83.6,136.33313
78.8,129.85074
78.0,122.50935
72.0,113.93084
66.0,104.0541
65.6,94.89279
53.6,87.04976
47.6,79.928474
46.8,75.298676
42.0,71.414474
36.0,67.93992
30.0,64.35431
24.0,60.892303
18.0,57.64882
13.8,54.786076
11.4,52.297348
10.0,50.306324
2.8,48.76871
179.2,107.09783
175.2,104.06942
172.8,101.6207
166.8,98.89632
160.8,95.812996
157.0,92.987915
152.2,90.04357
151.8,87.83978
145.8,85.74994
139.8,83.46483
134.4,81.01851
133.2,79.308304
132.4,77.69477
129.4,76.07448
125.6,74.323875
119.0,72.23135
113.8,69.89189
111.2,67.542786
107.0,65.08688
102.8,62.539585
96.8,59.92322
91.6,57.3077
85.0,54.615883
78.8,51.914783
78.4,49.467453
78.0,47.242893
77.6,45.22386
71.6,43.152637
64.8,41.07165
58.0,39.021526
57.6,37.2173
50.8,35.356117
50.6,33.73255
46.8,32.133293
45.4,30.72742
44.8,29.531075
44.6,28.529366
39.8,27.551163
36.2,26.60257
32.2,25.70565
30.0,24.930832
26.0,24.252274
21.2,23.663376
18.8,23.163696
16.4,22.698387
13.6,22.23713
8.2,21.764389
2.2,21.29744
181.8,122.58631
175.4,117.66037
169.4,112.80629
164.0,108.84786
163.4,105.67535
157.4,102.79135
151.4,100.030914
148.4,97.67672
142.4,95.26615
137.4,92.53361
128.0,89.06544
126.4,85.29495
120.4,81.633934
114.4,78.773254
113.0,76.306816
107.0,74.37685
105.4,72.56727
104.0,70.92136
98.0,69.38534
92.0,67.91509
85.8,66.50298
84.2,65.216774
82.8,64.04404
81.4,63.013947
76.8,62.06331
71.2,61.15048
70.0,60.289463
65.2,59.431038
64.0,58.57752
57.2,57.658264
51.2,56.77781
49.0,55.894276
43.0,55.028
37.0,54.162178
33.6,53.307938
27.6,52.44166
21.6,51.568466
15.6,50.659626
9.6,49.70332
8.6,48.78191
6.8,47.91467
6.2,47.117844
5.8,46.399036
2.6,45.75407
33.2,97.930756
27.6,97.047134
26.6,96.10761
26.4,95.179855
21.0,93.78104
16.2,92.04496
15.4,90.12647
9.8,87.62277
3.8,84.52943
1.0,81.05344
49.8,106.076836
49.6,104.14378
43.6,101.95449
37.2,99.78027
31.2,97.08545
25.2,94.14126
19.2,91.47135
13.2,88.949005
7.6,86.514206
1.6,84.44788
0.4,83.00841
115.6,94.64529
109.6,90.67167
103.6,87.417984
97.6,84.89105
92.0,82.806854
91.8,81.29544
85.4,79.76664
79.8,78.00359
73.8,75.82051
70.8,73.611206
70.6,71.637375
64.4,69.563866
58.4,67.29127
52.4,64.812454
46.2,62.285473
44.6,59.95568
44.4,57.937943
38.4,55.921684
35.2,54.03118
30.4,52.27658
30.2,50.903183
30.0,49.75794
27.6,48.71049
27.4,47.810562
21.4,46.8313
14.6,45.649773
8.4,44.36641
2.4,42.987823
102.0,141.77904
96.0,135.91318
93.0,130.70947
92.4,126.665825
86.4,122.827896
80.2,118.406746
74.2,112.848335
67.8,106.67581
61.8,100.45195
55.8,94.66741
51.0,89.99751
44.0,85.89106
38.0,82.47761
32.0,79.33495
26.0,75.94113
20.0,72.51789
14.0,69.14375
9.0,65.72969
5.6,62.557266
3.0,59.64475
39.8,239.544
39.6,239.30768
14.8,238.14716
4.8,236.91672
1.8,235.97107
94.4,123.48346
88.2,119.54735
82.2,115.82441
74.4,112.83765
74.0,111.284164
67.4,110.71658
58.6,110.91117
56.4,110.201065
50.4,108.64651
44.4,106.59314
38.4,104.198
32.4,101.65465
26.4,99.38574
19.6,96.92316
15.6,94.730675
13.8,93.04251
12.8,91.7251
8.8,90.48265
8.6,89.5264
2.0,88.74759
166.0,167.67725
160.0,162.9903
155.6,158.57724
151.0,154.4708
148.6,151.34738
145.4,148.51608
139.4,145.72351
133.4,142.81906
131.4,140.49426
125.4,138.12184
119.4,135.32991
113.2,132.26697
106.6,128.984
100.4,125.31203
95.0,121.59176
89.2,117.737946
82.8,113.25302
76.6,108.58698
70.6,104.18097
64.6,100.505936
57.6,96.93254
51.6,93.820496
45.0,90.74168
39.0,87.9677
37.4,85.9969
37.2,84.31682
23.8,82.43967
14.2,80.20386
13.6,77.97588
8.6,75.75248
6.8,73.65902
5.0,71.549324
4.2,69.528305
132.2,108.21532
126.2,103.94646
120.6,99.307724
118.2,95.566154
117.8,93.244514
111.8,90.559944
105.4,87.46897
95.8,84.559944
94.4,82.16137
90.4,80.28032
90.2,78.624725
84.2,77.04826
78.2,75.145706
72.2,72.88302
66.0,70.41046
60.0,67.769424
53.8,65.227554
49.2,62.765015
43.4,60.33338
43.2,58.222404
38.4,56.178226
32.4,54.085163
25.2,51.91941
19.0,49.744442
16.0,47.739597
15.8,45.875942
12.4,44.08866
6.8,42.331722
4.4,40.767773
257.2,132.60222
251.8,128.91562
247.8,124.972176
241.8,120.09466
235.8,114.94779
232.6,110.67186
231.0,107.76677
225.0,105.122604
218.6,102.43112
215.6,100.15309
212.8,98.391914
206.8,96.429436
204.4,94.87553
204.2,94.03153
202.8,93.55324
202.6,93.497536
198.0,92.88123
197.8,92.45122
191.8,91.11291
189.2,89.60312
184.0,87.93024
178.0,85.79245
173.4,83.72805
171.2,82.04535
165.2,79.86067
160.4,77.1781
156.0,74.475105
155.8,72.14172
153.0,69.83412
147.0,67.38399
145.8,65.02692
142.0,62.68142
136.0,60.233826
132.6,57.828415
128.0,55.492065
127.8,53.41832
121.8,51.378315
120.0,49.529724
118.2,47.887863
117.6,46.441708
115.2,45.129253
108.6,43.86539
102.4,42.620625
98.6,41.361984
92.6,40.059483
89.6,38.61698
88.0,37.02131
86.8,35.269062
83.2,33.446087
83.0,31.815598
78.4,30.320084
78.0,29.106426
65.2,28.039505
63.0,27.185425
56.8,26.38412
53.6,25.682755
43.4,24.983707
42.0,24.414803
35.8,23.887047
19.6,23.287987
19.2,22.831001
17.2,22.45604
13.4,22.11132
13.2,21.842667
3.2,21.548714
0.8,21.32003
0.6,21.137161
216.2,135.04659
210.0,128.8662
205.0,123.17463
199.0,118.270706
194.2,113.67493
192.6,109.92729
186.6,105.93951
180.4,101.772415
174.4,97.58248
168.2,93.257576
161.8,88.64601
155.6,83.824814
149.6,79.87164
143.6,76.73164
137.6,73.46805
131.6,70.11302
130.2,66.96068
124.2,63.92067
121.2,61.12632
114.4,58.439514
108.4,55.85275
106.8,53.532005
100.8,51.37731
100.4,49.52823
98.8,47.943493
92.8,46.48235
90.6,45.142765
84.2,43.85575
84.0,42.751293
78.0,41.648163
72.0,40.56627
66.0,39.50705
65.2,38.563904
63.8,37.72094
59.6,36.910236
55.8,36.163315
49.8,35.4541
43.8,34.78287
38.8,34.11587
32.8,33.48022
26.8,32.85303
20.8,32.261402
17.6,31.703201
11.6,31.140305
5.6,30.508247
3.6,29.964012
78.6,97.1687
75.6,95.91254
69.4,95.133514
64.8,94.5784
64.0,94.475815
63.0,94.63423
56.8,94.08766
50.8,92.22905
44.8,88.34942
40.0,82.7029
39.8,76.861305
36.8,72.4189
33.4,69.06787
27.8,65.92594
21.8,63.06951
17.6,60.72782
15.2,58.486244
9.2,56.068798
3.2,53.619316
148.6,87.66229
142.6,86.302536
136.0,84.931305
130.0,83.64483
124.0,82.54137
122.6,81.676094
121.2,80.962265
115.0,80.14552
108.8,79.03899
107.6,78.01377
102.2,77.186264
94.0,76.41328
93.4,75.626854
93.0,74.987144
89.4,74.4181
89.2,73.957886
80.8,73.27157
74.2,72.47193
68.2,71.569695
62.4,70.54051
60.2,69.51454
54.2,68.30563
47.8,66.93607
45.2,65.49129
39.2,63.860287
33.0,62.06804
30.6,60.328705
28.8,58.68875
22.6,57.091194
16.6,55.47634
10.6,53.841038
4.4,52.214306
39.6,78.81226
32.6,75.24595
26.6,71.95408
25.4,68.51216
20.6,64.757324
20.0,61.01861
19.8,57.488117
15.4,54.01305
14.2,50.700504
8.2,47.40917
6.6,44.326706
6.0,41.6143
5.8,39.318798
1.6,37.13207
73.4,61.14525
67.4,56.272118
62.0,51.396324
61.6,46.95071
57.8,42.8822
51.4,39.122635
48.6,35.826782
44.2,32.938717
40.8,30.474579
34.6,28.383545
32.2,26.699139
26.2,25.231312
20.6,23.982353
20.2,22.999062
18.2,22.19667
17.2,21.557137
15.6,21.031006
14.0,20.593208
13.8,20.244148
10.4,19.92765
10.0,19.707611
3.8,19.43106
14.2,102.31756
8.2,97.03648
2.2,93.103355
119.8,88.10695
113.6,86.900085
108.6,85.794136
108.0,84.7782
107.2,83.87429
106.6,83.13719
101.8,82.34883
99.4,81.69824
95.4,80.96385
89.2,79.97619
86.6,78.79207
81.0,77.47093
79.8,76.26231
73.8,74.67377
68.0,72.94111
60.4,71.22036
54.2,69.76824
53.0,68.69091
47.2,67.85257
39.4,67.20392
38.6,66.790985
32.8,66.47298
27.6,66.24861
24.8,66.126526
22.4,66.08409
16.4,66.01672
12.2,66.00438
11.0,66.0091
10.6,66.01917
9.6,66.02487
8.2,65.9971
2.2,65.912895
1.4,65.84312
0.2,65.75887
182.8,111.12764
176.8,109.80129
171.2,107.91972
166.4,105.967804
162.2,104.01874
156.2,101.77449
149.8,99.16889
148.2,97.19088
143.4,95.298454
142.8,93.76492
136.8,91.86964
130.8,89.50227
124.4,86.68221
119.0,83.6623
113.0,80.93308
107.0,78.20204
105.6,75.50439
103.6,72.87198
97.6,70.11642
91.6,67.17798
85.4,64.11761
79.4,60.908978
73.4,57.7027
69.4,54.601147
66.4,51.68832
60.2,48.908306
58.6,46.392136
52.6,44.081573
51.8,42.0705
51.6,40.386265
47.6,38.920994
44.0,37.61385
37.8,36.418686
36.4,35.36389
36.2,34.44447
34.8,33.61256
34.6,32.91197
32.0,32.312286
25.2,31.747719
25.0,31.283062
19.0,30.822891
13.0,30.379597
7.0,29.958328
1.0,29.549782
22.2,157.22922
16.2,149.06097
14.8,142.04813
8.4,135.0579
5.2,128.8042
5.0,124.26416
49.0,153.207
46.6,145.47212
45.4,140.1076
44.4,136.5109
42.4,133.51904
39.6,129.9674
39.2,127.40747
39.0,126.09114
38.0,125.1631
36.6,124.815506
35.4,124.81504
32.6,123.74002
32.2,122.93637
29.6,121.60096
27.0,119.75386
26.4,118.418655
23.6,116.82883
20.8,114.90829
18.2,112.83102
15.6,110.88859
14.6,109.51994
14.4,108.84484
13.2,108.659195
9.0,107.74074
7.4,106.470055
4.6,104.70802
1.8,102.73238
1.0,101.13823
0.4,99.766
94.0,71.00646
87.6,69.52604
81.4,67.83089
75.0,65.96997
69.8,64.06063
45.6,61.18193
40.0,57.99511
35.4,54.69073
35.0,51.464764
31.2,48.319466
31.0,45.457832
13.4,42.225048
10.4,39.169666
7.4,36.400337
5.0,33.989407
16.0,61.852207
15.8,59.92508
15.6,58.136223
15.4,56.457542
14.6,54.812225
14.4,53.229565
13.2,51.677643
13.0,50.20696
12.4,48.868214
11.0,47.774
7.4,46.623672
4.4,45.344646
4.2,44.12509
3.4,42.98616
3.2,41.93533
3.0,40.980095
1.2,40.018852
0.2,39.119724
76.4,57.310013
72.0,54.39141
71.4,51.81992
70.6,49.6182
63.4,47.48351
56.4,45.224655
50.4,42.910038
48.2,40.758675
43.4,38.701717
42.6,36.90199
40.6,35.355125
38.2,33.997276
35.8,32.852226
31.4,31.787369
30.0,30.798824
29.4,29.918728
20.6,29.01978
18.6,28.167923
14.4,27.363495
11.6,26.598515
8.8,25.873184
6.2,25.178535
5.4,24.521965
3.4,23.89595
1.8,23.291985
0.2,22.693764
187.8,80.31987
180.8,78.95098
174.2,77.777534
168.2,76.63135
161.8,75.28614
155.6,73.78199
149.0,72.07517
143.0,70.14916
136.6,68.02141
130.6,65.75596
129.4,63.54564
124.6,61.42096
118.2,59.29244
117.6,57.245216
116.4,55.284595
110.0,53.27486
104.0,51.11612
98.6,48.855843
98.4,46.653584
91.8,44.42838
85.4,42.116207
79.2,39.76951
73.6,37.48623
72.0,35.465584
65.2,33.613007
65.0,32.096375
59.0,30.742165
55.4,29.620525
49.4,28.668888
45.4,27.8947
44.2,27.28003
41.2,26.780663
35.2,26.348953
28.8,25.970066
22.8,25.655746
16.8,25.333302
10.6,25.070171
9.8,24.849064
7.4,24.66224
5.6,24.501717
2.8,24.325829
111.6,73.48901
110.8,72.202545
107.4,70.94091
105.2,69.683395
105.0,68.565346
104.8,67.62508
93.8,65.65228
81.2,61.890083
79.8,57.5823
78.6,53.140152
68.6,48.486458
68.4,44.250797
58.8,40.00313
58.6,36.37645
58.2,33.402
57.6,31.039516
54.6,29.06326
53.4,27.424965
52.8,26.122372
52.6,25.010563
49.0,24.058891
47.8,23.291992
45.8,22.66838
43.4,22.122414
36.6,21.533234
31.4,20.983894
29.4,20.566765
23.8,20.164474
20.6,19.793716
18.4,19.457603
2.4,19.169464
0.8,18.943901
128.0,207.7381
122.0,208.12231
116.4,205.6304
115.4,202.98259
115.0,200.81558
110.8,198.38101
107.0,196.26944
101.0,192.98843
97.2,189.31308
96.6,186.3022
93.8,183.21597
93.6,180.98846
87.0,178.15398
81.8,174.6702
77.0,170.38123
76.8,166.58911
72.0,162.22997
64.4,156.90189
63.6,152.27042
63.0,148.32565
56.6,143.90103
49.4,140.02982
43.4,136.7252
37.4,132.89235
36.8,129.55275
33.4,126.16428
32.4,123.21364
28.6,120.03213
25.4,116.78032
25.2,114.21513
19.0,111.37433
17.6,109.06807
15.4,106.910164
11.4,104.530594
8.8,102.14925
6.0,99.73722
4.2,97.46027
1.8,95.25014
15.2,86.72943
8.6,85.211494
7.6,84.04236
5.4,83.17213
18.0,81.58091
11.6,78.026
5.6,75.389145
148.6,59.518097
142.4,55.72146
139.8,51.659817
133.8,47.197594
131.4,42.783115
125.4,38.396027
122.2,34.386806
119.4,30.889343
113.4,27.774311
113.0,25.322971
112.6,23.432976
112.2,21.985634
110.0,20.820442
108.4,19.911179
105.6,19.170326
104.8,18.616608
101.6,18.113243
101.4,17.751144
97.2,17.365387
93.4,17.01651
88.0,16.689224
82.0,16.400352
75.4,16.102547
74.4,15.911407
68.4,15.658646
63.4,15.399826
63.2,15.23613
57.0,15.009178
51.2,14.742409
50.4,14.554146
47.0,14.353905
46.8,14.212219
42.0,14.033897
41.8,13.915451
35.8,13.73597
35.2,13.615494
29.8,13.465828
28.8,13.35376
28.6,13.266701
28.0,13.189056
22.4,13.082619
19.6,12.96476
19.0,12.864243
17.6,12.766457
16.8,12.683342
16.6,12.6057205
16.0,12.512733
13.2,12.409241
12.4,12.324768
11.8,12.251686
11.2,12.184639
10.2,12.121582
8.4,12.06044
8.2,12.014992
6.4,11.964592
5.0,11.921211
2.2,11.872536
137.4,88.7743
131.0,84.69556
128.2,81.25784
122.2,78.58473
119.0,76.229126
112.8,73.46837
105.8,70.67189
101.2,67.626144
96.4,64.50065
90.0,61.05404
84.0,57.440746
78.0,53.77971
72.0,50.129845
57.4,46.167286
50.4,42.36437
37.2,38.651363
32.8,35.53326
31.6,33.055912
31.4,31.164894
28.6,29.69498
28.0,28.59983
25.2,27.755787
22.4,27.099556
19.6,26.593227
18.8,26.229603
16.0,25.938854
15.4,25.722916
14.6,25.5741
13.4,25.437088
13.0,25.345695
12.0,25.26183
9.2,25.181
8.6,25.094082
5.8,24.960396
3.0,24.778996
0.2,24.567211
81.0,83.31641
74.8,83.291985
69.8,82.924576
69.0,82.11412
65.4,80.97215
59.2,79.65096
56.0,78.15801
49.2,76.64053
47.2,75.19485
40.4,73.78069
34.0,72.33868
28.0,70.77648
21.2,69.17511
15.2,67.53198
12.6,65.87757
5.0,64.04954
4.0,62.256935
1.6,60.47204
0.4,58.739838
140.4,147.75728
139.4,149.29562
133.4,149.4451
127.4,147.88872
123.0,145.49754
117.6,142.12895
111.6,137.89465
105.4,133.16597
104.6,129.15007
103.6,126.40488
101.8,124.43813
99.6,122.41199
96.8,119.466225
95.0,116.73703
89.6,113.15099
88.4,108.97489
83.4,104.03439
79.4,98.53728
76.8,92.96086
76.6,88.3513
75.2,84.671906
72.8,81.17016
66.8,77.655754
64.6,74.490425
58.6,71.02632
52.6,67.15065
51.2,63.52809
49.6,59.708805
47.6,55.850582
46.6,52.09061
43.2,48.39906
39.2,44.859142
38.6,41.816235
38.2,39.19269
32.2,36.82201
30.2,34.823586
28.8,33.204037
28.0,31.8517
27.2,30.724812
26.2,29.768768
24.6,28.951557
22.0,28.258629
18.2,27.612976
17.8,27.096996
17.4,26.687832
16.6,26.331093
15.4,25.989922
15.2,25.709385
12.6,25.425476
9.2,25.149822
9.0,24.92654
7.0,24.716713
5.4,24.527954
4.2,24.358139
4.0,24.221397
0.2,24.076584
38.6,95.4059
32.0,92.65735
26.0,89.36499
19.6,86.03588
15.0,83.6221
13.4,82.025665
12.4,81.07743
11.0,80.36751
10.8,79.79316
44.0,56.02617
37.8,53.58479
36.4,51.095116
35.2,48.629017
29.2,46.024387
27.0,43.58193
23.6,41.353577
19.4,39.389454
18.4,37.74019
18.2,36.38474
12.2,35.156555
8.2,34.03485
5.8,33.031223
4.0,32.139343
2.4,31.303661
1.6,30.543491
0.2,29.846996
134.4,86.52994
130.2,85.75806
127.8,84.909904
126.0,84.15385
125.2,83.508736
119.0,82.43607
114.8,80.98359
111.0,78.99281
107.4,76.57321
106.0,74.08541
103.6,71.554924
97.6,68.59401
91.6,65.001144
90.8,61.406548
84.8,57.42
82.4,53.55675
78.4,49.821342
74.2,46.130814
73.8,42.914692
72.4,40.1504
67.4,37.54185
62.8,35.17452
60.0,33.146168
57.4,31.427895
52.0,29.86528
46.0,28.46743
40.0,27.210678
37.8,26.190384
35.0,25.332226
29.0,24.535652
26.2,23.884659
25.0,23.351227
21.2,22.856995
19.6,22.442062
17.8,22.067665
15.8,21.725937
9.8,21.339355
8.6,21.036072
6.4,20.761932
6.2,20.555176
6.0,20.391151
5.8,20.256859
3.6,20.110023
2.8,19.99736
1.2,19.890205
128.0,82.681984
122.0,81.415146
119.2,79.93078
116.0,78.26892
109.8,76.28948
103.8,73.99612
100.0,71.467926
99.2,68.91229
93.2,66.017494
86.0,62.815372
80.0,59.228683
77.0,55.507614
70.8,51.627823
67.4,47.86799
65.6,44.466885
65.0,41.574703
59.0,38.845177
52.6,36.24855
46.6,33.886288
40.6,31.792686
38.4,30.088482
32.4,28.639954
29.8,27.50766
28.2,26.645966
26.4,26.00074
25.0,25.527306
20.6,25.101727
14.6,24.709587
8.6,24.306786
2.6,23.871223
46.4,55.77304
43.8,50.58504
43.6,45.89987
40.2,41.533493
37.4,37.50524
33.8,33.8584
24.8,30.565777
22.6,27.822815
22.2,25.617458
18.0,23.80938
13.6,22.338821
10.2,21.15638
8.8,20.20382
7.6,19.467934
6.2,18.887466
21.8,82.85422
21.0,81.859276
15.0,80.33279
9.8,78.466255
8.6,76.52012
2.6,74.576385
1.0,72.723206
0.8,70.99461
82.2,59.48925
76.2,57.076508
70.2,54.320316
67.4,51.37984
64.0,48.35326
58.0,45.18994
55.6,42.135956
54.4,39.352577
52.2,36.88659
50.8,34.758503
44.8,32.78069
40.4,30.970024
35.4,29.361198
35.2,28.014404
30.4,26.749897
27.6,25.62854
21.6,24.541512
20.8,23.580086
17.8,22.704613
17.0,21.949814
15.8,21.296196
15.6,20.764542
14.2,20.319206
9.4,19.905373
8.0,19.563461
2.0,19.186607
0.2,18.896461
94.0,37.219654
88.8,34.866356
87.0,32.899803
86.6,31.373783
85.2,30.166885
83.2,29.23656
80.6,28.499329
68.4,27.596428
68.2,27.006062
58.6,26.421387
56.2,26.012348
56.0,25.766064
55.8,25.476383
49.6,25.091602
48.6,24.781532
48.4,24.497963
39.8,24.147644
33.4,23.78946
33.0,23.593262
32.8,23.454582
32.6,23.34291
31.6,23.222153
30.0,23.093124
27.6,22.93946
25.8,22.798508
24.6,22.6708
18.8,22.43975
10.2,22.142044
8.2,21.89608
5.4,21.680305
2.6,21.478973
44.6,67.59091
43.4,67.47331
42.0,67.385704
40.6,67.27034
37.8,67.12654
35.0,66.92935
32.2,66.44118
30.0,65.60266
21.8,64.123695
21.0,62.150085
19.6,59.80062
11.8,57.091774
9.8,53.91499
4.0,49.79234
1.2,45.112923
59.6,77.20569
57.4,74.46873
53.0,71.521164
52.8,68.534355
45.0,64.721954
40.2,60.402634
37.6,55.886524
32.6,51.01533
30.4,46.1843
24.6,41.275475
21.2,36.716454
19.2,32.707836
15.8,29.206142
13.8,26.270748
6.0,23.670586
1.0,21.608818
73.0,66.0642
70.8,62.285393
70.6,58.77108
67.6,55.398335
66.6,52.3345
59.8,49.23878
53.8,46.16338
49.8,43.254715
49.6,40.741615
49.4,38.626873
49.0,36.856544
43.0,35.25378
41.4,33.869263
40.8,32.724064
38.2,31.736504
33.8,30.789703
33.0,29.990646
27.0,29.199833
21.6,28.377316
21.0,27.666096
15.0,26.925137
9.0,26.111675
3.2,25.24466
2.2,24.516998
3.6,70.25473
1.4,68.01495
105.2,64.59503
101.6,61.114723
97.6,57.74594
96.0,54.524807
89.8,51.245514
89.6,48.16318
81.4,45.179913
75.4,42.23106
74.4,39.63621
68.4,37.287045
65.2,35.29167
64.2,33.684166
64.0,32.413864
57.6,31.282219
51.6,30.287678
45.6,29.387451
39.4,28.619541
35.2,27.979359
29.2,27.384552
27.8,26.894863
27.6,26.481873
21.2,26.000702
15.2,25.483849
9.2,24.952797
5.4,24.40821
151.0,73.68359
145.4,72.17732
142.8,70.17896
136.8,67.52586
135.0,64.38385
129.0,60.30071
125.6,55.752583
122.6,51.269123
121.8,47.181477
121.6,43.63877
120.2,40.59445
119.0,37.999634
113.8,35.63755
113.6,33.707153
107.6,31.780323
101.6,29.998707
95.4,28.396008
94.6,27.12476
88.4,25.97256
87.8,25.053429
86.8,24.290901
80.8,23.594254
78.0,23.02407
72.4,22.511414
72.2,22.112701
68.4,21.7695
68.0,21.49047
67.0,21.248001
66.6,21.030838
64.0,20.845322
62.8,20.64251
57.4,20.430847
56.0,20.231392
54.0,20.039085
49.2,19.850151
49.0,19.677177
48.8,19.530174
46.0,19.376495
45.6,19.232933
42.0,19.087654
41.8,18.956009
40.4,18.835732
39.8,18.725647
35.0,18.620026
34.6,18.525543
34.4,18.449059
34.2,18.372894
33.4,18.294037
33.2,18.227737
32.8,18.15654
26.8,17.975029
20.2,17.753372
15.2,17.587769
11.0,17.37835
8.0,17.203384
7.0,17.046478
6.8,16.9404
2.6,16.823128
50.6,75.1758
49.6,72.97643
46.8,70.673325
43.8,68.12069
42.6,65.449234
38.6,62.404655
37.4,59.22068
34.4,55.835995
31.6,52.28592
23.8,48.09616
18.8,43.472244
15.8,38.867104
11.2,34.462223
3.8,30.285889
3.6,26.796402
0.4,81.36294
96.2,63.17862
95.2,61.82115
89.2,60.527298
83.2,59.036026
77.0,57.24682
71.0,55.173306
69.8,53.033405
67.0,50.845337
63.8,48.646744
62.8,46.611214
56.8,44.434566
56.0,42.364998
50.0,40.29151
49.0,38.385586
43.2,36.529922
37.2,34.713547
30.8,33.02168
28.8,31.555393
28.6,30.359394
22.4,29.330551
16.4,28.48051
13.2,27.781631
12.0,27.25636
9.2,26.865074
2.8,26.536087
2.4,26.338848
1.4,26.217003
1.0,26.159336
123.8,75.58841
121.4,74.83255
118.6,74.07328
117.6,73.38609
114.6,72.681496
111.2,71.95523
108.4,71.169945
105.6,70.19478
102.8,68.89918
101.6,67.5233
101.4,66.21064
99.8,64.92088
97.0,63.596455
96.0,62.31577
92.4,61.113316
91.8,59.984383
91.0,58.93754
87.8,57.891304
85.0,56.603752
84.2,55.225807
83.6,53.822304
82.8,52.433567
82.0,51.139954
81.4,49.925434
78.6,48.725945
78.0,47.59548
77.2,46.539665
76.4,45.607998
75.8,44.761127
73.0,43.879593
72.2,43.04215
71.6,42.249714
68.8,41.45952
68.0,40.70752
67.4,40.009644
65.8,39.35297
65.2,38.778255
62.4,38.2972
59.6,37.904774
56.8,37.520435
56.2,37.144836
53.4,36.706406
52.6,36.267544
51.8,35.81159
50.4,35.350407
49.8,34.911293
49.0,34.496395
48.4,34.12571
45.6,33.764923
45.4,33.384197
45.2,33.048794
45.0,32.751213
43.4,32.447575
42.2,32.08275
40.8,31.700542
40.0,31.346142
37.2,30.923618
36.6,30.475895
34.2,29.955479
31.4,29.357403
28.6,28.692951
27.2,28.039268
24.4,27.378933
21.8,26.709866
19.0,26.091969
16.8,25.528435
14.0,24.977821
11.2,24.42913
10.6,23.961136
10.0,23.541267
8.6,23.153427
7.2,22.77378
7.0,22.454338
6.0,22.170174
3.2,21.895126
0.4,21.615501
23.6,90.12641
18.4,87.32208
12.8,83.47256
7.6,80.65523
2.8,77.75807
1.8,75.32296
50.0,138.39331
43.6,137.70407
43.4,136.98294
40.6,135.938
36.4,134.37155
30.4,131.76797
24.0,128.09985
18.0,123.492004
11.4,118.14818
5.4,112.745544
1.0,108.09124
0.2,104.216675
28.0,70.84307
27.6,70.202614
24.8,69.39198
22.0,68.32884
19.2,67.17125
16.4,65.93088
13.6,64.59885
10.8,63.221443
9.8,61.941044
6.8,60.81388
6.4,59.83449
3.6,58.84057
1.6,57.84089
0.2,56.88091
249.8,247.11014
248.6,244.38162
248.2,242.34369
247.2,240.98148
246.8,240.09906
240.0,237.42734
238.0,234.30206
231.8,230.80798
225.4,225.59985
219.0,219.0195
213.2,211.22864
210.0,203.54716
201.6,194.34105
196.0,185.27505
189.8,176.91306
188.4,170.78766
187.0,166.75742
184.0,163.67506
182.4,161.61021
180.0,160.12
179.6,159.26001
179.4,159.03674
173.0,157.99275
168.2,155.88441
161.2,153.07425
158.4,150.03648
157.6,147.56357
151.6,144.82666
148.6,142.02339
147.8,139.71771
147.2,137.91724
146.4,136.60274
145.8,135.66249
145.6,135.00253
139.4,134.11986
133.4,132.37273
128.2,129.81332
122.2,126.17125
115.4,121.65996
112.6,117.012924
111.6,112.75722
105.6,108.164474
99.6,103.699165
92.0,98.63705
88.0,93.86617
82.6,90.1884
70.6,86.97515
54.8,84.129524
51.2,80.91666
50.0,77.667336
38.2,73.47172
37.2,70.35681
13.2,66.68335
8.4,63.02959
7.6,59.73544
4.0,56.713074
0.4,53.929188
111.0,165.42459
105.2,160.75171
102.0,155.09772
95.6,148.59506
90.0,141.72768
84.0,135.25388
77.6,129.3717
73.4,124.21254
71.8,120.26889
68.2,117.0927
61.6,113.941956
59.0,111.29768
52.4,108.826355
46.4,105.995186
40.4,102.574974
37.0,99.10437
36.6,96.28897
36.4,94.28555
34.0,92.90413
33.2,91.94985
32.8,91.361336
32.6,91.0925
32.4,91.09442
32.2,91.29158
32.0,91.61572
31.4,91.98184
31.2,92.4303
31.0,95.6454
30.8,96.17231
30.6,95.54033
30.0,94.5005
29.8,93.50139
29.6,92.70409
29.4,92.19326
29.2,91.85536
27.2,91.587685
21.2,90.96382
14.8,89.91689
8.8,88.39036
5.8,86.74212
0.2,84.88873
233.0,203.00784
221.2,197.14554
219.0,191.53633
218.0,187.315
217.0,184.95903
216.0,184.27417
215.0,184.72598
214.0,185.89267
213.0,187.48259
212.0,188.85744
210.8,190.01328
208.0,190.09714
205.2,189.36182
202.2,187.63916
199.4,185.12158
197.6,182.33295
194.8,179.567
192.0,176.84067
188.6,173.71353
180.6,169.25635
177.8,164.72748
175.0,160.62888
172.2,157.18866
169.4,154.24265
168.6,152.40399
166.8,151.038
164.0,149.5174
160.0,147.14577
157.0,144.42618
153.4,141.85374
150.6,140.10446
146.2,139.19066
142.8,138.9598
140.0,139.11568
136.6,138.36368
133.8,137.20917
131.0,135.13708
128.0,132.19377
125.2,128.40535
119.6,123.25462
119.2,118.616776
116.4,114.46275
113.6,110.033455
110.8,105.88817
107.6,102.58732
104.8,99.38041
102.2,96.27447
99.6,93.66902
97.6,91.03684
92.4,87.78024
45.6,78.00807
43.6,71.41423
36.8,65.30928
0.4,58.43284
210.0,138.21524
205.2,134.99689
199.6,130.30518
199.0,126.55466
170.4,124.20795
169.6,123.17595
165.2,121.80983
164.2,120.55093
160.0,118.38246
158.0,115.82396
154.8,112.83004
151.6,109.55762
147.6,106.13747
141.4,101.80924
136.2,96.64296
130.0,90.72515
123.8,85.473785
117.8,81.064125
111.8,78.056946
106.8,75.47752
102.4,73.014854
102.2,70.852005
97.2,68.56601
91.0,66.28973
79.0,63.78203
75.6,61.332138
73.8,59.026276
73.2,56.916637
72.8,54.994823
72.2,53.206593
68.6,51.49226
65.6,49.80677
64.2,48.190533
63.4,46.688656
63.2,45.33938
57.2,43.944176
55.6,42.614723
49.6,41.24161
47.0,39.91802
40.8,38.595947
34.6,37.253895
32.4,35.987305
26.4,34.782116
24.0,33.724762
22.8,32.84027
18.4,32.00534
17.4,31.25018
11.4,30.51749
5.4,29.823605
3.8,29.20557
3.6,28.677616
3.2,28.227901
3.0,27.844418
2.2,27.502354
1.4,27.214863
167.8,102.80136
163.6,98.4983
157.6,93.94904
151.6,89.48521
150.8,85.443085
149.6,81.62775
147.6,79.20369
146.8,77.23517
143.4,75.358955
137.4,73.24416
131.2,70.69862
125.2,68.33796
119.2,66.05243
112.6,63.815834
110.8,61.77652
110.4,59.92074
109.2,58.27336
105.8,56.782104
97.0,55.29957
91.0,53.63365
85.4,51.894787
79.2,50.17595
76.0,48.468925
70.6,46.76226
69.4,45.109104
67.8,43.527428
67.2,42.049118
63.4,40.58992
57.0,39.25435
52.2,37.88526
49.2,36.651566
49.0,35.594555
47.6,34.68082
45.0,33.80637
40.0,33.002728
39.8,32.30673
38.8,31.706402
32.8,31.114296
31.2,30.602627
29.6,30.240078
28.6,29.931446
27.8,29.677303
22.8,29.43525
19.0,29.148945
14.6,28.861786
13.8,28.604454
13.6,28.38721
7.6,28.168007
4.8,27.974243
1.6,27.760643
44.6,68.26236
39.4,65.49485
38.6,62.286453
32.8,58.184868
27.2,53.084026
21.2,47.44644
15.2,41.891502
14.2,37.116158
13.0,33.244038
11.2,30.135872
11.0,27.769642
10.8,25.985447
6.4,24.614475
5.8,23.612679
3.6,22.852127
2.2,22.29921
278.2,148.28282
272.6,143.49661
266.6,137.28406
260.6,132.16309
258.0,128.32156
253.8,124.99357
250.4,121.96048
241.0,118.33773
235.0,113.99924
229.0,109.35347
228.0,105.94565
227.8,103.67549
221.4,101.18678
218.6,98.90886
211.6,96.07977
206.8,93.110664
200.8,90.141914
194.6,86.799805
188.2,83.58203
182.0,80.36224
181.0,77.92794
180.8,75.87836
174.8,73.78692
168.8,71.74308
162.2,69.486015
155.8,67.06479
150.8,64.59471
149.8,62.2533
147.2,60.01029
141.2,57.83442
135.8,55.653225
135.4,53.72428
130.6,51.82321
127.2,50.01981
124.6,48.35951
124.2,46.903442
119.2,45.372555
115.0,43.913906
109.6,42.493378
104.0,41.042454
99.8,39.636364
93.0,38.295918
92.4,37.11159
92.2,36.102337
87.0,35.171772
85.8,34.40377
81.0,33.685516
75.8,33.025024
74.2,32.47278
68.2,31.881134
67.2,31.410217
61.2,30.907433
55.2,30.424007
54.6,30.035755
50.8,29.621964
49.0,29.297157
48.8,29.034119
48.6,28.81926
42.2,28.553951
36.6,28.267384
30.6,27.991062
27.0,27.73431
20.8,27.902756
14.4,27.486187
8.0,27.240387
7.0,27.031609
6.8,26.84293
6.6,26.676281
5.6,26.52816
4.4,26.400417
3.8,26.290726
2.0,26.192932
30.6,115.26716
19.6,105.78784
17.8,98.27489
17.0,92.69483
15.8,88.453865
14.2,84.98432
10.0,81.85498
4.0,78.94871
183.2,181.60492
182.2,184.21442
181.2,186.28018
180.8,188.5215
172.6,190.59729
169.4,192.71774
169.2,195.61119
162.8,197.4819
161.0,198.94855
159.2,200.04536
158.4,201.05374
155.8,201.41647
155.2,201.80856
154.4,202.2749
154.2,203.00513
148.2,201.58873
146.0,198.52313
145.8,195.73395
144.4,192.87997
144.2,190.42186
144.0,188.43732
142.8,186.77617
136.4,183.717
130.4,178.65268
124.4,171.5034
123.0,164.49863
117.0,156.56908
111.0,148.03214
109.8,140.76654
103.8,133.86432
103.6,128.57663
97.6,123.34939
91.6,117.78847
85.6,111.74971
84.0,106.101746
82.6,101.1068
82.4,97.246155
78.8,93.63175
72.8,89.86543
71.6,86.48988
66.4,83.18558
65.8,80.62741
59.8,78.40424
57.8,76.70374
55.2,75.49955
50.2,74.42607
44.2,73.40574
38.2,72.2831
36.4,71.336205
35.6,70.520805
35.4,69.78565
29.4,68.90346
25.4,67.97543
25.0,67.117355
19.0,66.00067
13.0,64.68799
7.0,63.159172
4.2,61.60378
1.6,60.09883
148.4,142.3429
139.4,136.34546
139.0,132.82324
134.4,130.62747
128.0,128.80743
122.0,126.75968
116.0,124.22067
113.2,121.88838
107.0,119.20043
101.0,115.765884
94.4,112.37306
92.4,109.84799
86.4,107.32154
80.4,104.996475
76.2,102.2331
71.2,98.28595
70.6,94.74505
64.6,90.8672
51.6,85.74144
45.4,80.75382
39.4,77.22036
33.4,74.40724
27.2,71.81145
21.2,69.7101
16.4,67.63971
15.6,65.69466
13.8,63.81771
7.8,61.913612
1.8,59.828133
141.4,166.37091
135.4,158.13815
129.0,150.74948
120.6,144.27206
114.4,138.25302
108.2,132.65471
102.2,127.07071
95.6,121.66407
89.8,116.72966
89.0,112.75952
83.0,108.54838
70.4,102.521996
64.4,96.71925
57.8,91.52988
51.8,85.71922
45.8,80.74054
44.6,77.199844
39.2,73.763435
38.8,70.60643
32.6,67.37373
26.4,64.20213
20.0,60.70932
13.8,57.09324
4.6,53.485813
3.8,50.26464
2.4,47.45943
214.8,81.11016
212.2,78.11295
211.8,76.0001
205.8,74.18545
199.8,72.240364
195.0,70.12493
194.8,68.09418
192.8,66.211205
187.6,64.24017
181.6,62.085503
176.2,59.808533
176.0,57.67129
170.0,55.622746
164.0,53.579144
160.6,51.648075
154.4,49.79383
148.2,48.003105
143.8,46.290245
143.6,44.770718
137.4,43.34985
131.4,42.02383
130.6,40.880928
123.8,39.833923
117.2,38.862312
116.6,38.028133
113.6,37.302177
112.8,36.69782
106.8,36.14966
101.4,35.590847
99.6,35.075157
93.6,34.519157
86.6,33.955894
80.6,33.367596
74.6,32.75814
72.6,32.175625
72.2,31.646503
69.6,31.131207
63.6,30.57909
57.6,30.036465
54.8,29.527122
54.0,29.063164
53.6,28.667805
44.8,28.23067
32.4,27.737606
25.4,27.2667
13.8,26.788116
13.4,26.411087
187.2,164.21455
173.0,157.31534
169.4,152.3897
163.4,148.26883
156.6,145.03577
150.6,141.93567
144.4,139.10281
133.0,135.18599
132.8,133.00626
126.8,131.46191
120.6,129.90012
114.8,128.347
102.4,126.00813
100.8,124.516754
93.0,122.690926
90.6,121.39866
87.6,120.47818
81.4,119.230225
75.2,117.43476
69.8,115.3354
59.4,112.075226
53.2,108.31249
49.2,104.27353
45.6,100.2406
43.6,96.55747
43.4,93.46684
38.0,90.268715
32.0,86.79921
25.4,82.912544
19.4,78.26518
15.6,73.75108
9.6,69.52659
3.6,65.500656
1.6,61.602375
139.0,95.72182
138.6,94.43568
132.8,93.26508
130.0,92.2363
128.8,91.40803
127.4,90.72318
127.2,90.29646
121.0,89.61798
116.2,88.72764
110.0,87.5743
104.0,86.03777
98.0,84.40723
91.8,82.41107
87.8,80.213646
83.4,77.71662
81.2,75.21563
76.4,72.61329
73.6,69.95294
69.8,67.126656
66.4,64.312294
63.0,61.167717
62.8,58.250427
61.4,55.492153
58.6,52.84581
52.6,50.108887
51.8,47.70035
45.4,45.34344
39.4,43.01045
36.4,40.8519
33.6,38.82305
27.4,36.79383
23.6,35.100765
17.4,33.644394
15.4,32.46192
9.0,31.447994
5.0,30.626644
194.8,208.14789
193.8,209.81601
192.4,210.99734
189.6,211.06343
186.8,209.61673
184.0,206.62932
175.6,202.20044
168.4,197.55936
167.8,193.38248
167.6,190.0564
162.4,187.38715
159.6,184.63046
154.0,180.23625
151.2,175.02158
148.4,169.56479
145.6,164.09766
142.0,158.24628
138.4,152.5733
135.6,147.22612
135.0,142.92873
132.2,138.94504
130.2,135.25613
129.6,132.20146
126.8,129.01256
124.0,125.38065
121.2,121.60591
118.4,117.95718
115.6,114.260445
110.0,109.46344
107.2,104.83755
104.4,100.809784
101.6,97.24956
98.8,94.13196
96.0,91.359314
93.2,88.56434
90.4,86.182495
86.0,83.84145
82.8,81.91512
76.2,79.71616
73.4,77.30738
70.6,74.92271
67.8,72.60934
65.0,70.35728
62.2,68.20985
59.4,66.18589
56.6,64.25199
51.8,62.46674
32.8,60.28184
25.6,57.770023
8.8,54.39367
5.2,51.072483
3.8,48.0087
3.6,45.377182
76.2,63.84247
76.0,56.967957
75.6,50.290962
29.8,44.49778
29.4,39.767513
194.8,211.33353
194.6,211.86201
191.8,211.01633
189.0,208.92279
186.2,205.83069
183.4,202.19305
180.8,198.39093
177.8,194.56123
172.2,190.28253
163.6,185.69598
160.6,181.6254
159.8,178.93211
157.0,177.31789
156.2,176.68921
155.2,177.04675
152.4,177.44218
146.6,177.49069
143.8,177.45981
141.0,177.03165
138.2,176.30173
135.4,176.05466
133.6,175.82294
133.0,176.11642
130.2,175.99588
127.4,175.12079
124.4,174.27956
121.6,173.05219
118.8,171.16843
116.0,168.83296
113.2,166.82965
110.4,164.43367
107.6,161.53694
102.6,158.08026
97.6,153.56506
92.6,149.77075
89.8,146.26865
86.6,142.98984
82.6,140.00946
79.6,137.2154
76.8,134.63124
73.8,132.76202
71.0,130.9123
67.0,129.48209
64.2,128.51033
49.0,124.76142
46.0,120.56195
39.2,115.834465
37.0,111.45704
34.8,107.655426
5.6,99.25561
184.8,106.97508
178.6,103.89096
172.4,100.704865
166.4,97.498436
165.4,95.26498
162.4,93.91086
162.0,93.02234
155.6,91.83769
149.6,90.30401
147.0,88.6917
140.6,86.51293
134.6,83.96981
128.6,81.722176
127.4,80.27498
121.2,78.91565
115.0,77.38476
109.0,75.71567
103.0,73.8992
97.6,71.89953
96.6,70.00394
93.8,68.16935
87.8,66.26503
83.0,63.97647
82.2,62.127922
81.4,60.430206
81.2,58.902588
75.8,57.32711
69.8,55.599102
63.8,53.72989
57.8,51.816143
57.6,50.05424
51.6,48.317303
46.6,46.660954
46.2,45.17026
42.0,43.73299
41.6,42.4242
35.4,41.074757
33.6,39.811268
33.2,38.70496
32.4,37.757004
20.4,36.513214
15.0,35.43352
12.0,34.351395
6.0,33.400635
1.6,32.535553
0.2,31.78888
262.2,108.53705
256.8,101.51871
254.8,95.81585
251.6,91.04792
245.4,86.92537
239.0,83.24134
234.8,80.38261
228.8,77.55347
222.6,75.33381
220.4,73.1541
219.0,71.0846
212.8,68.99042
206.6,66.934586
198.0,64.72576
191.8,62.492798
185.8,60.326427
182.8,58.309578
182.6,56.524837
175.8,54.834312
169.4,53.217823
163.2,51.60617
158.4,50.098347
152.4,48.671265
148.2,47.39034
146.2,46.294704
140.0,45.29745
134.0,44.370834
125.6,43.48407
123.2,42.72732
117.2,42.018963
111.8,41.38055
109.8,40.8559
104.4,40.393833
98.2,39.936737
91.6,39.48696
85.4,39.0453
83.2,38.630558
76.8,38.162457
74.8,37.7434
73.4,37.354992
73.2,37.030487
72.6,36.751812
66.6,36.432343
65.8,36.137684
64.0,35.840157
63.8,35.578735
61.0,35.32676
54.6,35.074165
48.6,34.770195
47.6,34.49851
41.6,34.223198
37.0,33.90822
35.0,33.604946
34.8,33.33193
29.4,33.03089
23.4,32.69561
17.4,32.36037
11.4,32.024452
9.4,31.721642
3.4,31.376617
1.2,31.04712
16.0,198.25754
10.0,194.44559
3.2,190.10611
0.4,185.66705
0.2,181.9639
241.6,183.6908
241.4,185.46957
235.4,186.8147
229.4,186.6451
223.2,184.68433
217.0,181.63898
212.4,177.56337
206.4,172.78322
202.8,167.8851
202.6,164.4518
202.2,162.62503
202.0,162.14874
195.0,160.90274
189.0,158.69724
180.2,154.72958
174.0,150.00354
168.0,144.65816
165.6,139.86394
159.4,134.81647
153.2,129.40503
150.2,124.44939
150.0,120.69969
147.8,117.56858
144.2,114.97388
138.2,111.53783
132.0,107.04396
125.8,102.156296
119.6,97.1889
116.4,92.80145
113.0,88.849014
111.2,85.430405
104.8,81.71324
98.4,78.06177
92.4,75.030266
86.4,72.030136
83.6,69.08108
80.8,66.18084
80.6,63.50502
80.4,61.058617
73.4,58.565586
67.4,56.070072
59.4,53.454357
52.8,50.897182
46.8,48.486137
45.2,46.35494
39.0,44.565815
32.8,42.95836
10.4,41.133713
9.8,39.61952
7.8,38.345406
5.4,37.27056
5.2,36.404453
4.6,35.69159
0.2,35.023937
135.6,138.34131
134.6,135.3264
128.6,132.81866
122.6,129.75584
116.4,125.84644
110.0,121.029755
107.0,115.71497
102.4,110.31421
97.8,105.51024
96.2,100.95209
90.0,96.50638
84.0,92.37205
79.8,89.08497
73.8,86.1978
67.4,83.28277
64.6,80.26415
64.2,77.957085
57.8,75.91408
56.8,74.04051
50.4,71.96752
44.4,69.7159
39.4,67.35718
36.2,64.99605
35.0,62.771328
29.0,60.53002
27.4,58.436337
20.8,56.422943
14.2,54.415382
8.2,52.403473
2.6,50.408123
0.2,48.570515
112.4,254.98148
111.4,255.66089
110.4,256.916
109.4,258.32297
108.4,259.53842
107.4,261.41885
106.4,261.45505
103.6,260.64536
97.2,258.37338
95.0,255.22269
91.4,251.37137
88.6,247.60501
85.8,242.49597
83.6,237.3523
83.2,232.97263
82.6,229.41315
74.2,223.64108
71.0,216.97269
68.2,209.63176
65.4,202.59818
62.6,196.13168
61.2,190.82327
58.4,186.41821
55.6,182.98901
52.8,180.18321
50.0,177.20493
47.2,174.28156
44.4,171.33316
38.8,167.14355
36.0,162.76888
32.0,158.36255
31.8,155.00302
28.8,152.11041
26.0,149.1548
23.2,146.24107
20.4,143.30237
17.6,140.34349
14.6,137.20361
11.8,133.94586
9.0,130.6221
5.4,127.38819
2.6,124.096405
274.2,116.28838
272.8,114.18121
272.4,113.25577
259.6,111.23948
257.8,109.40878
252.0,107.57934
251.8,106.57765
245.6,105.66254
244.4,105.22635
238.4,104.55966
235.4,104.20965
234.6,104.38366
232.2,105.073654
231.4,106.26826
225.4,107.279495
219.2,108.066956
213.2,108.601166
201.0,108.11032
197.4,107.88938
191.4,107.68239
189.0,108.016205
188.4,109.33076
188.0,111.42823
182.0,112.22084
176.2,112.35786
172.4,111.77252
166.4,110.44584
165.8,108.87265
165.2,107.375565
156.6,104.64909
153.2,101.79104
151.2,98.767426
151.0,95.96188
146.0,92.530266
140.2,88.77558
137.6,85.159584
131.6,81.68685
125.2,78.1222
119.2,74.57914
115.0,71.05604
113.8,67.71707
112.8,64.7722
106.8,61.78465
102.8,58.86724
98.4,55.82322
96.8,52.65553
96.6,49.53128
93.8,46.195934
92.4,43.204308
91.0,40.92323
85.6,38.96398
85.4,37.370903
83.4,36.037506
78.8,35.009502
78.4,34.153587
77.8,33.427986
71.8,32.766216
70.6,32.19918
69.0,31.71186
63.0,31.222538
61.8,30.77349
60.2,30.35923
59.6,30.01574
59.4,29.72697
53.4,29.43454
47.4,29.103474
41.4,28.738838
39.6,28.411694
36.8,28.095264
31.6,27.77649
25.6,27.42733
20.4,27.063766
16.2,26.734592
13.2,26.446423
10.4,26.163765
4.4,25.875977
0.2,25.633423
278.6,139.28514
276.4,133.87637
276.2,130.03194
270.0,126.613754
264.0,122.80008
258.6,118.69646
252.6,114.28793
246.4,109.45018
234.4,103.513535
228.2,97.55896
227.4,92.98558
227.2,89.673935
226.8,87.54228
220.8,85.54203
218.0,83.74593
217.0,82.21156
211.0,80.757996
205.0,79.386024
199.8,77.70647
199.6,76.22071
199.4,74.82134
193.2,73.2367
181.0,71.109795
178.6,68.92394
177.6,66.936485
171.6,64.99441
167.6,63.14365
163.6,61.397537
157.6,59.70162
154.6,58.139175
152.6,56.78888
146.6,55.506706
139.8,54.223152
135.8,53.00536
130.2,51.837715
129.4,50.852688
129.2,50.061028
125.0,49.336662
123.6,48.7517
119.0,48.218052
107.0,47.486122
102.8,46.723663
102.0,45.962795
91.8,45.11903
91.0,44.38751
90.4,43.73683
84.4,43.09226
82.0,42.47447
79.8,41.864414
79.4,41.336433
73.4,40.78953
69.4,40.220398
64.8,39.561455
58.8,38.851593
49.8,38.007385
49.6,37.223736
48.8,36.525665
39.8,35.71239
12.6,34.594128
9.6,33.574135
9.2,32.60881
8.0,31.726112
6.8,30.957539
2.6,30.248215
0.8,29.627155
0.4,29.095882
183.0,137.7816
176.8,129.5758
170.6,122.479256
164.4,115.90685
159.8,110.09278
159.0,105.05127
151.6,100.298
145.6,95.901924
139.6,92.60366
133.4,88.4494
127.4,84.22208
121.4,81.06406
115.8,77.99254
114.0,74.60081
112.8,71.458115
106.8,68.14815
100.8,64.69469
99.4,61.455723
93.4,58.356773
92.6,55.59489
89.2,53.13982
82.8,50.865875
77.2,48.74708
76.4,46.847412
76.2,45.2014
73.2,43.75107
67.0,42.409966
61.4,41.099773
55.0,39.81776
43.2,38.574116
41.8,37.448654
35.4,36.412838
29.4,35.414043
25.6,34.452606
22.8,33.574894
18.8,32.766228
12.8,31.967392
10.2,31.159039
4.2,30.397564
0.2,29.755703
254.6,153.7016
254.4,154.46683
251.8,154.94194
251.6,155.38855
245.6,154.10126
242.8,151.66492
239.8,148.43959
233.6,144.18236
229.4,139.35063
226.0,134.4469
224.6,130.29669
219.6,125.98416
213.4,121.36007
207.4,116.248695
201.4,111.03462
195.2,105.87248
189.2,101.19604
188.4,98.21762
186.0,96.62441
179.8,94.99365
174.8,93.11906
174.6,91.50947
168.6,89.569855
162.6,87.4609
156.6,85.10061
150.2,83.150246
146.0,81.118286
145.8,79.39082
139.2,77.313866
134.0,75.085625
127.8,72.859276
121.8,71.05838
117.6,69.86149
115.8,69.205666
113.0,68.57574
112.6,68.24869
111.2,68.02306
104.8,66.710754
98.6,65.6179
92.6,64.40927
86.6,62.99354
80.2,61.349594
74.2,59.524582
68.2,57.417084
66.2,55.17314
64.0,52.806946
63.0,50.47736
59.2,48.20677
58.0,46.073486
53.2,44.568207
43.6,41.868126
43.0,40.07132
42.6,38.80976
42.2,37.831097
30.2,36.877895
23.0,35.804867
20.0,34.575592
19.6,33.845722
19.4,33.244335
18.8,32.755333
11.6,32.282692
8.8,31.864758
6.0,31.467487
3.2,31.099941
0.4,30.739414
243.0,137.93257
237.0,134.71283
231.0,132.37901
224.8,129.3203
218.8,126.19357
212.8,121.88221
206.4,116.60848
200.4,111.54238
199.4,107.261856
194.8,103.07875
192.4,99.22273
191.4,96.013374
185.2,92.87747
179.2,89.39181
174.2,85.69939
168.2,82.01343
165.6,78.7775
162.2,76.63149
162.0,74.96638
156.0,73.45737
150.0,71.922874
148.4,70.55977
147.8,69.389534
147.2,68.47961
146.2,67.793915
145.8,67.30599
143.2,66.90579
137.2,66.39287
131.0,65.79954
127.8,65.14398
127.4,64.508064
121.2,63.827244
119.2,63.147995
119.0,62.518105
112.8,61.781887
106.8,60.89686
105.8,60.013863
102.2,59.118618
102.0,58.289528
100.0,57.50522
99.8,56.822365
99.4,56.236294
93.2,55.584225
87.2,54.869705
81.2,54.053146
75.0,53.136307
70.0,52.14395
63.8,51.113083
57.8,50.034466
51.8,48.877075
46.4,47.682724
42.8,46.475674
41.8,45.310005
41.6,44.225224
37.0,43.10049
36.8,42.077816
33.6,41.052746
27.4,39.970707
21.4,38.804478
15.4,37.58291
9.2,36.349747
3.2,35.15077
0.8,34.087612
170.8,159.06784
168.2,153.09396
162.2,146.68146
150.0,139.41676
148.2,133.08415
142.2,127.393654
136.2,122.21574
130.0,117.36824
127.0,113.39863
126.8,110.795715
120.6,108.15909
116.6,105.7227
110.4,102.781555
105.2,99.69516
99.2,96.373825
95.4,93.17218
91.2,89.92955
91.0,87.29822
89.0,84.968475
85.0,83.314316
79.0,81.68639
72.8,79.70908
66.8,77.50759
60.8,75.16829
54.8,72.7456
48.8,70.21466
42.8,67.677666
40.2,65.33095
36.4,63.10218
35.8,61.14559
29.8,59.332047
23.8,57.549168
21.2,55.954563
15.0,54.611122
9.0,53.25231
3.0,51.920425
1.4,50.718666
59.0,80.73117
53.0,78.17465
47.0,75.69146
40.8,73.10848
28.8,70.70633
22.8,67.94272
16.8,65.28244
16.0,62.86714
10.0,60.689014
4.0,58.79258
0.2,56.98349
151.8,150.5967
143.4,148.45526
138.2,145.81482
132.2,141.6221
126.0,137.22247
119.6,132.58177
113.6,127.7789
107.6,122.82972
103.2,118.033035
101.4,114.4959
95.4,111.638756
89.4,108.94306
83.2,106.21925
77.2,103.15109
70.4,99.93422
64.4,96.59832
58.4,93.327065
52.2,90.37258
49.8,87.818275
43.8,85.17996
42.0,82.95799
36.4,81.159134
36.2,79.7114
30.0,78.281586
24.0,76.83084
20.8,75.36588
16.2,73.839966
13.8,72.374344
11.0,70.955414
7.4,69.611374
4.6,68.28433
1.8,66.979614
192.2,126.38384
185.6,117.767426
185.4,110.877655
179.0,105.31405
155.0,94.87792
151.0,85.62571
150.8,80.49089
147.0,77.13402
142.8,74.324875
136.8,71.57404
130.4,68.8886
124.0,66.14993
118.0,63.400436
116.6,60.89644
110.4,58.458073
110.0,56.269196
108.6,54.35147
102.6,52.275227
98.8,50.14563
98.6,48.209255
91.8,46.118973
90.4,44.17747
90.2,42.503727
85.0,40.97096
84.4,39.41865
57.2,37.565388
56.8,35.943165
44.6,34.377777
20.0,32.72237
18.0,31.285515
0.6,29.925083
164.8,197.88431
162.8,194.17877
162.6,190.49887
162.0,187.1709
159.2,183.45715
153.2,177.8557
152.8,172.34602
146.8,165.43578
140.2,156.92789
138.8,148.78052
138.6,141.64253
138.0,135.5423
136.8,130.36053
136.6,126.12465
136.0,122.567184
133.2,119.00165
132.8,115.87807
131.8,113.04212
128.6,110.02093
123.4,106.60399
122.6,103.77042
116.6,100.532234
111.8,97.438866
111.2,95.315025
106.6,93.28443
106.2,91.7847
100.2,90.05143
94.2,88.615135
92.8,87.8115
87.6,86.97382
85.6,86.35221
84.2,85.97295
81.4,85.57939
80.8,85.196724
79.8,84.762085
78.2,84.270454
76.6,83.62482
75.8,82.818985
75.0,81.8087
73.0,80.640724
71.4,79.315735
70.2,78.000656
69.8,76.74232
69.4,75.53084
65.4,74.16278
60.8,72.29753
60.4,70.51302
54.4,68.86009
54.0,67.40463
50.6,66.12433
48.6,64.93355
47.6,63.84069
43.2,62.850536
42.8,61.94835
42.2,61.13085
38.4,60.383038
37.8,59.704376
35.0,59.08245
34.8,58.524673
33.6,58.006172
33.2,57.50171
27.2,56.97313
25.0,56.36931
23.8,55.691967
17.8,55.29928
13.4,55.324703
12.0,55.3411
10.8,55.300915
3.6,55.110203
1.2,54.89626
1.0,54.728542
183.8,119.52319
181.6,115.71213
175.6,111.45174
173.0,107.704254
167.0,103.57204
161.0,99.372536
155.4,94.977844
149.4,90.317986
143.4,86.0643
141.0,82.27838
140.6,79.477264
134.6,76.80279
130.8,74.25616
121.8,71.39755
115.8,68.71499
110.6,66.26919
104.4,63.782364
98.4,61.082817
92.4,58.326935
86.4,55.603035
79.6,52.66778
73.2,49.861736
63.0,47.170162
60.6,44.75149
60.4,42.681557
58.6,40.87039
52.6,39.127377
48.0,37.49189
42.0,36.006264
37.2,34.68337
36.8,33.569283
34.8,32.6068
33.0,31.783882
27.0,30.99741
21.6,30.25027
21.4,29.645237
20.0,29.113182
15.4,28.441223
13.6,27.884663
13.0,27.401585
12.8,27.015182
12.2,26.660637
8.0,26.259499
5.0,25.874718
2.0,25.494995
130.4,81.05502
124.2,81.270775
123.8,81.40128
120.4,81.48275
114.2,81.4794
108.2,81.397354
102.0,81.14009
96.0,80.69188
90.0,79.90018
84.0,78.69183
80.4,77.225945
79.8,75.7088
73.8,73.95308
66.8,71.962166
60.8,69.70905
54.8,67.24567
48.8,64.64685
44.0,62.053455
41.0,59.545883
40.4,57.323395
34.4,55.212746
28.4,53.129677
22.2,51.072956
22.0,49.276093
19.2,47.6828
19.0,46.339676
13.0,45.07324
7.0,43.825314
3.0,42.632526
0.6,41.546093
217.0,156.45963
210.8,152.66122
204.2,148.76852
201.4,144.69841
195.2,139.9667
188.8,134.51894
181.6,129.32509
175.6,123.98787
169.2,118.77992
163.0,113.4702
157.0,108.39724
154.0,104.58412
152.4,101.34502
152.2,98.61274
146.2,95.88028
135.8,93.63629
129.8,91.31632
123.8,88.95527
121.0,86.809044
120.8,85.03259
120.6,83.737885
114.6,82.553474
99.2,81.24944
93.6,79.7472
88.2,78.288895
80.4,76.89481
72.8,75.58046
66.8,74.24979
60.8,72.67553
54.6,71.30462
48.6,69.78365
41.6,68.270935
35.6,66.85478
29.6,65.300514
26.0,63.74666
25.2,62.2725
25.0,60.933853
24.6,59.71325
17.8,58.42321
12.0,57.07068
11.8,55.812046
5.8,54.50216
1.4,54.424927
1.2,53.719463
151.0,205.99556
149.4,207.24506
147.4,207.96548
146.8,208.15558
145.4,207.63551
142.6,206.25897
139.8,204.24591
137.0,201.72644
134.0,198.75813
128.8,195.57088
126.0,192.3277
123.0,189.17758
119.2,185.8735
116.4,182.46667
110.6,178.22757
107.6,173.74353
104.8,169.52144
102.0,165.8366
99.2,162.53757
96.4,159.3347
96.0,156.80197
93.2,154.60132
90.4,152.4733
87.8,150.26846
85.0,148.12915
81.4,145.722
78.6,142.99588
75.8,140.0485
72.8,136.8028
70.0,133.31653
67.2,129.67401
64.4,126.062164
61.4,122.400894
56.2,118.66617
53.4,114.92067
50.6,111.165634
47.8,107.5368
42.0,103.49944
39.2,99.93155
36.2,96.93134
34.2,94.56066
33.8,92.413574
30.8,90.3853
27.8,88.54347
22.2,86.52449
19.4,84.56771
16.6,82.92121
13.8,81.31189
11.0,79.697845
8.2,78.262566
2.2,76.70486
190.2,171.14822
188.4,175.98297
182.4,178.34581
176.4,178.43155
174.4,178.01309
168.2,176.58846
166.8,175.81177
165.4,175.92798
160.8,176.20137
159.8,177.27206
153.8,177.72974
152.8,178.55042
151.4,179.45702
145.4,179.50024
141.6,178.97629
135.6,177.15308
134.4,175.24982
128.6,172.59245
122.6,168.71353
116.6,163.94315
114.8,159.13547
113.2,154.48145
107.2,148.99646
101.2,142.82791
99.0,136.85036
98.8,131.34555
93.2,125.883835
92.2,120.62326
89.6,115.29805
83.4,109.396675
80.6,103.362686
79.2,97.091934
78.4,91.065125
73.6,85.9887
67.6,81.41401
64.0,77.487595
61.2,73.86392
60.0,71.24866
59.6,68.94943
55.6,66.82451
49.6,64.82143
47.6,63.00859
46.2,61.368713
43.6,59.84484
42.8,58.41659
42.0,57.08014
39.4,55.80817
36.0,54.61648
34.8,53.55318
34.6,52.594265
33.4,51.70561
29.4,50.814278
23.4,49.955517
21.0,49.154804
16.6,48.302307
14.6,47.462772
14.0,46.85196
8.0,46.24195
4.2,45.644394
3.0,45.123665
0.6,44.661125
184.4,130.90913
178.4,124.91194
172.4,119.28385
166.4,113.945145
160.4,108.912094
156.8,104.21167
156.2,101.10937
150.0,98.22851
144.0,94.807846
137.4,91.29904
133.0,87.702
127.0,84.69049
125.0,82.50317
119.0,80.38738
113.0,78.66107
106.8,76.41267
101.8,73.76701
96.6,70.94049
91.6,68.06886
85.6,65.22973
83.0,62.51481
75.6,59.775467
75.0,57.317112
70.0,54.926487
64.0,52.525608
58.8,50.207478
56.8,48.141544
50.6,46.16281
44.6,44.32893
41.0,42.648197
38.6,41.132854
33.4,39.768456
27.4,38.522682
27.0,37.487335
26.2,36.6166
24.6,35.911694
18.6,35.227184
12.6,34.585903
5.6,33.89302
2.8,33.310665
130.6,93.53503
130.4,94.295525
130.0,95.176765
129.8,96.00929
129.6,97.00029
129.2,97.74273
129.0,98.13824
123.2,97.8175
119.4,97.08674
113.4,95.743805
107.4,93.78089
102.6,91.61998
102.4,90.13941
101.2,89.18337
93.8,87.87892
87.2,86.32008
81.6,84.55951
75.6,82.48133
71.8,80.60977
65.8,78.97727
62.6,77.42788
56.4,75.5117
51.8,73.40817
49.2,71.37728
46.4,69.4843
40.2,67.48286
38.0,65.45293
35.0,63.2051
34.0,61.274284
28.0,59.392895
22.0,57.562325
16.6,55.741795
10.2,53.93127
4.2,52.111553
3.0,50.444004
1.6,48.965763
1.2,47.703957
115.6,129.55154
109.2,125.71309
103.2,120.29913
97.2,114.652435
91.2,108.753456
85.2,103.70817
79.2,99.01406
73.2,95.79112
67.2,92.298134
62.6,89.09312
62.4,86.29653
59.4,84.100204
53.4,82.2159
47.4,80.379745
41.4,78.27387
35.2,75.92675
29.0,73.30096
23.0,70.49675
17.0,67.61109
11.0,64.7641
4.6,62.001286
255.2,110.612366
254.0,106.801186
252.8,103.816414
246.8,100.66956
240.8,97.14486
238.0,94.0174
237.6,91.88558
231.6,89.914566
225.6,87.89034
219.6,85.46277
219.4,83.102646
213.2,80.61212
207.2,77.788246
199.0,75.37797
193.0,73.27942
186.8,71.23021
181.8,69.20551
181.6,67.43168
176.6,65.73948
170.6,64.043465
164.4,62.278946
162.8,60.732468
156.8,59.21873
151.6,57.72406
145.6,56.18966
140.6,54.646557
140.0,53.255714
135.6,51.885525
133.2,50.555878
132.6,49.28018
132.4,48.159595
126.4,47.108387
120.6,46.05692
120.0,45.098057
114.6,44.141346
107.8,43.180042
101.4,42.20844
98.4,41.28368
92.4,40.386147
86.0,39.54922
85.8,38.797134
79.8,36.6356
73.4,34.694397
70.0,32.92579
68.6,31.380714
62.2,30.035595
55.8,28.903122
47.6,27.958961
39.8,27.138035
20.8,26.369171
20.2,25.814865
55.6,149.5423
54.8,144.82983
53.0,140.86317
48.8,137.26453
42.8,133.07474
38.2,128.35245
36.4,123.82338
35.4,120.11146
29.4,116.02981
23.4,111.541115
18.0,106.86849
17.2,103.196106
11.2,99.9312
4.6,96.20113
114.2,137.49905
107.8,131.09135
99.6,125.02649
93.6,117.8434
87.6,111.1496
75.6,104.19671
69.6,97.92621
63.2,92.54287
57.2,87.8111
54.4,83.56932
54.0,80.31908
44.0,77.99524
43.6,76.04958
37.6,74.04035
31.4,72.0166
19.2,69.65584
13.2,67.25343
7.0,64.90406
1.0,62.70209
61.8,32.026093
55.8,29.653831
49.0,27.670769
43.0,26.061481
39.2,24.845005
37.4,23.913063
31.4,23.15438
25.4,22.574974
19.4,22.163734
14.0,21.946556
8.0,21.8796
4.0,22.01255
166.8,88.322
160.6,86.79203
157.4,85.18798
157.2,84.0234
147.6,82.59021
147.0,81.29619
140.8,79.971085
134.8,78.174866
131.4,76.31636
125.4,74.37335
119.6,72.3447
114.0,70.24429
108.0,68.029526
100.4,65.697365
99.2,63.475445
98.6,61.49022
86.8,59.282158
78.0,57.041466
72.0,54.73602
66.0,52.421658
59.8,50.243214
54.0,48.298203
52.2,46.65675
46.2,45.185905
39.8,43.877106
33.8,42.70848
27.6,41.685486
27.2,40.722332
21.2,39.794147
13.6,38.90723
12.2,38.156322
11.2,37.481346
5.0,36.74011
1.6,35.962296
1.4,35.255653
0.6,34.576096
197.6,142.24232
196.8,136.0729
190.6,130.58041
184.6,125.43915
178.6,120.58566
172.4,115.387245
166.8,109.94388
163.6,105.313354
157.6,101.0967
151.6,97.19596
145.6,92.800995
142.2,88.160065
136.2,84.90375
134.8,82.66916
133.8,81.04147
127.8,79.450775
121.8,77.544464
109.4,75.18609
104.4,72.723465
99.4,70.23656
98.8,68.03955
92.6,65.85703
86.2,63.718864
77.0,61.382538
71.6,58.949936
71.2,56.741302
70.4,54.80647
67.8,52.994522
62.4,51.22898
61.4,49.544502
59.6,47.939835
56.2,46.29096
53.6,44.780647
47.6,43.170925
46.2,41.751816
36.8,40.45246
36.6,39.361065
30.6,38.354046
27.4,37.47762
26.4,36.70989
24.0,36.01537
17.4,35.34728
11.0,34.664684
4.6,33.973587
4.4,33.4014
2.8,32.88122
174.4,178.98866
170.8,174.83731
168.0,170.67891
165.2,166.207
162.2,161.47412
159.4,156.42397
155.6,150.80055
152.4,145.25192
149.6,139.93504
146.8,134.74643
144.8,130.11243
141.2,125.78598
138.4,121.745834
135.6,117.886475
132.6,114.1354
129.8,110.42886
127.0,106.963974
124.2,103.4893
121.2,100.37873
118.4,97.591736
114.6,94.67364
111.8,91.53404
109.8,88.71376
108.4,86.135345
102.0,83.16711
99.2,80.70587
96.4,78.70184
93.6,76.61192
90.8,74.4575
88.0,72.284966
85.2,69.99794
82.4,67.612526
79.6,65.22381
76.8,62.833473
73.6,60.453377
66.6,58.170258
66.4,56.15063
65.8,54.423782
56.8,52.94031
38.8,50.979687
25.8,48.86739
13.8,46.79865
1.8,44.86439
1.2,43.387268
3.2,78.92358
2.4,77.87878
77.2,189.58005
70.8,186.76273
60.8,184.05695
55.4,181.51448
54.8,181.00919
48.2,180.70401
45.0,180.91812
38.2,180.6181
32.2,179.32677
26.4,178.09923
26.0,177.91943
19.8,177.83708
16.2,177.16621
10.0,175.04474
9.0,173.04736
4.8,170.535
1.0,112.13551
56.6,128.19598
43.4,123.84731
25.4,118.1064
17.0,112.45167
12.6,107.2397
10.6,102.58003
9.4,98.65228
7.8,95.14579
6.4,94.27608
30.4,98.00227
23.8,94.600296
14.8,91.48588
9.2,89.04673
8.0,86.83971
1.4,84.5967
0.6,82.52148
161.4,99.144264
158.2,93.403206
152.0,88.730705
143.6,84.57091
142.8,81.80177
136.6,79.77681
136.0,77.777824
130.6,75.73836
121.8,73.36005
121.6,71.0429
115.4,68.64739
109.4,66.075775
102.8,63.35042
97.0,60.494366
93.6,57.666805
92.4,55.029263
86.2,52.38933
85.4,50.17043
84.8,48.059814
78.6,46.084263
76.0,44.273537
75.6,42.68778
69.4,41.19039
65.0,39.77491
61.6,38.46847
55.4,37.213818
52.6,36.059887
51.2,35.054123
45.2,34.00462
39.2,33.001247
38.0,32.15694
36.6,31.435547
33.8,30.818699
31.2,30.27951
25.2,29.743073
18.0,29.279396
6.2,28.771854
194.8,150.32697
188.6,143.0575
182.0,135.63673
175.8,129.01349
173.6,123.49567
167.6,118.54892
161.2,113.519745
160.4,108.86912
160.2,105.053635
154.0,101.11522
148.0,96.66411
141.6,92.13566
135.4,87.72089
126.2,83.48358
120.2,80.27051
114.2,77.74454
108.0,75.142715
104.2,72.46753
98.0,69.797195
92.4,67.14033
89.0,64.58916
82.8,62.080395
76.8,59.65985
70.8,57.335617
65.8,55.15879
59.8,53.12461
56.0,51.282833
54.4,49.70107
48.4,48.315285
47.6,47.160225
41.6,46.08894
35.2,45.07721
29.0,44.10677
22.6,43.16071
22.4,42.33432
19.2,41.586315
16.8,40.932926
16.2,40.38327
15.6,39.918083
9.6,39.439625
9.2,39.024815
5.0,38.62201
3.6,38.26127
147.6,160.15894
146.6,156.97787
140.2,153.12039
133.6,148.62299
127.6,143.72867
121.6,139.05952
116.0,134.83698
109.8,131.44058
103.8,128.32944
102.6,126.4588
98.2,124.91189
97.2,124.285515
91.0,123.437935
84.6,121.84328
78.4,119.23134
72.0,115.85266
66.0,111.99573
60.8,107.96866
56.2,103.7534
51.8,99.771965
45.4,95.42058
43.8,91.36182
43.4,88.098465
43.2,85.438225
37.0,82.417885
32.8,79.364204
26.6,75.81837
20.2,72.07565
14.2,68.83232
8.2,65.4828
2.0,62.253143
37.2,117.829124
31.2,114.55733
25.0,111.002014
22.6,107.762344
16.6,104.852905
10.6,101.71537
4.4,97.991844
21.4,105.86708
17.2,103.11914
11.0,101.102455
10.8,99.92531
10.6,99.4899
4.4,98.6793
64.0,71.937256
61.0,70.16924
41.8,68.404785
39.8,66.86536
33.8,65.450516
33.4,64.15832
22.4,62.84994
22.2,61.6092
22.0,60.407314
8.4,59.119183
4.6,57.867485
2.4,56.757248
8.4,84.106606
2.4,81.945175
1.8,80.16069
7.0,122.07315
4.2,119.104095
209.4,152.13152
203.0,146.69814
197.0,140.20285
193.8,133.54604
187.8,126.52377
184.2,119.86131
182.6,114.19484
176.6,109.1664
170.6,103.63781
164.6,96.87761
159.0,89.67254
158.0,83.83337
152.0,78.59958
151.8,75.09648
145.8,71.703995
143.6,68.35277
139.8,65.19572
136.6,62.24823
133.0,59.38475
127.0,56.57102
123.4,53.95021
117.4,51.52621
114.0,51.63951
113.8,50.192043
110.6,48.870163
104.4,47.571293
101.2,46.389076
95.2,45.306747
90.4,44.34839
88.2,43.54166
88.0,42.904064
87.4,42.34868
86.0,41.885952
85.8,41.488598
82.8,41.09146
80.2,40.70185
77.0,40.30614
75.6,39.93369
66.6,39.469826
64.2,39.03648
63.8,38.57305
57.8,38.042007
55.2,36.82726
49.2,36.644753
43.2,36.474327
42.2,36.36967
38.6,36.28587
31.6,36.198917
25.6,36.12682
23.8,36.08894
19.0,36.071056
14.8,36.07299
14.6,36.111458
11.8,36.16081
10.0,36.2174
9.8,36.295544
9.6,36.39077
6.0,36.468567
2.8,36.51457
2.2,36.574646
100.0,141.51717
98.8,139.31337
98.6,137.64746
95.8,135.90248
92.6,133.91354
89.6,131.62776
86.8,129.42323
83.4,126.26076
80.6,123.01514
77.8,119.83896
75.0,116.61359
72.6,113.6019
70.4,111.0022
67.2,108.46799
64.4,106.05506
61.6,103.60391
58.8,101.1435
56.0,98.79461
53.2,96.73835
52.6,95.39221
52.4,94.667725
49.6,93.932686
44.0,92.57271
40.4,91.02492
36.4,89.44556
33.6,87.90302
33.4,86.67181
30.6,85.46858
27.8,84.0302
25.0,82.44187
22.2,80.820915
19.2,79.38951
16.4,77.99544
13.6,76.75118
10.8,75.51651
8.0,74.31087
5.2,72.99324
2.4,71.57455
151.0,104.269684
149.6,107.9691
147.8,111.91678
144.2,115.813034
143.6,119.3215
142.4,122.39099
139.8,124.884445
135.4,126.93714
131.0,128.57176
130.8,129.80202
129.8,130.69125
126.0,131.19409
124.6,131.49525
119.8,131.64816
118.8,131.86739
118.6,132.1563
116.0,132.3523
114.4,132.54974
113.2,132.75072
110.6,132.89851
106.2,132.59239
104.8,132.2092
103.0,131.89313
99.2,131.34297
98.0,130.92729
92.0,129.23984
90.6,127.12306
86.4,123.558014
83.8,118.99866
82.4,114.280975
82.2,110.087036
82.0,106.68428
78.4,103.473114
76.8,100.19779
70.0,95.7463
69.8,91.885506
68.0,87.90824
65.8,83.85502
62.6,79.42845
61.6,75.01301
61.4,71.67426
59.6,69.322334
58.4,67.23767
58.2,65.37351
55.2,63.551468
55.0,61.93795
54.6,60.534294
54.4,59.381256
51.0,58.137962
50.4,57.036697
42.8,55.757732
41.4,54.542107
40.0,53.5188
37.0,52.555885
32.8,51.69432
26.8,50.884212
23.6,50.210102
23.2,49.665134
23.0,49.25442
22.2,48.9471
21.6,48.705917
20.8,48.546795
20.4,48.459545
20.2,48.433746
19.4,48.569817
17.6,48.899876
13.8,49.529064
12.2,50.449505
11.0,52.230087
10.2,53.42126
8.8,54.470837
7.4,54.82126
6.8,54.78976
6.6,54.570232
4.8,54.08095
2.2,53.748795
2.0,53.574177
138.0,154.89096
132.0,149.62848
125.2,143.86797
119.0,137.65073
112.0,132.41162
110.8,128.40521
104.8,124.36449
100.8,120.58758
100.0,117.71651
93.8,114.67114
87.8,111.15779
75.0,106.329315
67.8,101.66818
65.6,97.68055
59.6,93.906204
57.8,90.8479
53.6,87.98596
52.8,85.57226
46.8,83.46501
40.8,81.57366
34.8,79.26704
30.2,76.825134
24.2,74.265
18.2,71.60498
16.8,69.11337
15.0,66.81147
11.8,64.62877
7.0,62.458557
6.8,60.52185
0.8,58.51307
263.8,232.04266
261.0,226.97748
259.6,221.64288
255.4,216.59222
255.0,212.31432
254.2,209.13931
253.6,206.88724
253.4,205.60516
251.2,204.61615
248.2,203.48322
244.2,201.70802
241.4,199.45105
240.4,197.13739
240.0,195.22183
237.2,192.76135
233.4,190.09734
231.2,187.5419
229.0,185.24103
226.0,183.06093
223.6,180.92346
222.2,179.10767
219.4,177.39993
216.4,175.73601
212.2,173.91241
209.4,172.2673
206.6,170.76233
203.6,169.33066
200.8,168.12207
200.4,167.43558
199.8,167.30843
197.0,167.163
196.0,167.04599
192.8,166.52673
189.2,165.29755
186.4,163.60358
182.8,161.99725
180.0,160.33463
177.2,158.75471
173.4,156.8934
167.4,154.38388
166.8,152.22305
160.4,149.59135
154.2,146.26476
148.0,142.61536
142.0,139.03612
140.4,136.13446
139.8,134.12547
139.4,132.9735
135.8,131.90758
129.6,130.15652
123.6,127.5908
117.6,124.37681
109.8,120.690735
108.4,117.1133
104.2,113.37856
103.6,110.05044
98.2,106.55875
91.8,102.62486
85.8,98.816536
83.2,95.31692
77.2,91.525375
74.4,87.77276
73.8,84.325294
70.4,81.09269
64.4,78.02628
58.4,75.36198
52.4,72.575356
46.4,69.72457
44.0,66.82582
43.0,63.9992
37.0,61.15066
31.0,58.263382
28.6,55.473804
27.6,52.90791
22.0,50.434353
16.0,48.079067
12.6,45.922188
12.4,44.055542
6.4,42.36339
4.8,40.875526
2.4,39.59111
1.2,38.46192
66.6,108.637146
60.6,106.87978
58.6,105.30568
58.0,104.11359
52.0,101.976715
48.2,99.04378
46.6,95.89793
43.0,92.465416
42.8,89.480286
37.8,86.22979
37.6,82.85316
31.6,79.05619
25.6,75.08807
25.2,71.38333
24.4,68.13301
23.2,65.23541
22.0,62.495308
20.8,59.654213
19.6,57.060776
19.0,54.78799
13.0,52.65524
6.6,50.6083
1.0,48.656906
95.0,118.50465
89.0,114.32861
83.0,109.01912
82.2,105.30355
79.8,102.54437
73.0,99.43067
60.8,95.044266
54.8,90.31249
48.8,86.1466
44.8,82.43418
44.6,80.088394
38.4,77.67285
32.8,75.09766
32.0,73.054214
26.0,70.78479
19.8,68.45659
13.6,66.00882
7.6,63.480625
5.4,61.088356
0.8,58.67324
179.0,173.78719
172.8,168.00392
166.0,162.33728
160.0,156.78198
157.2,152.3696
151.2,148.80695
145.0,145.9187
138.8,143.57
136.8,142.1902
134.8,141.49484
132.4,140.95105
126.2,139.58575
120.2,137.60252
114.0,134.90326
109.6,132.07701
103.6,129.59732
97.4,127.146095
95.0,125.19705
94.2,123.90701
87.2,123.22116
81.2,122.30273
75.0,121.351585
67.0,120.291405
61.0,119.27535
55.0,118.05543
51.0,117.12317
45.0,116.402534
41.0,115.91186
39.8,115.83506
33.8,115.84589
27.8,115.88675
21.0,115.97994
14.8,116.14642
9.8,116.23066
8.6,116.43249
2.6,116.42385
0.6,116.382645
178.4,92.43826
172.4,89.54857
165.8,86.74724
159.8,84.28351
158.2,82.46822
158.0,81.02177
152.4,79.62129
152.2,78.39393
146.2,77.268295
145.8,76.28189
139.8,75.0347
133.8,73.4974
127.8,71.73848
121.8,69.72016
119.4,67.61801
118.6,65.57782
116.0,63.602604
110.0,61.71842
104.0,59.781815
98.0,57.742638
91.8,55.660904
87.2,53.500328
87.0,51.45217
80.8,49.506565
78.2,47.6577
77.6,45.990658
76.2,44.525192
69.4,43.060684
67.4,41.687954
61.6,40.343784
60.6,39.176888
57.2,38.124783
56.6,37.218018
50.6,36.432095
44.6,35.736347
38.4,35.137028
32.4,34.60036
28.2,34.106407
27.8,33.680035
21.2,33.291977
15.2,32.923275
13.0,32.59667
12.4,32.30646
6.4,32.019
1.2,31.693798
149.8,152.94887
143.6,147.93279
141.8,143.45892
139.8,139.47003
133.8,135.52448
127.8,131.67053
121.2,127.278015
115.2,122.13388
109.6,116.236885
109.2,111.362526
107.2,107.84878
103.0,105.07344
102.4,102.99137
98.2,100.563934
98.0,98.57496
92.0,96.30756
86.0,93.33822
80.0,89.79194
74.0,85.798515
67.8,81.49665
61.8,78.37231
55.0,75.55186
51.4,72.81308
48.8,70.17715
42.8,67.46758
41.8,64.89809
35.0,62.346992
31.4,59.813934
30.2,57.454082
24.2,55.125687
23.8,53.01071
18.2,50.957973
13.0,48.98239
7.8,47.106407
1.8,45.340675
236.4,178.37784
236.0,171.39394
235.6,165.50058
235.2,161.16966
231.8,157.44302
231.0,154.30313
227.2,151.98065
225.4,149.81406
223.4,147.27936
220.4,143.83789
217.6,139.10341
216.4,134.01822
215.0,129.03952
212.6,124.05763
212.0,119.72655
210.8,115.97006
208.4,112.253944
207.6,109.03073
207.0,106.37643
203.8,103.3056
201.0,100.30895
198.2,97.199326
195.4,93.69114
193.0,90.03916
191.8,86.72782
188.4,84.04801
185.6,81.66917
182.8,79.392006
180.0,76.98079
177.2,74.457504
175.8,71.984085
173.0,69.43129
172.4,66.98079
172.2,64.76506
172.0,62.83168
169.2,60.865517
166.2,58.821312
163.4,56.74287
162.2,54.71363
159.4,52.64391
155.8,50.641254
153.0,48.70989
152.0,46.921585
149.2,45.178207
143.2,43.22303
142.4,41.413906
137.4,39.58883
137.0,37.979355
134.2,36.4612
128.0,34.900986
123.0,34.006824
120.4,32.441036
116.8,30.954163
116.6,29.640522
110.6,28.375782
108.8,27.292747
102.8,26.266285
98.8,25.36354
93.8,24.533905
93.6,23.875832
87.6,23.225761
81.4,22.638649
75.2,22.06749
68.4,21.533577
67.2,21.114136
66.8,20.769936
60.8,20.407578
54.8,20.044853
53.4,19.704346
49.4,19.39859
47.0,19.18145
41.4,18.89656
38.8,18.641304
38.2,18.40393
38.0,18.199883
31.8,17.98288
30.4,17.930801
29.6,17.827469
27.6,17.745384
26.6,17.667404
24.2,17.614052
23.2,17.577385
17.2,17.529724
16.4,17.515457
12.2,17.489388
9.2,17.44751
5.6,17.405823
2.4,17.387657
0.6,17.37294
124.8,153.54419
118.8,145.93634
112.6,137.57364
110.2,129.82544
104.2,123.030975
98.0,117.00299
92.0,111.55929
84.0,108.34438
77.8,104.46422
71.6,99.88763
66.4,95.025444
60.4,89.62894
54.4,83.77118
52.4,79.05826
47.8,76.089905
45.0,73.53229
44.0,71.082794
43.4,68.81419
37.2,66.51801
30.6,64.08771
23.8,61.61332
21.2,59.239807
10.6,56.931175
9.8,54.88568
3.8,53.014412
0.2,51.28955
110.6,122.080154
104.4,117.84499
98.4,113.41846
92.4,108.45126
86.2,104.066
81.8,100.15083
75.8,96.64305
70.6,93.484795
70.4,91.16989
64.0,88.549866
61.0,85.88031
59.4,83.91052
55.4,81.92835
49.4,80.00273
43.4,78.029724
29.6,75.25013
23.6,72.51361
17.6,69.9681
11.6,67.60342
10.0,65.50485
9.6,63.767876
5.6,62.13611
1.6,60.474495
1.4,59.032513
1.0,57.82189
0.2,56.756317
139.2,157.70952
133.0,151.37709
127.0,145.23445
122.0,139.29793
116.0,133.15869
109.6,126.71193
106.2,120.973434
105.4,116.72658
99.2,112.27178
98.6,108.94823
97.2,106.62046
91.2,104.206024
90.2,102.25397
84.0,99.530495
78.0,96.03885
72.4,91.898285
72.2,88.64276
66.2,84.784294
60.6,81.27003
54.4,78.32535
53.2,75.603546
52.2,73.10799
46.2,70.4149
40.2,67.50394
34.0,64.33065
28.0,61.028008
22.0,57.66997
16.8,54.424297
16.4,51.502373
10.4,48.795834
4.0,46.26095
3.8,44.088566
118.8,115.901344
114.2,116.21697
111.0,115.94182
110.4,115.503685
104.4,113.87719
98.4,110.76129
92.4,106.26093
86.8,100.72227
86.6,95.31832
86.4,90.8358
84.0,86.46748
77.8,82.05785
71.8,77.42971
58.2,73.53688
47.8,70.09637
44.6,66.65083
38.6,63.02123
32.2,59.36749
31.0,55.826183
25.0,52.355453
22.6,49.125565
22.2,46.167377
21.8,43.48263
21.0,41.0309
15.0,38.81971
9.0,36.7354
6.4,34.794525
5.4,32.91407
101.2,111.04027
89.2,110.16533
77.0,107.68891
76.8,104.90491
74.4,102.00816
68.6,104.29561
68.2,107.36191
56.2,100.79069
51.8,92.59756
40.4,84.40004
38.0,77.33849
37.8,72.171646
35.2,67.63594
34.6,64.25789
22.6,61.22206
19.8,58.387657
7.8,55.63769
4.4,53.059868
179.6,140.76683
173.0,136.75885
165.6,132.73396
159.6,129.36194
157.8,126.99486
157.0,125.717125
151.0,124.32573
145.2,122.67319
139.0,119.959885
132.8,116.648605
126.8,113.083725
120.8,109.39548
118.6,106.79312
116.0,104.84173
109.8,102.710365
103.8,100.40194
97.8,98.027916
91.2,95.11876
85.2,92.458176
80.6,89.818375
79.0,87.72027
76.8,86.06761
76.6,84.81796
70.6,83.33421
64.6,81.599556
58.6,79.71298
57.0,77.94473
51.0,76.09247
45.4,74.17092
44.2,72.38139
38.2,70.422226
36.4,68.65977
35.8,67.119965
17.8,64.83092
11.8,62.49661
9.2,60.241814
3.6,57.93248
50.8,97.46969
48.0,96.51517
42.0,94.98577
40.2,93.673775
35.0,92.14002
34.4,91.332596
28.4,89.82572
22.0,87.53433
16.0,84.90428
9.2,81.813065
5.6,79.3822
203.6,152.26872
202.4,151.0262
196.4,150.85045
190.0,143.91922
184.0,125.88936
178.0,105.24962
171.8,90.56964
169.6,81.453285
169.0,75.649216
150.4,68.21222
143.0,60.610554
141.0,53.910923
110.6,47.372047
97.2,41.859756
96.8,37.528103
94.8,34.162663
84.6,31.550526
84.4,29.615616
84.2,28.159557
71.2,26.960468
47.8,25.860985
43.6,25.005684
41.6,24.318504
41.0,23.795212
40.6,23.427032
40.2,23.17643
27.8,22.942818
21.0,22.75203
0.8,22.558052
171.8,108.162796
171.6,106.90729
171.4,107.04548
163.4,106.67955
157.4,106.33072
153.4,104.9061
150.8,103.84421
136.8,103.20558
125.2,102.88714
118.6,101.58749
118.2,100.29993
118.0,99.31526
117.2,98.71175
111.2,97.15268
107.0,94.844795
105.4,92.42573
105.0,90.468315
104.8,88.91875
98.8,86.9889
96.6,84.89286
92.2,82.556114
92.0,80.29179
86.0,77.89294
80.0,75.13185
74.0,72.30439
70.6,69.50824
68.2,66.63585
62.4,63.733997
56.4,60.882156
50.4,58.095154
48.8,55.55345
42.8,53.28499
41.0,51.358246
35.0,49.72259
29.0,48.36426
24.0,47.238495
22.0,46.356308
19.4,45.695816
13.4,45.116745
7.2,44.515514
1.2,43.797577
145.2,133.60489
144.2,131.1839
138.2,128.38814
125.8,125.3565
124.4,122.91742
124.0,121.23345
120.2,119.934074
120.0,119.021736
113.2,117.94844
109.2,116.66841
107.8,115.52373
101.8,114.39049
95.0,113.42364
88.0,112.11134
82.0,110.521805
80.8,108.923386
80.6,107.5023
73.4,106.38455
67.0,105.49083
60.2,104.79907
50.2,104.22182
47.0,103.63021
41.2,103.10006
39.2,102.55842
30.8,101.834984
30.6,101.054245
24.6,100.08554
18.2,98.92656
15.4,97.58632
9.8,96.11251
7.8,94.31996
6.6,92.19119
0.6,89.858894
0.4,87.484695
105.2,93.903336
98.4,91.68435
97.2,90.12927
91.2,88.30046
85.2,86.90632
78.6,84.56186
78.4,82.68457
71.8,80.97732
65.8,79.274124
59.0,77.222534
55.0,75.12756
54.8,73.11878
48.8,71.09879
42.8,68.89351
36.8,66.50991
30.6,63.873745
24.0,61.018234
18.0,58.00321
12.0,55.002605
6.0,52.00406
4.4,49.284054
50.8,78.7546
49.2,75.961334
49.0,73.48934
40.6,70.82392
38.8,68.39165
36.4,66.13803
36.2,64.13511
28.2,62.23757
24.2,60.50141
24.0,59.079975
7.4,57.179573
2.2,54.961964
0.2,52.661026
114.0,154.9311
108.8,149.21492
102.8,143.20567
95.0,137.0677
89.0,130.78065
88.2,126.06375
88.0,123.24518
81.8,120.16514
75.8,116.269966
71.6,112.39531
65.6,108.156334
59.4,103.32124
53.4,97.55716
51.2,92.3461
51.0,88.578224
45.0,83.88485
43.2,80.01051
42.0,76.81526
39.8,74.07843
37.8,71.66727
37.4,69.44595
31.4,66.83745
26.0,63.912914
20.4,60.83465
20.0,57.905235
13.2,54.76036
11.2,51.679806
6.0,48.56792
122.2,146.24876
122.0,144.0299
115.4,141.83867
109.2,138.78976
103.2,134.89284
97.2,131.08163
94.8,127.74917
92.8,125.27711
86.8,122.416626
80.8,118.94083
74.6,114.942
72.6,111.725945
67.0,107.95282
66.0,105.00137
59.8,101.49265
53.6,97.400665
51.4,93.74085
50.8,91.19842
44.8,88.615166
40.8,85.98264
40.4,83.607056
34.0,81.12232
28.0,78.3181
22.0,75.483696
16.0,72.396866
15.2,69.85466
11.8,67.31516
9.4,64.76772
3.2,62.035286
81.4,126.75163
77.6,119.86345
72.4,112.77069
65.8,105.128296
61.2,98.81694
57.6,94.173134
51.4,90.622574
47.8,87.84354
41.8,85.737144
38.0,84.153435
37.6,82.7019
33.6,81.08435
33.0,79.660995
32.4,78.45505
26.4,76.86779
25.8,75.26986
25.2,73.81271
19.2,72.03977
13.2,70.02471
12.6,68.05834
9.2,66.018524
3.2,63.57901
3.0,61.289207
0.2,59.03131
108.2,134.56584
102.2,130.01974
101.4,125.12804
101.2,120.82716
95.2,116.03691
89.0,110.77024
86.0,105.97784
85.8,101.98676
79.8,97.65903
73.4,93.32688
60.8,88.861626
54.6,84.93255
48.2,81.66647
42.4,79.50391
42.0,77.690865
36.2,75.64909
29.8,73.41466
23.0,70.82981
18.4,68.07288
16.6,65.05635
10.6,61.944183
8.8,59.003746
4.6,56.208298
2.0,53.61738
72.2,198.98984
67.0,191.87299
58.8,184.7484
52.8,177.44186
46.8,169.98825
44.0,163.44627
37.8,157.4985
32.2,151.90042
26.2,145.94774
19.8,140.13916
13.8,134.5331
7.8,128.8927
1.4,123.212746
21.8,79.342804
15.6,80.443245
15.4,81.27609
13.0,82.03587
11.4,82.73164
9.8,83.29673
3.8,83.922455
171.2,82.21376
168.6,81.42656
162.6,80.29345
156.6,78.746445
150.6,77.13536
147.4,75.567955
144.0,74.034256
143.0,72.81762
140.0,71.63942
133.6,70.39443
128.8,69.10428
122.6,67.5766
116.4,65.74674
114.8,63.891914
108.8,61.82829
106.2,59.65274
104.8,57.483833
104.2,55.43535
98.2,53.176758
95.8,50.795807
93.0,48.42226
92.8,46.245377
86.8,43.949005
80.6,41.68324
74.6,39.604633
68.6,37.712254
62.2,35.979553
58.0,34.494083
57.8,33.27234
52.0,32.152374
49.0,31.192524
48.0,30.412613
47.4,29.768986
43.6,29.115814
37.6,28.467587
31.6,27.836525
25.6,27.19556
25.4,26.641434
19.4,26.128353
13.4,25.613106
12.0,25.146225
11.8,24.766151
11.4,24.455849
10.2,24.19677
4.2,23.919914
137.8,131.76364
134.2,130.46904
132.6,130.07272
132.4,130.62772
126.2,131.16533
124.0,130.62427
123.4,130.72568
119.8,131.04266
111.8,130.14507
108.8,129.15457
107.8,128.54846
107.6,128.46465
103.0,128.41692
96.8,126.8552
91.6,123.74052
91.4,120.48898
91.0,117.67894
90.4,115.50009
86.2,113.32448
85.4,111.49733
85.2,110.14277
79.2,108.51104
76.2,107.13566
70.2,105.544525
69.8,104.488884
66.4,103.61095
65.4,102.95546
63.8,102.454605
60.2,101.94068
59.4,102.02852
53.4,102.00896
51.8,102.12126
50.2,102.40216
44.2,102.30249
40.8,102.31184
40.6,102.57393
39.2,103.117455
32.4,103.41365
31.6,103.97836
30.8,104.60738
26.4,104.44563
22.0,103.244606
21.8,102.00009
21.6,100.822586
15.6,99.37241
15.4,98.123795
9.4,96.80018
8.4,95.69023
2.4,93.22847
1.4,90.53664
1.2,87.93648
1.0,85.2837
0.2,82.43228
215.4,148.79556
209.4,144.62047
205.0,140.99031
198.2,137.9685
193.8,135.18533
187.8,132.36368
181.8,129.37721
175.2,125.94979
168.4,122.58905
161.6,119.11551
155.6,115.436226
149.6,111.91304
143.6,108.28391
140.8,105.18071
134.8,102.481544
133.4,100.37558
127.4,97.98833
123.6,95.688446
116.8,93.06301
113.8,90.301346
113.4,87.93406
107.4,85.36996
101.4,82.744705
95.4,80.911736
89.4,79.069374
88.2,77.328766
87.6,75.74541
87.2,74.34737
80.4,72.811104
74.4,71.10541
68.0,69.3073
62.0,67.32411
60.6,65.300995
60.2,63.294514
57.6,61.29148
54.6,59.24803
49.8,57.20229
49.4,55.229267
48.4,53.40209
42.4,51.576557
36.0,49.705807
30.0,47.9024
27.4,46.23502
27.0,44.74702
21.0,43.357018
19.0,42.113617
18.8,41.029392
13.0,40.080364
7.0,39.284042
1.0,38.628803
52.2,60.762814
47.8,58.246323
44.8,56.020393
34.0,54.181232
28.0,52.68137
9.8,51.285835
0.2,49.991302
150.4,239.18878
144.2,239.69153
137.8,240.0484
131.8,240.37442
128.2,240.87183
123.4,241.57721
117.0,242.26163
110.8,243.17798
108.4,244.29343
102.4,245.17075
100.2,246.0784
94.2,246.19391
88.2,245.54703
81.8,243.95828
79.8,242.05347
74.6,239.79886
68.6,236.98486
65.2,234.06326
62.4,231.32654
56.4,228.24863
54.0,225.1438
46.6,221.13849
46.4,217.3772
41.4,213.66139
35.6,209.50604
34.2,205.59247
33.8,202.16591
27.4,198.84659
21.4,195.13402
15.4,190.70032
9.2,185.70663
4.6,180.28494
99.8,142.32103
99.2,141.09076
97.6,140.3327
91.6,139.22668
79.2,136.21913
73.2,132.44551
67.2,128.39478
66.4,125.2751
60.2,122.51085
54.2,119.80231
48.0,117.04022
42.4,114.4275
41.0,112.57153
37.0,110.83677
30.6,109.30648
24.6,107.40241
18.6,105.11788
12.6,102.64331
6.6,100.23003
0.6,98.02177
52.0,74.72836
46.0,73.4069
40.0,71.886116
33.4,70.14032
27.4,68.09751
26.2,66.06004
19.8,63.90445
13.8,61.622932
7.6,59.28735
6.6,57.10608
1.2,55.02362
0.2,53.14539
56.4,52.834564
50.0,48.400562
46.8,44.63381
40.2,41.353527
28.2,38.42597
16.2,35.849762
4.2,33.611816
31.6,84.962814
30.8,82.48076
24.8,79.90966
18.8,77.009605
12.8,73.78563
6.8,70.32169
0.6,66.70201
164.4,102.42877
158.6,96.568535
152.4,90.532364
148.8,85.80457
142.8,80.86104
136.2,76.362885
134.4,72.85104
128.4,69.05907
122.2,65.171524
119.6,61.458885
113.6,57.868866
107.6,54.395203
101.4,51.0942
98.4,48.070885
95.4,45.383186
89.4,42.944553
81.8,40.70581
78.8,38.80452
77.2,37.215923
71.2,35.800453
67.2,34.574043
62.8,33.497753
56.6,32.547127
50.6,31.695507
47.4,31.00428
43.0,30.43621
42.4,30.047878
38.0,29.73685
37.6,29.578148
31.4,29.47036
26.6,29.508858
25.8,29.8322
19.8,30.468288
18.4,31.611568
13.8,33.331062
13.2,35.71758
13.0,38.60466
12.2,41.922306
11.8,45.369312
9.6,48.30454
3.6,50.64067
61.8,107.73137
61.2,107.16361
55.2,105.85396
49.0,103.701355
44.6,100.806335
38.4,97.08326
33.6,93.04956
33.4,89.60194
27.2,86.42726
21.0,83.55599
14.2,80.98082
8.2,78.68966
4.8,76.85171
2.6,109.625114
1.2,105.109985
0.4,101.34497
46.0,171.88855
40.0,168.46027
34.8,163.40242
31.8,157.3913
28.8,151.70267
28.6,147.30359
23.4,143.28934
17.4,139.67316
11.4,135.80972
5.4,131.80783
1.0,127.90567
123.2,94.44019
120.2,91.79791
119.4,89.73027
119.2,88.324005
113.2,86.65324
107.2,84.59038
102.0,82.219795
97.2,80.12019
95.2,78.36313
93.6,76.76489
87.6,74.97632
83.0,73.10724
82.8,71.48485
79.6,69.96156
77.4,68.55628
74.2,67.18713
73.8,66.02757
71.0,64.897804
65.0,63.53719
59.0,61.910503
56.8,60.31705
55.0,58.840874
54.8,57.585747
50.0,56.286415
44.0,54.93911
41.6,53.57147
37.6,51.92811
34.6,50.227654
33.6,48.685123
23.6,46.124275
22.6,44.07622
19.4,41.916656
15.6,39.959946
15.0,38.458252
11.2,36.78974
8.0,35.245754
5.4,33.766014
5.2,32.529427
4.6,31.34753
1.0,29.98521
74.0,142.51416
67.0,138.79544
63.0,134.44588
57.0,129.8292
51.8,124.941086
48.8,120.415215
42.6,115.4468
36.6,110.05071
30.2,104.44635
24.2,99.33438
22.0,95.260185
21.4,92.23605
15.4,89.76199
10.4,87.43478
4.4,84.92572
52.6,139.0759
46.6,135.86713
43.6,133.35417
43.4,132.20184
37.4,130.33109
36.8,128.88797
36.6,128.13422
30.6,126.235535
24.4,121.994255
18.4,116.744934
12.4,110.85878
6.6,104.9806
0.2,98.75182
95.8,74.05781
92.6,70.55246
88.4,66.758156
82.2,62.607548
76.2,58.124218
70.2,53.543606
68.6,49.21753
66.6,45.299168
65.4,41.89637
63.4,38.931786
58.0,36.235924
53.8,33.83246
53.6,31.876282
47.4,30.147747
44.8,28.652634
38.8,27.24012
32.8,25.942642
26.8,24.760944
20.8,23.727089
14.8,22.850967
8.8,22.09948
2.8,21.518585
2.0,21.192421
118.8,108.803604
112.8,104.56629
106.6,99.164024
100.4,92.867485
98.0,87.070724
93.8,81.426254
92.2,76.413925
90.4,73.17422
86.0,70.110504
85.2,67.27347
79.2,64.29076
77.8,61.446808
71.6,58.526367
65.6,55.574604
61.2,52.815586
59.0,50.31558
58.0,48.129723
52.0,46.08375
46.0,44.154533
45.0,42.53351
39.0,41.075706
37.8,39.84244
36.8,38.792343
34.8,37.849545
34.0,37.01771
28.0,36.135254
22.0,35.137794
21.2,34.255318
20.6,33.511864
18.4,32.86986
12.4,32.259926
6.4,31.670422
5.0,31.171806
1.4,30.719402
0.8,30.328976
0.2,29.991665
76.0,50.833015
74.4,47.792408
71.4,44.74453
65.4,41.426456
59.4,38.022743
53.4,34.81068
47.4,31.923462
44.6,29.564186
39.8,27.619915
39.6,26.163246
33.6,24.900955
27.6,23.919075
21.4,23.154861
20.0,22.665321
16.4,22.317955
10.2,22.06392
4.2,21.907791
0.2,21.821945
75.4,65.386925
69.2,61.162685
64.6,56.953552
58.6,52.982037
52.4,49.162575
46.4,45.519657
44.0,42.268097
40.4,39.375137
40.0,36.969852
35.8,35.011784
32.6,33.355034
32.2,32.024784
26.2,30.802193
20.2,29.643425
14.2,28.580883
8.2,27.63615
2.2,26.846752
0.2,26.259396
69.4,130.95358
63.4,126.29349
56.4,121.916145
56.2,118.67888
56.0,116.60109
41.4,114.38204
32.2,111.92427
27.4,109.87306
22.4,108.23744
10.4,106.75748
3.6,105.56581
61.6,91.15212
52.4,87.31252
51.0,83.58624
40.6,79.05287
27.8,75.87929
134.4,139.06258
131.6,136.01299
128.0,132.20345
125.0,128.24954
122.2,124.03705
119.4,119.64055
116.4,115.168755
113.6,110.40239
110.8,106.155914
108.0,102.02396
105.0,98.23967
104.4,95.07009
104.2,92.713455
101.4,90.63281
98.6,89.001564
95.8,87.17271
93.8,85.54701
89.0,84.23043
86.2,82.83317
84.8,81.60935
82.2,80.47743
79.4,79.22093
79.0,78.13743
78.8,77.21696
76.0,76.28873
72.8,75.19999
70.0,73.92306
67.2,72.47838
64.4,70.879
63.8,69.34554
61.0,67.756546
58.2,66.08016
55.4,64.318
52.0,62.448536
49.2,60.480103
46.4,58.470325
45.8,56.59542
41.4,54.938534
41.2,53.52761
41.0,52.34687
40.0,51.317234
37.2,50.303215
33.6,49.247967
30.4,48.211823
27.6,47.192123
24.8,46.150753
21.6,45.14121
18.8,44.1757
16.0,43.276234
15.4,42.49598
14.6,41.84721
13.0,41.27964
11.8,40.79216
11.0,40.36929
10.4,39.99432
10.0,39.680344
7.6,39.365013
6.8,39.08918
4.0,38.7698
0.8,38.41622
0.2,38.097534
90.2,78.48162
87.6,76.968376
85.8,75.52979
84.0,74.07671
83.8,72.74013
81.8,71.45803
75.2,70.014275
73.4,68.42425
69.6,66.63837
66.4,64.662674
61.6,62.464664
59.6,60.221542
58.2,58.057957
53.6,55.817783
47.2,53.404625
41.2,50.768158
38.6,48.156612
37.2,45.707294
36.2,43.442547
30.2,41.304764
24.2,39.25809
18.2,37.326756
14.0,35.5667
10.4,34.30625
3.6,33.43099
3.4,32.94818
1.6,32.76147
130.0,51.82919
128.8,47.94047
122.6,44.11426
116.4,40.336933
107.8,36.565624
106.4,33.29842
104.4,30.608326
94.8,28.200794
71.6,25.460793
63.0,23.229836
57.4,21.511948
27.4,19.865845
19.2,18.729538
15.4,17.903297
47.0,75.869316
41.0,73.36969
39.4,70.752785
35.0,68.06203
28.6,65.19155
22.8,62.18982
19.0,59.2422
18.8,56.539165
12.8,53.997837
10.4,51.71718
10.2,49.771126
7.6,48.102245
1.6,46.617092
0.4,45.374893
63.8,81.440125
61.4,80.75273
61.2,80.41436
53.6,79.908394
47.6,78.91185
42.4,77.29174
36.2,75.21606
30.2,72.73841
24.2,69.84126
17.6,66.66893
13.6,63.374504
13.2,60.303795
7.2,57.10013
5.8,54.048206
16.8,50.182293
10.8,47.376045
4.4,44.453476
63.6,44.767857
60.0,40.32853
54.0,36.47394
52.8,33.281162
46.4,30.53828
40.4,28.198093
34.4,26.270355
28.4,24.708778
22.4,23.4823
16.4,22.540184
10.4,21.850311
4.4,21.380203
1.4,21.093925
62.8,65.374756
56.8,62.19873
53.0,58.878464
51.6,55.691673
45.6,52.471375
39.4,49.07486
33.2,45.54613
26.4,41.985783
25.6,38.814186
23.2,36.080147
16.8,33.68508
10.8,31.56229
4.8,29.719032
103.8,84.17274
97.8,79.60013
91.8,75.862045
89.8,72.31959
83.6,68.76228
83.4,65.36814
77.2,62.050613
71.2,58.74019
68.6,55.65142
65.8,52.831085
59.8,50.204678
53.4,47.79315
47.4,45.62314
41.4,43.711475
35.2,42.068714
29.2,40.636482
25.8,39.47489
22.6,38.535267
15.8,37.7185
9.8,36.944485
3.8,36.223972
2.4,35.61083
73.6,64.43486
73.4,61.744408
67.4,58.825993
65.2,55.873447
59.0,52.738445
55.4,49.634995
55.2,46.85762
50.4,44.279716
48.0,41.949432
42.6,39.70658
36.6,37.550804
32.4,35.52927
32.2,33.819355
29.4,32.363724
26.0,31.060734
22.8,29.905712
20.0,28.908363
17.2,27.998024
15.4,27.190933
14.6,26.524742
11.8,25.911125
8.2,25.325054
5.4,24.788933
3.4,24.31604
0.6,23.884178
118.2,150.68059
112.0,148.29839
109.2,145.40256
102.6,142.05354
96.6,138.03693
90.4,133.70744
83.8,129.31654
78.8,125.07097
78.6,121.75684
78.2,119.30687
72.0,117.09021
66.0,114.23984
64.6,111.313225
59.2,108.24224
56.6,104.9197
55.8,102.041954
49.6,98.727936
43.6,94.396774
41.8,90.335526
35.6,86.11592
29.6,82.11048
23.6,78.21716
17.4,74.653175
11.4,72.275764
4.8,69.95366
3.4,67.79179
0.2,65.791595
3.2,77.84196
0.6,74.10647
46.4,74.48022
45.2,73.16014
42.4,71.70267
35.8,69.90389
28.8,67.670715
22.8,65.06561
18.6,62.27906
18.2,59.607674
12.0,56.824036
6.4,54.175922
0.4,51.542664
23.4,116.62493
17.2,111.93611
11.0,106.75437
4.6,101.42322
92.8,71.472206
92.4,68.86902
89.2,65.430626
88.2,63.069435
82.2,61.725704
76.2,60.93418
70.2,60.30755
68.2,59.852333
66.0,59.445137
64.6,59.059776
64.2,58.74704
58.2,58.270515
56.8,57.719284
50.8,56.911667
44.4,55.863323
43.8,54.74415
43.6,53.674034
40.0,52.578487
33.2,51.236362
32.2,49.701786
29.8,47.994503
28.2,46.197502
27.8,43.96013
21.8,41.36964
16.8,38.605743
15.4,36.01442
14.6,33.696037
8.0,31.65826
2.0,29.937355
142.8,125.95322
137.2,123.99083
131.0,120.09706
124.8,113.89018
118.2,106.911865
111.4,99.929085
105.4,93.89928
104.2,88.51433
100.6,84.15073
94.6,81.36222
90.4,79.16612
84.2,76.89154
81.6,74.81668
78.2,72.65187
75.6,70.44524
69.2,67.98741
66.6,65.42091
66.0,62.879105
65.8,60.49468
59.6,57.96805
53.6,55.1778
47.6,52.19024
46.8,49.32795
44.8,46.668724
38.6,44.077442
35.6,41.663776
34.8,39.515057
32.8,37.614628
27.4,35.798805
19.8,34.18093
18.2,32.884747
15.8,31.796593
14.0,30.919392
12.8,30.216682
7.8,29.50726
7.2,28.868702
5.8,28.323292
3.0,27.82455
2.2,27.40937
2.0,27.079636
0.6,26.800362
0.2,26.566742
142.6,146.0534
141.8,143.88002
138.2,140.17406
136.4,135.13794
133.8,128.80222
131.6,121.47339
125.6,111.922104
119.6,101.50704
119.0,91.63078
116.8,84.546265
115.2,78.88652
110.8,74.70646
109.4,71.81186
108.4,69.09594
105.8,66.47285
100.6,63.52958
97.4,60.500732
95.6,57.535507
94.8,54.8106
88.8,52.104713
82.6,49.366554
76.6,46.677135
74.6,44.242462
73.6,42.143192
73.4,40.438892
69.2,39.03882
69.0,37.975075
67.2,37.154236
66.0,36.49591
63.8,35.9783
58.4,35.498993
58.0,35.11339
37.6,34.519096
37.0,33.948402
26.8,33.25103
17.4,32.4367
9.4,31.60331
70.4,80.29008
64.4,78.10395
58.4,75.36817
56.4,72.5926
54.6,69.77617
54.2,66.97585
54.0,64.41252
52.0,61.989227
46.0,59.293903
39.6,56.302715
33.6,52.99498
27.6,49.39353
25.6,45.923737
20.6,42.53544
14.4,39.402798
11.4,36.60672
5.4,34.02156
132.8,85.87803
126.8,81.86159
120.4,78.99304
115.6,76.12895
109.2,72.88641
103.0,69.293335
96.4,65.482
89.0,61.524902
82.6,57.319122
81.0,53.358593
80.8,49.89899
74.8,46.772743
68.6,43.91952
62.6,41.37541
56.6,39.110737
50.4,37.184658
44.4,35.57345
43.0,34.320915
42.6,33.38873
41.8,32.74664
41.2,32.306564
34.8,31.964504
28.8,31.674614
22.8,31.416595
16.8,31.192326
13.6,31.044857
7.6,30.925613
2.6,30.838871
37.8,112.636795
34.6,105.733
27.4,99.502884
24.8,94.03097
24.6,90.37765
18.4,87.60843
13.6,84.78388
7.2,81.95898
4.0,80.19261
3.8,78.59537
3.0,77.13359
135.4,92.04957
129.2,89.1417
123.2,86.65325
121.0,84.463646
118.6,82.92184
112.6,81.50079
106.6,79.962326
100.6,78.27968
94.6,76.31052
88.6,74.35613
82.6,72.488495
76.6,70.71768
74.2,69.28116
68.2,68.027534
65.2,67.06108
63.2,66.433174
57.2,65.82583
51.2,65.152374
45.2,64.41215
39.2,63.71118
33.2,62.892033
27.0,61.89396
21.0,60.78263
15.0,59.520958
8.8,58.128204
1.6,56.610718
64.2,77.50247
54.6,75.21826
48.6,72.62379
44.6,69.86401
43.8,67.19513
37.8,64.25343
31.8,61.050804
25.8,57.545403
23.4,54.037693
23.2,50.817856
17.4,47.624153
14.6,44.62434
13.6,41.98963
7.6,39.54401
4.2,37.334404
139.6,79.49572
132.8,76.950005
126.8,74.21928
120.8,71.20293
114.8,67.92807
108.8,64.21381
105.0,60.45292
104.8,56.959778
102.0,53.845627
96.6,50.91448
94.8,48.205116
93.2,45.7376
93.0,43.589737
91.0,41.7192
81.4,39.93771
75.4,38.171196
74.8,36.58882
74.2,35.254917
68.2,33.97226
62.2,32.695496
53.8,31.381248
48.6,30.14574
42.6,28.994793
36.6,27.967113
30.6,27.093063
24.6,26.362038
21.0,25.784119
13.6,25.29478
134.6,91.96333
129.8,88.37573
129.6,85.4971
123.6,82.847176
116.8,80.57358
115.8,78.640884
109.8,76.49505
103.8,73.8546
97.4,70.80491
91.4,67.475876
86.2,63.95797
81.4,60.354748
80.8,57.11013
74.8,53.944088
68.8,50.93171
65.2,48.239773
59.2,45.769753
55.4,43.63554
49.4,41.69601
43.4,39.897026
37.4,38.25805
31.4,36.675972
29.8,35.314877
29.6,34.154152
23.2,32.948765
17.2,31.713737
13.2,30.520233
10.8,29.384228
5.2,28.210442
50.4,65.09558
45.0,61.69509
42.6,58.096573
41.0,54.40609
39.8,50.938004
36.4,47.577446
30.4,44.228004
30.0,41.29332
29.8,38.86692
25.6,36.619854
19.6,34.496605
13.6,32.499126
7.6,30.77847
2.8,29.38293
75.6,80.42859
68.0,78.71156
61.6,76.98674
55.8,75.123566
55.4,73.45183
55.2,72.04919
52.4,70.791
47.6,69.53944
45.6,68.31985
39.6,67.002655
33.6,65.48414
29.4,63.81812
29.2,62.211327
29.0,60.735577
23.0,59.193245
21.8,57.689907
21.6,56.31808
15.4,54.854626
9.4,53.217155
2.8,51.321785
0.8,49.339542
121.4,77.55654
115.4,76.68588
107.4,75.603745
101.4,74.24043
100.4,72.81177
96.4,71.21786
94.6,69.61067
87.8,67.88415
85.0,66.1098
82.6,64.26555
79.6,62.27213
73.6,59.925056
67.8,57.10264
61.6,54.210247
57.2,51.268574
56.0,48.538506
55.8,46.1019
55.4,43.998447
51.8,42.105656
45.8,40.254707
39.8,38.451626
38.4,36.876865
37.6,35.533882
31.6,34.363846
25.2,33.228477
24.6,32.252045
20.8,31.352406
20.6,30.602207
14.6,29.83157
13.8,29.148117
12.6,28.548767
12.4,28.047718
6.4,27.606922
5.6,27.20985
4.0,26.874897
1.2,26.596664
48.0,66.977036
42.0,64.31296
39.2,61.619267
33.2,58.751717
27.2,55.645184
23.4,52.45358
17.4,49.26515
11.2,46.06818
5.2,42.882328
2.0,39.92856
46.2,90.51573
42.6,87.07785
36.6,83.17525
35.8,80.49828
35.6,79.00429
35.0,77.964424
29.0,76.57622
22.6,74.683556
22.2,72.761955
16.2,70.262955
13.2,67.363235
4.4,63.77475
4.2,60.30959
0.2,56.745155
86.0,76.792305
82.2,73.97165
81.4,71.1909
76.2,68.29603
69.8,65.08043
69.6,61.90226
63.6,58.67296
57.6,55.334957
51.6,51.918354
46.0,48.539284
44.6,45.424427
43.4,42.643665
42.4,40.224495
36.8,37.978363
36.6,36.03976
35.0,34.38672
29.0,32.826004
23.0,31.348434
17.0,29.929707
11.0,28.589108
5.0,27.33717
26.0,82.24838
20.4,79.79771
19.2,78.00328
13.2,76.10516
10.8,73.99809
8.2,71.893845
8.0,70.02983
5.4,68.29813
5.2,66.769714
3.6,65.3628
97.2,76.900764
91.2,74.644
87.8,72.29571
81.8,69.75583
75.8,66.98785
74.4,64.154236
73.2,61.43526
72.8,58.895493
66.8,56.27575
60.8,53.49263
54.8,50.54321
48.8,47.501728
42.8,44.436333
38.4,41.445854
37.6,38.774746
37.4,36.524185
31.4,34.508167
25.4,32.663208
19.4,31.013489
13.4,29.553658
7.4,28.314297
1.6,27.2654
0.2,26.467766
139.8,103.49402
137.0,97.73345
136.6,92.22871
133.0,87.81304
129.6,84.42653
123.4,82.064514
120.6,79.91174
117.2,77.49689
114.4,75.0654
113.4,72.54887
111.6,70.05807
111.4,67.798225
108.6,65.46127
105.8,62.836414
103.4,60.09991
100.6,57.268303
97.6,54.197872
94.8,51.142365
92.0,48.010094
89.2,44.850296
86.4,41.612453
85.0,38.511623
83.6,35.713745
80.8,33.122337
80.0,30.86081
78.4,28.859291
75.6,27.015114
72.8,25.308407
70.0,23.86309
67.2,22.530052
64.4,21.307869
61.6,20.143387
60.4,19.168076
57.6,18.316605
54.6,17.508812
54.2,16.88131
53.4,16.372398
50.6,15.937729
50.0,15.607422
47.2,15.351517
46.2,15.147079
43.6,14.956085
42.6,14.823677
42.2,14.720451
41.4,14.642303
40.6,14.584
39.8,14.54393
39.0,14.520218
38.6,14.51078
37.0,14.506195
35.8,14.504547
32.8,14.506287
30.0,14.496925
27.2,14.506584
22.6,14.53775
19.8,14.580666
17.0,14.641121
14.2,14.71212
11.4,14.7756195
9.8,14.8302
7.0,14.862457
4.2,14.872627
2.6,14.878044
2.4,14.889
1.6,14.899986
122.2,77.19809
116.2,74.24071
109.8,70.89334
108.0,67.46553
105.6,64.058014
105.4,60.947212
105.0,58.174797
98.0,55.269432
92.0,52.072906
86.0,48.52796
81.6,44.775368
81.0,41.344296
75.0,38.158195
69.0,35.198563
63.0,32.55999
56.8,30.315762
56.4,28.602905
55.4,27.298164
53.8,26.329254
52.2,25.599552
46.2,25.025196
41.2,24.577332
35.2,24.253502
28.8,24.018494
28.6,23.881638
27.4,23.788208
27.2,23.740906
26.6,23.727982
20.6,23.70462
14.8,23.667885
8.8,23.633759
2.6,23.618385
0.8,23.620056
18.8,111.74315
12.8,105.265816
6.8,99.54083
0.6,94.32237
14.0,64.64969
9.4,60.396126
45.6,85.625496
39.6,80.81952
33.4,77.65254
26.8,73.384026
24.4,68.915535
17.8,64.1622
11.8,59.33178
5.8,54.406948
2.0,49.73591
0.6,45.606506
16.8,65.46931
15.0,62.910423
9.0,60.27894
3.0,57.421066
15.8,80.93796
9.8,78.75482
3.8,76.42796
0.6,73.88801
47.8,74.744125
41.8,73.42175
35.8,71.60356
34.4,69.51877
33.8,67.428764
27.8,65.05411
21.8,62.197243
15.6,58.969803
8.6,55.326466
8.2,51.844707
2.2,48.262028
1.2,44.95319
9.4,67.79408
3.8,65.63339
112.6,157.86111
109.8,159.60461
106.8,160.0999
104.0,159.41853
101.2,157.56235
98.2,154.47037
94.8,150.35777
93.4,146.15596
89.8,141.99544
87.0,137.75075
84.6,133.47267
81.8,129.22365
80.0,125.0916
77.2,120.84529
74.4,116.64743
71.6,112.10933
68.8,107.92584
67.8,104.40654
67.6,101.69772
64.4,99.24464
62.0,96.68352
59.0,94.05068
56.2,91.10244
53.2,88.01107
50.4,84.8063
47.6,82.15445
47.0,80.06987
43.8,78.41256
43.0,77.125755
41.2,75.91491
38.4,74.64401
35.2,73.25154
32.4,71.78377
31.6,70.384514
28.8,68.88719
26.0,67.37792
25.2,65.99011
22.4,64.58397
19.8,63.096405
16.0,61.66951
13.2,60.160095
10.4,58.639793
9.8,57.242577
9.0,55.944427
8.8,54.7856
5.8,53.632748
3.0,52.459747
2.2,51.34583
0.8,50.29331
48.8,115.52478
43.2,109.166565
41.0,103.74802
35.0,97.88129
29.0,91.18715
27.2,85.43398
21.2,80.078514
20.0,75.644554
19.2,72.72904
19.0,70.200035
12.2,67.61683
11.0,65.00286
4.2,62.06894
35.8,83.11756
29.8,79.141624
25.8,76.28122
19.8,73.32953
17.6,70.40485
16.8,67.819466
14.6,65.53847
9.2,63.379448
8.0,61.43832
2.0,59.61815
0.8,58.016037
34.4,81.69427
29.6,78.3359
29.0,75.85798
22.4,73.01386
16.4,69.886475
10.4,66.25992
4.4,62.094677
2.4,57.940933
86.8,57.875717
78.4,55.826385
75.6,53.865395
73.8,52.094112
73.6,50.607327
72.8,49.377583
66.6,48.2011
65.0,47.201916
58.8,46.28205
57.4,45.55023
55.8,44.984325
55.4,44.604153
52.4,44.30356
46.2,43.980965
40.2,43.708435
36.2,43.55607
35.0,43.646725
31.8,43.869656
26.6,44.171043
20.8,44.583473
19.4,45.13359
16.4,45.739067
12.2,46.343517
11.0,47.037872
5.0,47.675972
2.2,48.341824
0.8,49.052624
0.6,49.541214
52.2,88.08171
46.2,84.586876
40.0,81.58512
34.0,78.85522
29.4,76.84297
22.8,74.7453
21.6,72.537155
20.4,70.3955
20.2,68.52754
13.2,66.69523
11.8,65.02406
5.8,63.30627
3.4,61.64981
0.4,60.069633
56.8,72.56652
56.2,70.17564
49.8,67.76136
44.2,65.397705
38.2,62.880318
31.4,60.191513
25.6,57.280735
19.6,54.00442
18.4,50.803967
17.2,47.90548
13.4,45.29411
11.8,42.955013
10.6,40.873974
10.4,39.10483
4.4,37.300117
1.8,35.594063
32.4,47.924877
26.4,44.624123
20.0,41.254612
14.0,37.85909
8.0,34.569077
1.8,31.561348
0.4,29.057907
40.2,65.00613
39.4,61.15392
35.6,57.13954
29.6,52.89563
23.6,48.19977
17.6,43.148327
11.4,38.163765
5.4,33.511173
0.2,29.44902
30.0,68.39897
22.6,65.615814
16.6,62.483986
10.6,58.98376
4.8,55.12271
0.4,51.157234
124.6,154.88489
120.6,150.70177
114.6,144.33453
112.8,137.34607
108.0,129.25255
102.8,120.42802
102.6,112.502464
96.6,104.50512
90.4,97.05139
83.4,90.34985
81.6,84.71969
81.4,80.882614
79.8,78.28379
77.2,75.86853
76.2,73.72239
76.0,71.8924
74.8,70.27493
70.2,68.46397
69.4,66.76689
66.4,64.98315
65.0,63.33728
64.8,62.03351
64.4,60.972855
63.8,60.282173
59.6,59.554512
55.8,58.629005
49.8,57.317924
43.8,55.613167
42.8,53.866642
42.6,52.309616
36.6,50.61199
30.6,48.878674
24.6,47.07498
23.8,45.458584
22.4,44.099045
22.2,43.09326
22.0,42.357002
16.0,41.44167
10.0,40.453873
3.6,39.265823
1.6,38.158882
280.2,115.79499
279.0,110.90471
270.2,105.702156
269.0,100.36921
264.0,95.46112
258.4,91.12528
252.4,86.14287
246.6,81.96804
245.4,78.69667
239.4,75.978676
233.0,73.27105
226.8,70.35002
223.0,67.23715
217.2,64.05081
211.6,60.92962
208.0,57.969536
207.2,55.31103
206.4,53.041725
200.4,50.937756
194.0,48.941875
187.0,47.123512
185.4,45.588615
179.4,44.20436
174.2,42.956425
174.0,41.968304
168.0,41.115616
161.8,40.35377
155.4,39.654873
149.2,39.047382
144.2,38.531296
137.8,38.0726
131.8,37.71889
125.0,37.448654
119.0,37.271896
117.8,37.239662
115.0,37.348076
108.6,37.549484
106.4,37.85066
104.4,38.200554
100.2,38.523895
97.2,38.856552
97.0,39.233494
90.4,39.570625
83.4,39.85556
77.4,40.122734
72.2,40.34179
68.0,40.519405
65.8,40.66951
63.4,40.719883
57.4,40.60835
51.2,40.293823
45.2,39.820168
37.0,39.217827
31.0,38.506832
25.2,37.702488
24.2,36.877693
23.8,36.06203
20.0,35.225803
10.0,34.367695
7.4,33.492
1.4,32.646797
0.6,31.884418
196.4,189.82416
194.8,185.82127
193.6,182.0575
189.4,178.62485
188.0,175.67004
186.6,173.08073
185.2,170.80197
183.8,168.77551
181.0,166.4787
179.4,164.17374
178.2,162.12494
176.8,160.30418
175.4,158.6885
174.0,157.16435
172.6,155.64568
170.8,154.15915
168.6,152.88947
168.4,152.03935
167.0,151.52917
165.6,150.93057
165.0,150.19168
164.2,149.31538
164.0,148.44246
163.8,147.64531
162.8,146.85559
161.4,145.97614
160.0,144.9126
158.6,143.4603
157.2,141.60034
155.8,139.38248
154.4,136.89728
153.8,134.3397
153.0,131.93355
152.8,129.82425
150.0,127.73001
148.8,125.65036
147.4,123.49614
146.0,121.2291
144.6,118.74983
143.2,116.029625
141.8,113.17809
140.6,110.39315
139.0,107.51597
137.6,104.58354
136.4,101.70141
134.8,98.780304
133.4,95.89969
132.0,93.0006
130.6,90.295654
129.4,87.704834
127.8,85.33871
126.6,83.32316
123.8,81.56183
119.0,79.711784
118.8,78.059006
115.2,76.60751
114.0,75.31354
112.6,74.02184
111.2,72.74477
109.8,71.50415
108.4,70.311424
107.0,69.159676
105.6,68.0509
102.8,66.94479
101.2,65.8471
97.2,64.698975
95.6,63.56145
89.6,62.291374
85.6,60.895763
78.8,59.294827
72.8,57.57596
69.2,55.851288
64.4,54.16655
63.2,52.622204
60.0,51.185085
59.8,49.927574
54.8,48.75973
48.8,47.62789
42.6,46.535
36.6,45.49903
29.8,44.527473
28.0,43.67072
27.8,42.964863
25.8,42.37258
19.8,41.80386
13.8,41.257538
7.6,40.693874
1.6,40.157566
145.6,138.97696
139.2,136.36623
134.0,132.51622
128.2,127.25864
121.4,120.15357
119.8,113.042656
114.2,106.18106
108.6,99.835106
102.6,94.3306
96.6,89.0516
90.6,85.32483
90.0,83.009094
83.6,81.13633
77.8,78.93052
73.6,76.634155
72.4,74.47713
69.2,72.34301
65.2,70.2361
59.0,68.273926
52.8,66.45197
46.8,64.43413
44.4,62.416702
40.2,60.30787
34.2,58.062325
28.2,55.765354
22.0,53.489544
16.0,51.264324
15.4,49.309128
14.4,47.607246
13.2,46.15393
7.8,44.790985
5.0,43.6217
2.4,42.576313
1.6,41.685925
118.2,115.14897
107.0,108.83517
106.6,103.90973
105.6,100.20526
91.4,94.90623
85.6,89.45418
83.2,84.76406
73.2,80.03735
73.0,76.63309
62.6,73.921555
42.4,70.978386
38.2,68.32289
27.2,65.69318
24.4,63.452602
22.8,61.583664
18.6,59.991276
17.0,58.301895
16.0,56.50892
15.2,54.86906
13.6,53.097504
12.8,51.306244
11.0,49.568398
7.4,47.968716
36.6,162.18585
35.6,168.59488
34.4,174.96028
34.0,183.99612
33.0,193.90503
32.0,203.0169
31.0,210.38159
30.0,215.60535
26.8,218.5935
25.2,219.81845
16.8,219.72638
16.2,218.7761
15.2,217.36685
12.0,215.26999
9.0,212.75272
3.0,209.53732
102.2,79.31024
96.2,77.034164
81.6,73.978264
75.0,70.82468
71.4,67.53627
71.2,64.65704
64.8,61.861816
58.8,59.022575
52.8,56.15531
49.0,53.430256
43.0,50.77573
38.6,48.36236
38.4,46.381184
37.8,44.755608
31.8,43.27333
28.8,42.043625
22.8,40.931984
20.2,40.02775
18.0,39.27016
16.4,38.63631
13.0,38.082977
7.0,37.47914
1.0,36.911865
139.4,186.87885
126.8,188.87093
118.8,188.82333
101.4,186.37079
93.6,182.16614
88.0,177.71283
72.0,171.38678
71.4,166.00195
71.2,162.00504
59.2,158.16125
58.2,155.13882
54.8,152.25691
48.2,149.02534
47.8,146.25836
46.6,152.28166
34.4,150.21684
32.8,146.57323
23.0,140.93513
22.8,135.29929
22.4,129.95041
16.0,123.33655
13.2,115.87514
6.8,107.17014
0.2,97.2237
