actual_rul,rf_predicted_rul
284.0,259.2279991912842
283.2,257.9819994354248
282.4,258.8139992523193
280.8,264.1819993591309
279.8,269.1819989776611
279.2,271.6539989471436
278.6,273.90399963378906
277.6,276.6480003356934
277.0,276.4220001220703
275.2,276.4220001220703
274.4,275.6460001373291
270.0,276.48799995422365
264.2,276.42000007629395
261.4,275.08000007629397
259.8,274.9980002593994
258.8,273.58400047302246
257.4,266.08800132751463
256.6,266.2280013275147
256.0,263.99600143432616
254.6,258.9980007171631
254.2,252.07800131320954
253.2,250.442001786232
251.8,250.00000189304353
250.4,246.4680009317398
249.0,244.5200009393692
247.6,246.23400084018706
246.2,235.19600019931792
244.8,227.1340000772476
239.0,205.47400015354157
236.4,197.31600059986116
224.6,165.23000032901763
224.0,165.80000030994415
223.4,166.99600082874298
223.0,164.52600084781648
213.6,156.3140003824234
213.4,153.98800062656403
207.2,153.04600006103516
205.0,152.76799997329712
204.8,152.76799997329712
200.8,148.8720004272461
194.4,147.4560005569458
187.6,141.57800041198732
181.2,135.17000040054322
176.4,130.66600046157836
172.8,127.26200019836426
172.6,126.9860001373291
166.2,120.72200026988983
159.6,117.0620000565052
153.2,114.92199997901916
146.8,103.18399972200393
145.2,102.73199959874154
141.4,98.15599976301193
135.8,98.81999988511205
134.8,97.07799976304173
127.4,93.241999797374
127.2,93.241999797374
126.6,92.90599984720349
121.0,87.10400026872755
114.8,93.43999993398785
108.8,83.1479997690022
102.2,73.03799944996834
98.8,71.03399953961372
96.6,72.67399956822395
94.8,77.48399970173836
88.8,71.6320002746582
88.6,71.6320002746582
88.0,72.95000020980835
87.2,72.95000020980835
86.8,72.95000020980835
80.6,75.6899997997284
77.6,78.57599963620305
71.4,77.82599945023657
65.2,75.13599959686398
62.8,74.35999949842692
58.6,70.78399963766337
56.6,73.39599959760905
54.0,74.2719996586442
51.8,72.99799969390034
45.6,71.71599982649087
41.4,73.36600006520749
35.0,76.41400013625622
30.8,71.42800019919872
28.8,72.15000013053417
27.8,74.08200013816356
22.4,75.14400003135205
16.8,70.63399982452393
10.8,66.75999987095594
4.8,65.37399980574847
180.2,210.4799998474121
178.8,198.24599975585937
178.6,196.38199974060058
177.4,198.20000007629395
176.0,195.57999954223632
174.6,201.53200012207031
173.2,197.03200012207031
173.0,197.58400032043457
171.8,200.57600032806397
169.0,203.1419998550415
167.6,197.05599964141845
166.2,184.64799961090088
164.8,189.78999996185303
163.4,183.53400009155274
162.0,189.7559999847412
160.6,180.23799980163574
159.2,173.81400001525878
157.8,171.50200016975404
156.4,176.96800038337707
155.0,175.22600019276143
153.6,183.71200051128864
153.4,180.18000042736531
152.6,181.0960002976656
152.4,182.33800034344196
152.2,184.1680004197359
152.0,185.0960002976656
145.0,165.922000117898
138.0,146.93800003051757
135.8,140.16199993133546
135.4,140.16199993133546
129.6,130.82399988174438
119.4,110.88000044345856
113.6,100.71400029182433
109.8,92.58000023841858
107.2,84.5880001115799
101.0,84.648000125885
98.8,84.54200021743775
92.6,77.59800016403199
87.4,78.04999990776182
87.0,76.40799986258149
82.4,71.01399998620153
80.6,69.80999984696507
74.4,68.00599983006715
73.4,64.43399983465672
72.0,59.201999832689765
66.8,59.8059996651113
66.6,59.8059996651113
60.2,55.68200015217066
58.0,53.24800029724836
57.8,53.41800029724836
55.4,50.48600024580956
49.8,45.456000253260136
44.0,44.69000011086464
34.4,33.95799994379282
33.8,34.08399993240833
33.6,33.105999901890755
28.0,26.048000085800886
22.4,29.190000160187484
18.0,28.03600009843707
11.8,26.31199993982911
10.4,26.411999970376492
9.2,26.333999944627283
5.8,32.325999932140114
0.2,31.95799977645278
99.6,92.36200033187866
99.4,92.23200041532516
92.6,83.02199993133544
86.2,74.00000013589859
85.4,76.74800016641616
85.2,76.8900001168251
79.6,68.10400034189225
74.0,68.9460004901886
73.0,70.44800045967102
68.4,69.02400028660894
67.2,65.89600017026066
63.6,65.33599997982382
63.4,65.33599997982382
59.8,69.64800005421043
53.0,65.79199980810284
47.8,59.28799984455109
44.2,54.661999821960926
41.4,52.4319998934865
38.6,47.71599988132715
32.6,43.7239998498559
32.0,43.243999885618685
29.2,42.70400003492832
23.2,42.79200006082654
22.0,42.84400005891919
21.4,42.84400005891919
21.0,42.84400005891919
15.0,41.47399994596839
13.6,42.31799997463823
6.8,42.59199999526143
178.8,157.32400007963182
172.4,153.96200065612794
165.6,152.33400032043457
160.8,136.78799962997437
160.0,140.51199991226196
154.8,136.35399937868118
148.4,119.83599942922592
145.2,119.36599965333939
144.0,119.25999987840652
143.2,118.91999987840653
142.8,118.41399993181228
141.4,110.63000016450881
134.8,104.15000005960465
127.8,107.54600017547608
125.0,99.49800033807755
123.2,101.76200046777726
122.8,103.20600071191788
122.2,103.74400074243546
121.8,102.10400074243546
121.4,102.58400078058243
115.8,87.16000048175454
104.6,73.5840001912415
99.0,75.79800017639995
96.8,76.19000051304698
95.2,74.87000041469932
92.8,72.14800045475364
92.6,68.35200049623847
91.4,64.75200053438545
91.2,62.53600045904517
91.0,62.334000451415776
89.6,60.60400042399764
88.4,58.77400043353438
85.0,58.784000441432
84.8,57.42400049865246
84.6,56.57200052917003
84.4,56.4880005311966
84.0,57.67600057244301
83.8,57.32000053003431
83.6,57.32000053003431
77.4,54.96200014337897
73.6,53.41199988976121
64.6,51.86999966710806
63.2,51.63999970525503
62.8,50.67399973839522
56.4,45.5340000872314
53.8,45.44800013259053
51.4,47.98200013384223
45.2,45.386000044792894
39.0,46.084000125080344
32.6,46.504000229388474
25.6,49.170000030249355
19.6,53.83200016185641
13.6,54.00399992510676
7.2,49.85399984523654
1.2,50.697999769747256
288.0,114.73999975204468
285.0,113.65999997138977
274.2,113.91999996379018
270.2,113.91999996379018
265.2,113.54000036075712
261.2,110.95000056102872
257.6,111.8880005915463
257.2,109.13800051525236
257.0,109.13800051525236
256.2,107.79400065258146
253.2,105.56800041630864
250.4,104.64600020363928
247.6,103.93000006631017
241.0,101.27000026181341
235.0,109.05399997234345
233.8,108.27200000286102
227.8,111.51200023174286
221.8,101.68400012210012
221.2,100.07599997714162
215.2,102.68399953082204
209.2,99.71799964144826
202.8,96.51799960330129
194.6,94.78399970009923
188.6,95.31199984028936
182.0,94.4379995380342
175.8,92.90399975061416
171.8,90.81800006061792
170.8,89.6120000949502
167.4,85.38800016641616
161.2,85.27400003910064
155.0,82.05800015568734
147.8,76.07800020694732
139.6,81.20800026297569
130.4,79.9680003106594
127.2,76.05800026893615
120.2,74.12600022315979
113.6,73.89800008296966
113.0,73.03000012874604
112.2,73.03000012874604
106.2,69.10600019335747
99.4,66.88000027954578
93.2,63.1760003401339
92.6,63.658000416904684
87.0,58.45400028914213
86.6,58.45400028914213
74.4,52.55200019270182
70.0,49.126000232994556
69.4,51.5860002091527
63.2,53.21600001960993
51.2,51.176000069677826
39.2,51.286000280231235
33.8,50.13400019273162
21.8,57.93000036373734
9.8,56.27200029194355
2.4,55.22600015684962
2.2,55.22600015684962
1.0,55.98600013777614
161.0,194.39400062561035
158.4,192.84000160217286
158.2,190.46200160980226
157.4,188.49600135803223
152.6,181.53000173568725
152.0,181.38200157165528
151.2,182.66400163650513
146.0,176.90600121498107
142.6,175.4180008029938
141.4,178.92800068855286
139.8,169.4699997651577
138.4,170.46199955940247
136.2,172.87400017738344
134.4,165.7540002346039
133.2,168.545999917984
129.8,180.52399909973144
126.4,182.05599975585938
121.0,175.922000541687
114.6,169.42200096130372
113.8,166.44000099182128
113.0,164.3580009460449
112.2,163.72000076293946
111.6,159.3740007019043
109.2,162.53400066375733
109.0,162.53400066375733
104.0,156.56400049209594
103.0,154.16400068283082
98.8,150.0740007019043
98.6,149.74400077819826
98.0,147.2460009765625
96.8,138.41200062572955
94.8,137.3760006314516
90.4,122.15800009936095
88.2,120.44799987226725
87.4,118.44199960142375
85.6,118.33399993330241
81.4,121.24199975401163
75.8,117.20399987608194
75.6,117.20399987608194
67.6,110.89999994665385
62.0,98.00800016313791
58.6,101.74799979686738
53.0,96.94599947929382
49.8,90.97999945834279
48.6,93.57599965289235
47.6,96.27399971202016
41.4,88.20799946501852
39.0,88.34799967288971
32.6,78.98200003504753
26.4,72.58599989801645
20.6,64.99999956011771
18.8,61.54599979400635
12.4,60.91799954533577
10.8,60.007999694645406
6.6,60.791999754011634
0.6,57.18800031796098
85.6,178.0800001144409
80.6,168.4820000553131
76.4,161.92399965286256
73.0,154.5140003108978
72.2,153.39600047111512
65.8,150.93400125980378
59.0,152.8100010538101
57.4,152.0760008507967
50.6,147.96400039672852
48.2,143.7100000476837
41.8,132.10999980449677
35.2,123.80000077724456
33.6,120.32200049877167
33.2,118.36600055217743
31.0,112.37000048160553
30.8,112.5880005311966
24.6,110.10200051695108
18.2,112.54600017517805
12.0,101.47800041034817
5.6,95.00000025212765
1.0,97.99200030684472
250.8,170.55800025105475
239.2,171.3199999678135
230.0,168.35199926257133
229.6,165.96599935412408
226.6,164.11999933481218
220.4,148.94599945142866
217.0,137.11199930503963
214.4,115.18399970009924
208.4,123.22999971985817
207.4,121.95399982094764
207.0,120.11199966073036
198.6,126.50399995446205
194.6,111.89600021004676
192.2,111.36200013279915
186.0,108.41400024056435
178.8,103.77600049614907
172.6,106.41000021100044
166.4,99.88799962639808
157.2,98.15199988678097
151.0,89.06400008231401
149.8,90.37200011283159
143.2,86.206000097543
142.8,82.46399998500944
140.2,80.72999990299344
138.6,83.85599992111325
135.8,88.37599978283048
134.8,89.66199972748757
134.6,90.75999974370002
126.0,86.68599971607327
120.0,79.10799986109137
113.8,85.7300000756979
110.4,84.08800002992153
104.8,83.316000213027
97.8,88.7439999550581
91.4,78.85999986469746
85.8,73.71799988135696
79.6,71.93999977931381
76.0,76.28999987840652
74.0,75.68599969625473
73.0,71.9979997086525
67.6,71.79999992609024
67.4,73.76999992609024
61.2,66.76799987792968
54.4,72.28200006604195
48.0,73.46000008821487
41.0,69.03799982190132
37.6,67.3679998576641
31.6,64.37600012421608
25.6,63.096000032424925
25.2,66.60800011634826
19.2,67.66800009399653
13.0,68.26000011116267
7.0,65.21400010615588
3.2,64.99800010859967
0.2,63.7920001322031
259.0,178.34399948120117
252.6,170.33399993896484
246.0,157.2580004310608
239.6,145.62600078582764
233.0,132.4460001540184
226.4,124.51200001358986
223.0,129.67999965131284
221.8,129.67599965512753
215.0,127.3959997344017
214.6,126.78999963521957
208.0,119.34399980664253
201.2,124.06399959683418
197.0,125.21599964261056
194.0,120.34399948239326
193.2,119.43199942111968
189.6,116.50999936580658
189.2,113.93599946171045
188.6,114.25599949985742
186.4,108.14399941682815
180.8,103.71799981549383
171.0,95.16399971678852
165.4,96.61799979880452
160.6,94.75599977210165
160.0,95.00399974107742
159.0,94.93399966478347
155.8,97.81999964475632
154.8,100.63999960660935
148.8,98.58199957609176
142.2,98.41599942922592
139.2,93.61599941074849
132.4,89.29599956735969
127.0,93.8419995854795
122.0,92.95199971169234
117.8,90.34999995023013
111.6,90.72800023823976
105.6,85.82600039720535
99.6,88.2360001051426
93.4,88.68199989274144
87.4,84.84599984362721
80.8,91.02600004866719
79.0,91.83999983623625
78.0,93.25999983981252
77.8,93.25999983981252
77.6,93.25999983981252
71.6,93.6159998512268
65.4,96.56199965715409
59.4,98.07799953222275
53.4,94.68799977064133
53.2,94.50199970960617
47.0,86.84999945998192
44.2,82.05599952459335
43.6,81.55199941396714
37.0,75.4639995598793
34.0,71.53599957227706
31.4,70.79999965623021
25.4,67.445999545604
18.8,66.59999983265996
12.8,66.45400002777576
6.6,64.54599998295308
1.8,60.54800009906292
107.0,99.93799995660783
100.8,92.61000051617623
98.0,85.3400005042553
92.4,77.41800042271615
89.6,75.27200052410365
88.0,73.84400048404932
78.6,70.03200048312544
73.0,63.86200027629733
71.2,60.61600023344159
65.6,56.64400027155876
59.0,54.236000189483164
55.0,48.76400013372302
53.6,49.34400008812547
53.0,49.67800015464425
52.6,48.732000150829556
51.0,48.17400017514825
50.8,48.17400017514825
44.8,44.09600009411574
39.8,41.41000009506941
33.8,38.78200005635619
27.8,39.14800004258752
21.8,37.14599993810057
20.8,35.07599990949035
19.2,34.58999993905425
16.6,34.43199988469482
16.2,34.409999884217974
12.2,32.015999928563836
11.2,30.74799985989928
5.0,28.641999911516905
154.0,119.93800057366491
149.8,125.44400060608983
149.6,125.41800058320165
147.6,128.13600049450994
147.2,125.30600038006902
145.2,131.87600038960576
144.0,130.06000030472876
141.0,124.85800060987472
138.4,120.07600020885468
136.0,110.0400001898408
135.8,110.0400001898408
135.6,106.81599997997284
135.0,108.04799996376038
134.8,105.9779999256134
134.6,104.47399989128112
133.4,104.4859998035431
132.0,109.09599983215332
130.6,107.48199981689453
130.4,106.63599992752076
130.2,106.63599992752076
129.8,107.99599999427795
129.6,107.9560000705719
128.8,106.97199997901916
122.4,107.81199996471405
119.6,100.5899996471405
119.4,100.5899996471405
118.6,101.96599980354308
115.0,105.2639998626709
113.0,104.44000036478043
111.6,104.48600047945976
107.4,101.1320005133748
107.2,101.1320005133748
106.0,100.86200040847064
100.4,82.71599940299988
96.2,98.31800018578768
92.8,101.62400021344423
88.0,95.81400029301643
87.8,94.76000027775764
86.4,93.14400018572807
80.8,94.15800062403083
80.2,92.84200067743659
75.2,98.78200048074126
74.8,98.78200048074126
68.8,94.95200039535762
65.8,85.81400027483701
63.4,88.20600010603667
60.2,85.8580001142621
59.8,82.06600003033877
57.4,83.11200010091066
56.4,81.4740001180768
55.6,83.52000011712313
53.4,81.53600024491548
51.2,76.11200027734041
49.2,74.88000014811755
43.2,77.81200014859438
42.4,78.01400017529726
38.8,74.55600003391504
37.4,73.90000010490418
32.6,74.54000008583068
27.8,72.01200010418891
27.0,71.8300001347065
23.8,67.32599999845029
22.8,66.52800004422664
19.2,62.98400019973516
7.2,58.26600026071072
6.0,55.02000028789043
4.6,52.82000022709369
4.2,52.6180002272129
3.0,52.542000242471694
1.6,52.356000326424834
0.8,53.58400028303266
181.2,147.3560000228882
180.4,148.49799968719483
179.4,145.8919997024536
173.0,131.6560000038147
166.6,130.4779994416237
160.2,127.5779995751381
154.6,116.63000027656555
149.8,113.75999974250793
149.6,113.75999974250793
144.0,115.32999985694886
133.6,102.46599996566772
128.0,98.64999971926213
125.4,98.71999973952771
120.2,89.80999972254038
114.0,83.62199978336692
108.0,81.99399993151427
105.0,75.37400018244982
103.0,73.42200012236833
102.8,73.42200012236833
97.4,73.66199999153613
91.2,68.59799996644259
90.6,67.7959998396039
90.4,67.7959998396039
84.4,67.30799976363778
78.4,62.82999988988042
72.0,61.16799976348877
65.0,54.24400001361966
59.0,51.599999805092814
55.4,51.75599993675947
53.2,51.75599993675947
50.6,51.75599993675947
50.4,51.75599993675947
40.2,51.98800000160932
34.6,49.461999970972535
31.8,47.07200007021427
25.8,51.23399988994002
19.8,50.40199975714088
13.8,49.086000050753356
7.4,45.46999991863966
2.8,49.17999992102384
291.8,150.0519997549057
287.0,144.7339994496107
286.8,144.18399937331677
280.4,129.45799983024597
274.0,132.41999974250794
273.4,131.01599961280823
267.8,116.55800013065338
262.0,104.46600010156631
248.0,92.09600018501281
242.4,82.96000047162175
236.4,84.62000046014786
230.2,88.72200049638748
224.2,82.33000038385391
218.2,68.66000015169382
211.8,72.79800015836955
210.4,72.98400015741586
204.4,77.12400001958012
203.6,71.82600008442998
196.4,65.48600050121546
189.6,65.48600050121546
183.6,66.80400067046284
177.2,69.07600058272482
171.2,72.89400018408895
165.2,68.196000136137
147.0,69.4400001847744
146.4,69.4400001847744
136.8,69.4400001847744
127.8,70.06200020194053
127.6,70.06200020194053
124.8,70.06200020194053
118.0,70.06200020194053
114.8,69.9860002052784
107.4,71.58800019979476
101.4,63.27600031614303
95.4,61.37000005364418
89.0,60.35800015151501
87.2,59.73400032937527
84.2,61.38400027275085
83.8,60.75400027275086
78.4,61.86800027489662
72.2,56.74600031495094
71.0,57.156000372171405
66.0,54.63400022923946
60.6,52.91600008159876
60.4,49.44200018137693
53.6,47.35000013142824
46.8,47.2340001450479
44.6,47.15400011643767
42.2,46.69200011834502
30.2,43.380000000298025
28.2,41.16399994879961
27.2,40.86599993735552
27.0,40.86599993735552
25.0,40.86599993735552
7.8,36.133999974131584
4.6,34.64999994218349
3.4,34.88199994981289
0.8,31.93199993133545
113.2,119.501999771595
112.6,117.2539997601509
106.2,121.12599977731705
99.8,119.00799958229065
99.0,118.70999985694885
96.2,106.89399958133697
93.8,108.17199986934662
87.4,105.01600001633167
81.8,93.66600008442998
78.2,91.3040002425015
67.4,84.48400053933263
67.2,86.68800049737096
66.8,87.70600038960576
66.2,92.0140003593266
61.4,98.53799987152219
59.2,98.311999951154
54.8,99.34599962472916
54.0,100.42999979257584
48.0,89.49200002014636
46.8,88.56199988663197
41.4,85.43999979570508
39.2,84.44999970033764
38.8,84.44999970033764
38.0,83.45599972322583
37.2,82.67000002101064
27.6,74.53199993163348
23.0,72.91000012248755
17.0,71.36199988037347
13.4,72.56399976044894
9.8,66.5599997793138
3.2,62.08799983114004
306.8,145.06200085163115
306.6,145.06200085163115
306.4,145.06200085163115
306.2,145.06200085163115
300.6,139.44199996471406
295.4,140.8899993467331
295.0,140.8899993467331
294.8,143.06199931621552
286.4,131.53599994257092
280.8,123.6560000641644
274.4,117.1500004656613
268.4,113.17200077012181
262.2,108.19200058892369
256.2,105.55000046923756
254.8,98.79800032570958
251.8,107.22000024035573
251.2,105.3700003643334
249.0,104.12600017145276
242.8,100.55000011399389
230.8,90.81599990442395
224.8,87.14799977138638
218.6,83.9359998857975
212.4,75.71000012159348
206.4,74.69800030112266
200.4,68.85400038748979
193.6,71.18000007107854
187.6,69.0580001540482
181.6,66.33799978867174
177.4,67.52199985131621
176.6,68.7779999743402
176.2,68.7779999743402
170.2,67.00999992713332
164.2,62.26800002872944
155.8,61.19599995717406
149.8,54.62599989637732
137.4,53.50599976450205
137.2,53.50599976450205
124.0,50.79000010073185
122.8,49.60200007498264
106.2,41.360000072419645
105.4,40.42400004193187
90.4,35.23200007140636
84.0,35.41199997216463
81.2,128.24600024223326
74.0,124.82400008201598
67.6,100.98200000286103
55.8,98.9720007610321
52.2,99.24000067710877
46.6,102.79000068664551
41.0,92.81000049740076
36.4,86.66000006556511
30.2,85.47999987840653
27.2,78.007999958992
24.2,74.19599997043609
22.4,75.86599994778634
17.4,74.46599995315074
10.8,67.32799974024296
9.8,67.73799969375133
3.6,65.10999995231629
1.2,69.25000015556812
198.2,83.51000048294664
175.8,83.52200051739811
172.8,78.4360003568232
170.0,81.4540001924336
169.6,80.5260001476109
166.6,82.85200037553906
163.8,82.56200036600232
163.0,81.11000043466687
161.2,76.51800035074353
155.6,77.80200028255582
152.8,76.0060002656281
150.0,73.67600023880601
147.2,72.97600036099553
144.4,71.99400022760034
141.6,66.90000013127923
138.8,64.73400017514825
136.0,61.826000067442656
133.2,60.08400007709861
130.4,62.14800018206239
127.6,63.374000122845175
124.8,58.925999920666214
122.0,58.66400013715029
119.2,58.81600014671683
115.4,60.804000491201876
113.4,58.25400042682886
107.8,54.88400003999472
105.0,53.25400020703673
102.2,55.32800026759505
100.8,55.17400031432509
98.0,56.27200024664402
95.2,54.18800023898482
92.4,52.30000036895275
88.8,52.24800039470196
87.2,56.65400033727288
84.4,57.34600033655763
82.6,56.034000306278465
79.8,51.58800015702844
77.0,50.350000154674056
74.2,49.64600014179945
71.4,51.23000006884337
68.6,54.2900001090765
65.8,51.388000105172395
63.0,48.5839999166131
60.6,50.445999908298255
60.4,50.445999908298255
58.8,47.96799996227026
55.0,48.41999997884035
52.2,45.366000008881095
49.4,47.432000028192995
46.8,46.873999979197976
35.8,44.37000001057982
35.6,44.37000001057982
19.0,43.89599990814924
11.2,44.42799996584654
158.6,150.33800073862076
157.0,152.4940009713173
154.2,152.54800085306167
150.2,145.2400006198883
148.8,143.9479998397827
142.6,132.86799963667988
134.0,139.41599933862688
128.4,127.49799988269805
122.8,115.13600006103516
121.4,114.98999994754791
118.6,118.50800005435944
115.8,122.48800016403199
113.0,114.27400027513504
112.2,117.15200026750564
111.6,118.54000010728836
109.4,115.17600004434586
106.0,114.99400013566017
103.2,112.68800020813941
101.0,109.07400004029274
98.0,102.16400004267693
96.2,99.27800040364265
92.4,92.48000022053719
89.4,90.71200015187263
86.6,86.69200012564659
83.8,84.80600042641163
81.0,83.65600036919118
78.2,80.29200041770935
75.4,78.2520002117753
72.6,77.07000005453826
70.2,75.88400014415383
67.2,74.51400010883808
62.8,74.1860001155734
60.6,75.90800006777049
57.8,74.70199992090464
57.6,74.70199992090464
51.6,65.69999969869852
49.0,68.28599948510528
43.0,66.86199962079525
36.8,68.42999956071377
34.8,69.44799955904483
32.2,65.31599959105253
32.0,65.31599959105253
25.4,59.12399990528822
22.6,58.525999852120876
19.2,58.00399980634451
19.0,58.00399980634451
1.0,53.84000027135014
46.8,139.8600002384186
41.2,137.80000032186507
39.2,129.75799977302552
28.4,111.6339999294281
24.6,104.17000004768371
22.4,100.13199999809265
16.8,106.65000011086464
10.8,98.6440004825592
128.2,159.99800053596496
126.8,160.22999981880187
125.4,158.32000016212464
124.0,155.00000052452089
122.6,152.82000056266784
121.2,152.7280010128021
119.8,152.4120010280609
118.4,155.4480011367798
116.8,154.41200065612793
115.6,156.11000076293945
113.6,148.02800052642823
112.8,144.12800029754638
109.4,137.56200016021728
108.6,137.69600009918213
106.8,140.38400037765504
94.6,128.59200052738188
94.2,126.52600033283234
92.8,126.40800001621247
91.4,122.93599999338389
90.4,119.03600033387542
89.0,117.55000030621886
87.6,116.49200021848083
86.0,113.20000005155802
85.4,114.20199980765581
84.6,111.56599986106157
81.2,112.92799984961748
79.2,113.45999985724687
77.6,109.7719998267293
76.4,110.08799984484911
74.8,106.97000011950732
73.6,106.66200020641088
72.0,107.46599983245135
70.6,108.52000004202128
69.2,103.19800027281046
67.8,100.62000033378601
66.2,103.02200060844422
65.0,102.03400040626526
63.6,97.95200042724609
62.2,95.66800023078919
61.0,97.9280000782013
59.6,98.02200029134751
58.2,97.87600041389466
55.4,93.6599999833107
54.8,92.40600000619888
53.6,86.13800002813339
53.4,87.17400005102158
52.0,82.71400003194809
47.0,77.57200012683869
45.4,80.87800009727478
44.2,80.13200001716613
42.8,75.34800015449524
41.4,73.93800015449524
40.0,70.65400012016296
37.2,68.25399996757507
35.8,66.51599982261658
35.6,66.51599982261658
34.4,61.13800000786782
28.4,59.624000030755994
26.0,61.32399994850159
24.4,56.51599980711937
23.8,57.139999727010725
19.8,48.29599977165461
16.0,41.635999698042866
10.0,44.44199990853667
3.4,40.92999985620379
168.8,168.72600028991698
167.2,170.06199974060058
165.4,166.05199989318848
165.2,166.05199989318848
164.6,161.82000007629395
163.6,161.89
163.2,162.55799983978272
161.8,162.31999996185303
160.4,159.48199966430664
158.8,162.8899998474121
158.4,159.7720002746582
157.6,156.38000045776369
156.2,155.4540003967285
154.8,156.81800079345703
151.8,161.62400066375733
150.4,161.41800037384033
149.2,155.74200004577636
146.2,145.64399994850157
144.6,141.63599984169005
143.6,144.1319999408722
141.8,143.91199990272523
140.6,139.05400002479553
139.4,136.65000023841858
139.2,133.24600037574768
138.2,135.00400052070617
137.6,134.28400052070617
136.4,132.79600054740905
134.8,132.06800045967103
133.8,127.64600018501282
132.0,123.83800015926361
129.4,113.66799971580505
128.2,114.95000009536743
126.6,114.32399995326996
125.4,113.98999998092651
123.8,113.7639998626709
122.4,110.08799995779991
119.4,108.53800006866454
115.4,105.73000007629395
114.2,105.00400040626526
112.8,101.26600038528443
112.2,100.59800031661987
111.2,99.56000034332276
110.0,98.4240003490448
108.6,100.22400032043457
107.8,95.83600020885467
107.6,94.40800021648407
107.2,91.97600009441376
105.6,88.90000014424324
104.4,92.29800017476082
103.0,95.11199995994568
101.6,92.68800003647804
100.8,94.69400004386902
99.6,94.19800011634827
98.6,92.92000018119812
97.2,92.41800013065338
96.0,92.7860001039505
94.6,93.11800021648406
93.2,91.05400022029876
91.8,90.30600011348724
89.0,87.68600025653839
80.6,74.30800031676888
79.2,71.15400026515127
77.8,71.43600021749735
76.4,66.26800011828541
75.0,62.776000244170426
73.6,56.75400007918477
72.2,57.88399999335408
70.8,55.72200008109212
69.4,54.61200013116002
68.0,52.888000124245885
62.0,51.492000052034854
60.2,49.69999994903803
54.2,47.607999985069036
47.4,45.103999920487404
41.4,38.08399992778897
40.6,36.49799995020032
37.8,33.13799988463521
31.8,32.025999902784825
25.4,36.12599977523089
19.4,40.44399966776371
16.0,44.62199966907501
10.0,45.06399995714426
4.0,45.59999993890524
1.4,44.51399997144937
315.8,200.77399877548217
314.4,194.779999332428
313.2,188.96599962234498
313.0,190.12199964523316
311.6,193.46599994659425
311.0,192.29399990081788
310.4,192.59599994659425
308.6,187.857999958992
307.4,183.22199959278106
306.0,181.3839998292923
304.6,180.66799961566926
303.2,175.27799957752228
301.8,180.76599958896637
300.4,176.83799923419951
297.6,164.91800026416777
294.6,167.06599954605102
293.4,162.8679998970032
290.4,161.22199991226196
289.0,152.91999982833863
287.6,148.4060001373291
286.4,154.42199966430664
285.0,148.57399974823
283.6,143.80799993515015
282.2,132.67000012755395
280.0,132.7380003106594
279.2,122.48000023245811
278.0,131.58800008177758
276.6,135.53600028395653
276.2,136.12800032973288
275.8,137.84200042128563
275.2,134.58600048422812
274.2,132.37399975180625
273.8,132.60599962592124
272.4,129.11799944281577
272.2,128.90199938178063
272.0,129.1619993054867
270.8,126.34799950361251
269.6,126.74199942350387
268.0,124.10399943113327
266.6,117.9239994597435
265.2,121.14599961996079
263.8,122.42199986696244
262.6,115.65000015854835
259.4,119.10399993538857
258.0,120.8859999191761
254.2,121.62200031518937
252.8,119.94200013160706
251.4,121.34600002288818
250.0,124.05399998664856
248.6,130.67400002479553
247.0,131.84199986457824
245.6,135.10200011253357
244.4,134.72600028991698
241.6,133.3700001449883
240.0,131.5260002823174
239.4,129.5300002785027
238.8,128.72200024798514
237.2,127.68400011852384
236.0,118.10000025585293
233.2,108.0960002155602
227.0,105.82200043201446
223.4,103.68200005531311
222.0,100.21000017166138
220.6,96.97000004723668
219.8,95.15000008538365
219.2,92.72600003197789
217.8,85.10599998429417
216.4,84.93199979543687
215.6,81.39199980497361
215.2,79.44799988508224
215.0,79.69799987316132
213.6,81.46199995756149
212.2,78.76200000822544
206.2,81.80399992376566
205.0,78.81599995553493
204.6,78.00599998533725
198.4,74.45400001108646
191.0,66.42400030761956
189.8,68.37600036889314
183.6,65.04200023591518
180.6,62.35000008523464
174.6,59.58599992632866
169.8,60.432000068426134
169.4,59.32200005412102
163.2,54.43800006732344
147.6,52.77199981704354
143.0,50.58399981409311
140.2,50.73999991327524
136.0,49.919999867528674
130.0,46.891999953836205
124.0,44.22999997958541
121.2,43.20199998006225
120.6,44.080000020116564
119.8,43.785999998301264
113.2,41.867999964207414
112.8,41.04999991938472
111.4,41.91999992892146
108.6,39.23000006079674
105.8,38.28999997496605
99.2,39.435999972820284
98.0,39.37799996137619
95.2,39.6459999512136
90.8,39.8999999384582
89.6,39.04199987456202
89.0,39.101999874562026
83.0,39.999999763071536
80.6,38.04799973279238
77.2,39.185999739021064
71.2,39.10399977862835
65.2,35.77999960690737
63.8,34.61999962240458
62.0,34.299999749958516
61.6,34.747999801933766
60.6,34.747999801933766
60.2,34.747999801933766
59.6,34.67599981576204
58.2,35.88599985390901
52.2,37.01799987584352
45.4,38.23599988013506
44.2,37.21999985009432
43.4,36.43999988183379
40.0,37.76600005879998
34.0,36.24799994006753
28.0,33.26200003787875
27.4,33.26600003808737
26.0,32.594000003635884
25.2,32.426000006496906
19.0,31.304000020325184
17.6,32.38800003319979
16.2,38.74800023972988
14.4,31.216000016480685
9.0,29.14599997356534
3.4,28.759999952614308
2.8,28.759999952614308
57.4,108.67400014370679
54.2,107.15799985766411
50.8,93.66199999511242
39.8,97.0900003284216
34.2,87.70400034844876
30.2,91.0980003029108
25.6,79.82600011944771
25.0,79.27200023770332
24.4,79.21800024151803
24.0,79.21800024151803
18.0,77.53200030684471
11.8,75.68400016322732
5.8,70.57200016453862
316.4,184.27999988555908
315.2,184.18999988555908
313.6,179.07000011444092
312.2,179.31600019454956
310.8,185.05000035762788
309.4,182.6020003271103
308.0,182.4660000371933
306.0,183.98200004577637
304.8,182.21999992370604
303.8,182.4540006637573
302.6,179.59400083065032
301.0,181.39400060176848
299.6,177.9640001821518
296.8,181.95799996852875
295.6,185.71599954128266
293.4,183.94599946498872
292.6,187.1579997253418
291.2,189.43599975585937
289.8,192.93399978637694
288.4,192.30599990844726
287.0,194.49600002288818
285.2,192.50399959564209
284.4,188.62199970245362
282.8,180.25399990081786
281.6,173.27000003814697
280.0,167.02000003814697
278.8,163.6180001449585
276.0,171.61399967193603
273.8,170.8739994430542
270.4,180.67999938964843
269.0,176.98199924468994
267.6,176.77999870300292
266.0,178.6739988708496
264.8,174.28599899291993
263.4,176.03799919128417
262.0,176.9399995803833
260.6,171.6019995737076
259.2,167.68799963474274
258.2,164.87399954319
252.2,165.96399941042066
246.2,157.30599923685193
239.4,136.72200000882148
231.0,141.03000052809716
229.0,123.01000079751014
227.4,120.81000079751014
226.6,120.5500005686283
223.4,127.49200042247772
223.2,125.43000060558319
220.4,119.17000062182545
219.2,118.82400056838989
212.2,114.63600082397461
206.2,113.94800049975514
200.2,107.05200034812093
194.2,102.7160002489388
191.6,103.64800009921193
187.2,95.11000017359852
183.4,91.42600007250905
177.4,85.54800016596913
171.4,75.49800025090575
170.6,75.26800021275878
164.6,74.96599991425872
163.2,74.92399996384978
157.2,76.38999968513846
154.0,76.6579995559156
149.4,71.42399967297912
147.2,72.36999955281615
145.0,73.599999576658
144.0,71.71999958619476
143.8,72.08799961671234
137.8,66.81999991282821
132.8,69.43800008133054
126.8,65.7940000577271
120.6,63.60200013652444
112.8,62.58999992966652
108.8,63.24599993392825
102.8,59.97599988624454
101.8,62.02399998724461
95.8,56.173999858498576
89.8,57.35599982365966
88.4,55.751999730318786
86.4,56.30999976083636
80.4,54.201999646276235
76.4,54.52599961951375
74.4,53.16799964770675
72.6,55.085999588519336
72.4,55.085999588519336
68.2,52.19399989873171
65.6,53.24799992382526
59.6,52.091999820321796
58.4,52.99199981078505
58.0,53.067999816983935
55.8,52.94399981841445
51.6,48.97599990099668
50.2,47.9579999384284
36.2,47.9579999384284
30.2,44.492000064402816
28.0,45.22200003862381
26.2,45.79400009393692
22.2,42.91200006633997
19.4,40.05600010544062
18.8,40.050000135004524
13.4,33.9780000975728
8.4,33.67800025805831
7.0,33.66400026187301
5.6,32.99800021037459
5.2,32.99800021037459
316.4,241.78000030517578
311.6,243.7760001373291
306.0,243.75400001525878
281.8,242.936000289917
278.2,242.936000289917
275.4,244.38200019836427
274.4,247.33799980163573
272.8,247.48999954223632
271.4,251.47999938964844
268.8,243.3599991607666
267.2,245.6419992828369
266.0,237.31599964141844
264.4,232.00999969482422
263.0,232.61800010681154
261.8,228.6240002822876
260.4,216.60200004577638
259.0,207.97800006866456
257.4,183.53200038909912
256.0,180.9100008392334
254.8,180.21200050354003
253.4,181.4280005645752
252.4,176.75000030517577
251.8,176.12200019836425
250.2,174.9600005722046
249.0,172.7180001449585
247.4,175.6480002975464
246.2,168.83200004577637
245.0,168.62200019836425
243.0,166.91600030899048
242.2,166.8800002479553
239.4,163.11399976730345
239.0,162.0419997215271
238.4,161.91599996566774
232.4,175.1120001602173
231.0,170.05400035858153
229.6,178.58600036621092
228.2,172.84800029754638
226.8,174.4780002784729
225.4,172.57800004959105
223.6,170.66999994277955
222.6,172.1199999809265
215.2,155.99400005340576
212.8,157.47199989318847
206.8,150.2359993982315
205.2,147.88399961948394
200.0,131.93600013449787
199.8,132.08800018027424
192.8,120.80199998572469
186.8,117.05000042393803
168.6,115.21600034713745
162.4,109.93599985122681
159.6,99.84800029233098
153.6,82.89999996379018
147.6,78.5020003452897
141.4,102.95399995833635
135.0,70.37000012308359
130.2,68.80600038796663
128.4,70.60200043469668
122.4,73.49200015097857
119.8,72.88800004184246
113.8,68.71199993401765
107.8,64.22999977350236
101.8,60.15399999275804
95.6,59.33800024747848
93.0,58.36600009202957
92.2,58.5820000076294
92.0,58.49400000572204
88.0,53.97800030231476
87.6,53.59800028324127
81.6,55.59000019967556
79.2,53.74600024357438
79.0,53.23800016537309
76.6,55.40000020876527
74.0,54.88600021496415
73.4,54.516000123471024
67.4,50.95600028783083
58.8,48.66199983909726
49.0,45.16999982863665
48.6,44.30599979788065
42.2,37.82199992224574
36.2,41.40199987754226
28.8,40.52599999651313
22.8,38.461999898254874
16.0,35.16399991542101
224.4,139.1060002708435
223.4,135.69600034713744
222.4,129.8380002975464
221.4,130.06400020599366
220.4,163.48999938964843
219.2,124.68800003051757
216.2,121.34000007629395
213.4,123.31999995425343
210.6,123.11999979406595
207.6,127.27999990850687
204.8,135.36599993139507
202.0,143.18399951174854
199.2,147.52999925807117
197.0,132.79799956336618
195.8,124.49600004389882
193.8,123.85000011637807
190.8,120.23400011971593
187.8,117.67400004342198
185.0,118.70599970340729
182.2,116.02800011038781
179.2,117.96200036287308
176.4,115.76000024437904
173.6,115.91600005745887
170.8,110.6720000270009
167.8,115.48000028640031
166.8,111.77800004988909
166.6,111.55800012618303
163.8,107.037999830544
161.0,105.72199977993965
158.2,103.0160002064705
155.4,102.25800036147237
152.6,93.9520003028214
149.0,90.38399987131358
146.2,87.731999976933
143.2,86.65799998134375
137.6,82.35599971413612
134.8,77.85799977138639
131.4,67.97399971321225
130.8,67.97399971321225
114.6,66.45399977758527
108.4,65.01399982526898
102.2,57.01600014925003
96.2,54.950000195503236
88.6,53.56400015980005
82.6,54.27200004771352
62.0,57.51599990189075
53.4,62.55999980404973
51.6,55.77599995285273
43.6,52.41399974897504
36.6,48.89399980008602
18.4,43.70999995395541
6.4,41.84200009912252
144.4,97.30200030565261
144.2,97.10800030946731
138.4,88.86800036311149
132.6,92.5740003991127
124.0,95.31400023296476
114.6,89.82600011661648
114.2,88.77000004604459
110.8,89.0200000114739
104.8,82.2940001411736
100.6,76.81800005748867
100.0,77.04400008037686
93.8,78.11999985203147
93.4,78.86399979099632
92.2,79.14399976760149
89.6,80.7019997599721
86.8,81.04999997407198
82.4,81.97599999696017
73.8,82.58399989396334
70.0,82.4699999549985
65.2,85.42599994540214
59.2,73.85000001221896
53.2,70.91799996003509
47.2,63.77199988275766
40.6,60.008000015318395
38.6,56.11200024232269
32.6,44.53600008144975
26.6,42.03800003424287
20.6,38.57400011986494
19.6,38.56400012463331
16.2,37.30200000748038
10.2,32.22600001528859
7.2,31.416000044941903
4.0,28.954000006318093
0.2,26.859999863803388
174.2,154.23399950027465
173.6,172.52599990844726
172.8,171.6059997558594
168.6,173.89399978637695
163.0,140.09599962234498
156.8,153.63199977874757
153.4,140.51799980163574
152.2,133.59199968338012
151.0,131.45199991226195
145.0,124.67599997520446
141.8,129.1679995250702
129.8,125.59000034332276
124.2,118.4360008251667
118.2,114.60800074219704
105.8,117.55000029802322
99.8,113.56599989652634
93.8,107.86399999260902
87.8,95.47400008559227
82.6,97.00800009846688
76.6,89.98399953782558
71.2,81.78600000202655
66.8,75.50000014603138
66.6,75.50000014603138
60.6,75.99000001460314
59.6,75.80400014787912
58.8,74.67800046473741
53.2,68.70200044870377
47.2,60.524000386893746
41.2,57.658000412285325
35.0,56.96600031018257
29.0,53.284000132232904
23.0,51.64399998024106
20.4,52.22999985679984
14.0,49.62199990227818
8.0,48.43599993392825
6.6,46.54199987098575
0.8,41.101999894976615
222.8,224.34000030517578
221.4,200.0379997253418
219.6,224.6940001296997
217.2,216.4599997329712
215.6,205.79199966430664
214.4,202.84000007629393
212.6,192.5799994277954
211.4,191.99799942016602
210.2,185.4559996032715
207.2,190.58599990844726
205.8,184.98200023651123
204.6,183.03400016784667
203.2,185.2959998703003
201.6,176.846000341177
200.4,175.95000045180322
199.0,166.22000058174135
197.6,167.9560004901886
194.8,170.06800048828126
193.4,167.34400047302245
192.0,166.5140006828308
190.6,164.40800050735473
189.0,159.2020003890991
187.8,159.2180002784729
187.4,160.05400033950806
186.2,164.24200018882752
184.8,165.82800017356874
183.6,171.09799988746644
182.2,185.02600044250488
180.8,164.19200013160705
179.2,166.6660005235672
175.0,174.03000036239624
174.0,171.7560001564026
173.8,172.6400002861023
172.4,162.80199987411498
171.8,162.79199983596803
171.6,160.86599969863892
171.4,160.50999979019164
171.0,158.26799978256224
169.4,154.8500000858307
168.2,153.645999956131
166.8,150.1999999189377
165.4,152.10800006389618
164.0,153.26199980258943
162.4,153.07799971103668
161.2,162.30999958515167
159.6,162.16400015354156
158.4,163.09199989795684
156.8,162.40000013828276
155.6,153.1619999742508
154.0,151.4219998216629
152.8,151.19599974155426
150.0,154.15799980640412
143.2,152.66200006961822
140.2,157.57999995708465
138.8,157.68800021648406
132.0,158.80200053691863
131.8,158.21600047588348
130.4,159.76600071907043
129.0,156.6220007801056
128.6,157.10600071907044
128.4,157.10600071907044
122.4,134.73800058364867
115.2,126.25200049638748
108.2,118.18400052309036
102.2,108.58000051558018
101.8,107.57000045835971
95.6,90.87000011608005
94.8,88.72999984666706
94.2,89.40999975129962
89.0,88.77200020939112
87.6,90.37800004869699
81.4,89.99000017702579
75.4,84.29600015699863
69.0,80.13800008744002
63.0,76.04999998733402
57.0,76.58200011268258
50.8,79.23799981504679
46.4,72.81200005084276
45.6,71.84400005847216
39.6,64.12000006943941
33.6,65.13799994036555
27.6,63.460000019818544
21.6,54.66399992659688
15.6,52.356000053435565
9.6,49.704000070840124
6.8,47.46000016048551
4.2,46.82600016668439
3.4,46.35600015476346
3.2,46.682000177651645
0.6,44.192000134438274
0.2,44.13000014588237
274.4,153.2519998665154
268.2,159.11200004577637
261.8,156.79199974060057
256.2,149.85200019836427
254.8,145.82400033950805
254.6,145.28600030899048
248.8,124.20800031855703
241.2,117.04199966296554
238.4,123.34599993184209
236.0,114.22000010490417
233.8,101.91000009417534
227.8,107.59600034713745
221.8,109.37199958324432
215.8,106.27799914836883
209.8,97.36199979305268
208.4,94.82799986839295
202.4,91.80600009918213
198.6,90.98399992093444
194.2,76.84599973604082
193.2,80.64399965405464
187.2,65.36000012665987
181.0,70.37400005295872
169.4,71.03599991321563
163.4,77.28199970901012
159.4,74.0019995713234
157.6,73.96799964904785
155.4,72.52599961906671
148.8,66.89599981993437
142.4,56.44399984076619
136.4,52.04399995625019
130.4,48.71399975448847
124.4,49.51799985766411
121.8,47.659999961853025
117.6,39.816000032424924
117.4,40.04800001144409
116.2,41.04000001907349
110.2,34.35800009727478
101.4,33.08200002789497
95.4,34.0319999268651
89.2,33.428000027388336
83.2,34.06399993687868
78.0,29.34399995431304
77.4,30.004000028222798
75.6,30.980000067800283
73.4,31.934000004827976
72.8,32.64599997237325
69.8,31.926000047773123
63.8,31.983999959081412
43.8,28.72199995711446
41.8,29.563999925404786
37.0,28.495999932587146
33.6,27.135999952852725
25.0,24.508000045716763
22.0,22.93800007045269
10.0,23.347999995350836
8.2,23.545999955832958
7.0,22.908000024557115
6.8,22.908000024557115
1.6,23.09200005531311
143.4,182.03799924373627
142.8,180.61399953365327
142.4,178.99399976253508
136.0,196.6220011138916
129.6,190.07200023651123
123.2,191.4500007247925
116.8,186.0680002593994
114.6,181.10200000762939
114.0,180.00200019836427
108.4,168.25400007247924
97.4,148.77200006484986
91.8,141.98000041201712
85.4,147.01999976158143
79.2,129.04600011065602
73.8,125.12600013926625
73.6,125.12600013926625
71.4,120.99999969869852
70.8,119.6319998510182
69.0,120.17000009134412
66.4,107.15000023826957
63.8,115.84200025349855
57.6,118.65799995929002
51.6,119.19999989300966
45.6,111.22200000718236
45.4,111.55600002244115
39.4,103.9520006711781
33.0,105.0000002939999
26.0,95.39800021946431
20.0,84.06400012791157
18.2,83.82600035488605
12.0,87.20600030720234
5.8,87.14400032639503
2.8,78.09800010800362
1.4,79.91200012922287
1.2,79.91200012922287
173.4,112.37600006967783
163.2,110.84799937486649
157.6,115.06000014424325
152.0,106.94400042533874
149.2,104.7460002464056
146.4,97.68800060987472
144.0,94.08400015592575
143.8,93.26000016927719
141.6,87.1360002207756
138.8,94.89800035104156
138.4,93.86800034150481
135.6,91.12600016146898
134.4,91.62800009950996
131.6,90.20600013121962
128.8,79.25600008413195
126.0,68.82599999204278
123.2,66.91999995186924
123.0,66.91999995186924
122.8,68.06599998235703
120.4,68.76999997079372
118.6,66.66800011098385
115.8,67.75400025635957
113.0,73.3480006852746
110.2,69.50600033938885
107.4,70.06600030601025
101.0,64.8140003246069
83.6,66.35999993756414
75.0,60.21999995648861
59.0,59.28200012385845
40.0,50.316000287234786
33.2,44.278000033795834
32.0,43.45600015491247
15.4,39.80000009343028
2.0,35.00399982720614
0.8,35.589999813139436
197.6,139.63800028324127
191.2,131.3240000653267
190.0,127.49000007390975
184.4,130.06399975538253
174.8,112.2919993531704
169.2,108.60199994325637
163.6,100.05400026708841
162.6,99.73200029730796
159.8,101.02800023794174
157.0,91.20599968671799
156.0,91.77999975919724
155.8,90.62599979162216
154.2,96.45200001478196
153.8,93.46600000441074
153.4,98.29400006949902
151.0,93.69799978792668
148.0,88.31200000822544
145.0,82.15399992525577
143.8,81.40599991381168
141.0,81.15000002324581
138.0,78.93400008141994
134.4,78.36800005197524
128.6,73.15799991801381
125.8,68.62200015261769
123.0,64.6100001616776
120.0,64.32600026711822
119.2,64.3320002900064
116.2,68.83000008285046
115.0,68.55400009810924
113.4,67.9180000256002
113.2,65.67000007584691
110.4,68.20199973285199
107.6,67.28799969851971
104.8,64.84999974906445
99.2,60.985999625325206
93.2,61.92599982246757
87.2,59.83399998322129
83.6,57.722000103741884
83.4,57.544000104218725
78.2,53.06600003033876
77.2,53.06600003033876
75.0,53.06600003033876
72.4,52.03400001913309
72.2,51.69399998098612
71.2,52.51799995809793
65.6,46.1920000270009
62.6,47.80000007659197
61.0,47.496000070869925
55.2,42.61600009590387
54.0,42.38600009188056
51.2,40.43400009542704
45.2,38.784000026285646
39.2,38.343999920934436
35.2,36.4079999871552
31.8,36.4619999678433
28.2,35.191999858617784
28.0,35.191999858617784
26.0,35.263999828100204
20.0,36.979999842643736
16.6,35.48399988874793
10.6,35.156000050753356
8.4,36.18600002452731
3.6,32.30200002774596
2.2,32.19800001248717
1.4,32.19800001248717
1.2,32.19800001248717
50.4,129.84800023078918
44.4,130.6760008096695
44.0,130.18600062847136
43.8,130.29200053691864
37.8,122.20400103569031
35.4,115.25600101351738
30.2,113.50400066375732
23.8,94.77000032618642
23.2,90.18400017216801
23.0,90.49400026753545
22.2,93.48000017121434
19.6,93.086000443995
7.6,89.21800043821335
1.4,83.02200036793947
202.2,176.01799955368043
196.0,151.18200016021729
192.8,152.80600017547607
192.6,155.06399997711182
190.2,152.06799987792968
185.4,151.5020000743866
184.0,147.04000041007995
178.0,138.3039998075366
171.6,130.99999990165233
165.6,124.1799995827675
159.6,121.45599967956542
153.6,119.25000020980835
147.6,111.61000011444092
143.2,116.8299996471405
140.8,110.64599982976914
138.0,103.72999989271165
132.2,102.43200025081634
122.2,89.12200007945299
110.2,86.58200043588877
104.2,78.06600007921458
98.2,78.85800019174815
94.8,69.63200041428209
88.8,58.6499999769032
82.8,57.39399995267391
80.2,55.86600001275539
74.2,56.53199999988079
68.2,55.54600000917912
62.2,51.310000020265576
56.2,48.149999822378156
50.2,43.17599980667234
44.2,43.21999971389771
39.8,40.90599992230535
37.4,39.05399989515543
37.2,40.99999992564321
31.4,32.82199989899993
25.4,26.153999853730202
19.4,22.398000059276818
14.4,20.468000011742117
8.4,17.317999992072583
50.2,164.69800023555754
48.0,159.97999997615815
42.4,162.2640006828308
36.4,150.17200005725027
35.0,147.10799994662403
31.4,143.59199992194772
25.4,144.96599970534444
18.8,141.6859997959435
13.8,127.43000006273388
7.6,133.2340001066029
1.6,119.9019999742508
139.0,173.61600057601927
132.8,162.62400018692017
127.2,172.85000038146973
118.2,165.90000026702882
112.6,149.13399975016713
107.4,148.7640000858903
106.4,150.44600018888713
100.4,130.32400027662516
94.4,121.32599971964956
88.2,120.61999990656972
84.8,115.8860000629723
84.0,119.97000010684133
83.2,118.60999995425344
77.0,114.04599973276258
71.0,112.22199984431266
65.6,102.9460003912449
60.0,95.90000025510788
53.8,95.67399997472764
49.8,97.18400016546249
47.6,91.13199999094009
41.6,95.5340003502369
34.8,94.35000020742416
28.8,84.33999974563717
22.8,77.78599987506867
16.8,75.30999975144863
15.4,71.91599974572658
15.2,72.11199976861477
9.4,62.543999751210215
6.8,62.44199963629246
0.8,63.17799962893128
191.8,112.18200009346009
191.2,110.56000012397766
190.4,108.16200018882752
189.0,107.55400023460388
182.8,107.20999995231628
180.0,105.90400009632111
179.0,103.01200011730194
176.2,102.84800022795797
175.6,101.78000027373433
172.8,103.20000044971704
170.0,103.98800042301417
167.2,106.8700001397729
161.0,99.9700003555417
154.6,98.21600024849177
151.4,90.2340005221963
151.0,91.07800056606531
140.8,88.76000057846308
140.2,88.6160005632043
132.2,82.12600022107362
126.2,74.85400018721819
121.2,75.99200026154519
118.2,74.44400024414062
115.0,76.07800036072732
112.2,73.82200036287308
112.0,74.29200037837029
111.4,74.29200037837029
105.4,72.19400031358003
105.0,72.26000037461519
103.0,71.86800020247698
98.4,72.79799998968839
96.4,64.99799989432097
96.0,76.5700001963973
90.0,59.370000029206274
85.6,56.25799991503358
82.4,54.5539999344945
81.8,53.66999996691942
80.2,53.775999929010865
78.4,53.335999840199946
72.6,51.08399977475405
66.2,52.95199974566698
62.0,52.56199972659349
61.8,52.56199972659349
56.8,50.46199977010488
56.6,50.44399977773428
52.4,48.941999758183954
46.4,45.50199970155954
41.2,44.97399970561266
39.0,43.865999677479266
33.0,41.309999700188634
32.6,40.903999715447426
27.8,42.561999967694284
21.0,44.8759999756515
16.6,48.00400016218424
14.2,48.33400011688471
14.0,48.33400011688471
7.8,46.47800009056926
1.8,49.19000017344952
213.6,107.01000054076314
208.0,99.5540005274117
202.4,97.63600037693978
200.8,96.03000030636787
198.2,84.57000020980836
195.8,79.76200004577636
195.2,83.17000019073487
189.2,81.67999982357026
188.8,84.01799979686737
185.4,83.43799968957902
185.2,76.28399996042252
183.0,79.00399985432625
182.8,79.00399985432625
175.8,75.27600002408028
169.8,74.3580001193285
166.6,74.42399994075298
166.2,74.42399994075298
165.0,73.08800003618002
162.0,70.9680000063777
155.2,77.68000021398068
153.8,75.05600014150143
151.2,71.81600015103817
150.4,72.42800013720989
149.0,71.25000010669231
148.8,71.25000010669231
147.0,72.75000035822391
139.8,75.36600026667118
133.8,66.65400004923343
133.0,66.01000014841557
132.6,66.01800014078617
128.0,65.35200002849102
127.8,65.1220000332594
126.4,64.13400005877018
121.8,65.02600009322167
121.2,65.02600009322167
121.0,65.02600009322167
114.8,68.62999983727931
113.4,69.4839997714758
112.0,66.97199973523617
108.4,67.55799976289272
104.8,65.45599966466426
98.8,63.47199989452958
94.4,64.03999993398786
93.2,59.64799994543195
92.4,59.55399999037385
92.2,59.55399999037385
90.6,60.357999963909386
88.8,61.281999904066325
88.6,61.281999904066325
88.2,60.719999882131816
86.8,59.259999872595074
81.4,56.70399991944432
77.0,50.51599997162819
74.6,51.0619999563694
64.4,50.18199998110533
58.4,47.38800004541874
57.4,47.38800004541874
55.8,47.38800004541874
55.4,47.38800004541874
51.0,49.4139999344945
50.8,49.4139999344945
50.0,49.4139999344945
49.4,49.4139999344945
48.2,49.4139999344945
46.8,50.44399989634752
44.2,49.29199985057116
41.6,48.27599995240569
40.2,46.86599998101592
39.6,46.86599998101592
35.2,45.67999988898635
32.2,44.50199993118644
30.6,44.599999980777504
28.8,42.782000005096194
24.6,43.626000000089405
23.6,43.22600007638335
23.0,41.916000076383355
22.8,41.916000076383355
19.8,40.55200004443526
18.6,40.322000063508746
17.4,39.77800003677606
16.0,39.29800003677607
15.2,40.33200002104044
13.8,41.185999969542024
8.4,39.9399999538064
5.4,39.195999990999695
3.8,39.76999992996454
3.6,39.76999992996454
3.4,39.491999934017656
150.6,250.6999998474121
144.6,249.59000106811524
138.2,243.90800140380858
137.0,241.68400108337403
131.4,242.95800025939943
130.6,238.58200073242188
120.6,208.8320001602173
115.0,198.44200008392335
109.4,202.5760004043579
103.4,215.4820002746582
99.6,200.92599973678588
95.6,196.52199970245363
95.2,195.82599964141846
89.2,189.31999976634978
82.8,176.56400010585784
76.8,172.234000082016
76.0,174.01399993896484
70.0,164.34599967479707
63.8,161.16199954986573
62.8,153.1579995918274
62.4,153.50399957656862
56.4,151.31599989891052
50.4,143.16999991416932
49.0,136.12800053417683
47.6,131.78800028324127
47.4,136.17600019931794
46.8,136.17600019931794
40.8,135.63200008392334
34.6,128.7700000488758
28.4,122.44599982261657
22.4,115.08999989509583
12.4,103.10999974265695
0.2,96.86800053179265
141.0,114.80399974778294
134.0,108.99800038695335
132.4,111.04600014567376
126.0,105.15000002741813
124.2,101.81200012087822
124.0,101.81200012087822
119.8,102.47999992489815
113.4,90.9840001566708
107.4,99.76400059059262
101.0,92.34600053668022
95.4,100.90600059628487
94.0,96.85400049805641
88.0,95.76200032830238
82.2,95.21600051283836
82.0,94.00000057816506
79.6,92.59200021743774
73.6,84.16999983131886
67.4,79.08799988269806
61.4,72.28599986508489
60.2,74.06599983409048
57.6,72.80999988749623
54.4,68.34199978426099
54.2,68.1979997690022
47.8,67.12999993398786
43.2,67.2139998240769
37.2,68.19199982836842
31.0,66.60799996316433
26.4,68.46599979579449
19.8,66.10599979221821
19.4,65.45399978458882
13.4,61.70999984562397
8.4,61.07199982702732
2.4,58.87400002837181
123.8,178.10400020599366
118.2,180.23400094985962
111.2,183.2040003967285
105.0,178.92400104522704
102.0,166.98600086212159
96.6,154.28200073242186
90.4,158.29000050544738
83.6,151.0720004606247
79.8,135.83200028896331
73.8,130.53400027751923
67.2,133.4060005760193
61.2,123.06400053799152
55.0,119.358000305295
42.0,104.85400054171681
36.0,95.77000002503395
29.2,92.22600011825561
28.0,92.46200004577636
27.2,92.2859998512268
15.0,86.47199960470199
9.0,86.12200003385544
3.4,81.41799994930625
20.0,54.79199970811605
15.4,50.121999768912794
11.4,52.992000053226946
9.0,52.12000003546476
5.8,49.84400011152029
1.2,44.49399998709559
105.4,147.84400038719178
99.4,131.57799928665162
95.8,125.19200011253356
93.0,120.74599984169006
91.8,118.62399996757507
91.4,116.36199997901916
85.2,110.63200010299683
84.0,108.50000024795533
77.8,112.73400013923646
71.6,97.15000013113021
68.4,96.18400050878525
66.4,93.33800041913986
66.0,97.32000051259995
65.8,97.11000049352646
59.2,103.15000037908554
53.2,102.89600040912629
47.0,84.67000025480985
42.0,75.76400047302246
41.6,76.13000043869019
35.6,74.49800010025501
29.6,68.8860001268983
22.8,63.09000004604459
21.2,62.52000009164214
17.8,61.31800001814961
11.6,61.973999947309494
48.6,104.26200022295117
47.6,99.23600006654858
46.6,102.0340003156662
45.6,107.64600024938584
44.6,109.86800037145615
43.6,114.17800035238265
42.6,113.56600049734115
41.6,113.89800040960311
40.4,112.04400025129318
39.4,112.80200024366378
38.4,110.25200028896332
38.0,111.44600034236908
35.2,103.86400026082993
32.4,105.41600029230118
29.6,117.40600065737962
26.8,117.3820004323125
25.2,120.66200067549944
22.8,119.58000096634031
20.0,118.34000121906399
17.2,123.45800134256483
17.0,123.25600152567029
16.6,124.16000112891197
13.8,119.6400007390976
12.8,122.65600064754486
6.2,104.83400020122528
4.2,102.29400050997734
1.4,99.70000008165836
26.4,113.00000012040138
20.2,107.61000011742115
15.4,107.9800000077486
9.8,106.50999979496002
8.8,104.37799980640412
1.2,98.93999980211258
268.6,122.74400001168252
265.8,124.42999973416329
264.8,124.11999992489815
259.2,115.48800038158893
252.8,110.30800045385956
246.8,107.33000058546662
244.4,108.08800037577748
238.4,101.72600007653236
237.2,101.08600010514259
236.4,100.91800007462501
234.6,100.38200001716613
233.2,101.29800021052361
231.2,99.528000010252
231.0,99.528000010252
230.8,99.528000010252
218.6,83.65000036090612
212.2,85.01200062930585
209.0,84.36800039112568
207.0,83.25000026106835
203.4,80.83600016951561
201.6,78.91200018852949
201.4,78.91200018852949
198.2,82.4700001770258
198.0,82.4700001770258
194.2,79.47399998664856
194.0,78.62399996757507
188.0,83.27000003576279
187.8,82.95600003957749
187.6,82.95600003957749
187.4,82.95600003957749
187.0,82.95600003957749
181.0,71.64799993038177
177.2,69.8999998140335
177.0,69.87199985980988
171.0,66.85200001835823
168.2,70.98800001621247
162.0,76.15600022509695
154.4,74.1840003028512
148.4,74.60800033479929
144.6,72.12800036102533
143.0,69.87600031524897
139.8,64.27800008445978
133.4,62.07800011590123
127.4,54.32600036635995
126.0,53.9440001963079
120.6,52.62000026971102
120.4,52.11600021630525
114.0,53.68600018620491
109.2,50.654000160694125
109.0,50.654000160694125
104.0,45.56600016787648
101.0,42.620000128746035
100.8,42.15400013685226
100.6,42.15400013685226
94.6,42.39200005292892
88.6,46.531999944746495
88.4,46.531999944746495
81.4,49.28399989038706
75.0,43.546000007241965
70.4,43.63999991208315
64.4,42.399999902546405
61.8,43.51999993115663
56.8,40.085999922454356
54.0,37.80599994018674
52.8,37.80599994018674
46.8,35.73799990966916
44.8,36.325999868661164
44.4,36.325999868661164
38.4,36.34400001838803
34.0,34.656000031679866
28.0,30.36200002193451
23.2,31.172000054121018
17.2,32.66800004035235
11.2,29.57800003066659
8.6,29.354000053554774
8.2,29.354000053554774
7.6,29.354000053554774
7.0,29.196000068038703
3.2,29.496000119447707
151.4,154.3479999923706
151.0,154.94199993133546
145.0,146.24399974822998
139.0,141.64400049209596
137.2,138.15999979019165
124.8,119.76599969506263
118.6,120.39999959945679
117.6,123.63799966812134
112.6,118.24999990582467
112.2,118.14199995160102
89.8,98.91799978256226
85.0,99.05999979019165
66.4,83.09799945667386
64.0,86.19599959924817
50.2,78.26599973082543
49.8,77.37999972701073
27.0,65.78800015926362
7.4,58.011999879330396
216.4,74.91199996322393
202.0,62.422000035345555
201.6,61.04000001102686
201.4,60.65200006037951
200.6,61.11000006526709
195.0,60.564000118523836
187.6,62.42400008514524
183.6,61.90599989891052
175.4,60.50599965572357
175.2,60.78799966335296
174.8,60.671999707221985
171.2,57.319999718666075
158.6,51.13199968665838
154.8,46.69999984771013
148.8,51.012000042200086
144.6,46.02200000524521
142.8,42.241999968886375
141.8,42.175999984145164
139.4,34.286000012755395
136.6,30.869999965429304
136.2,30.869999965429304
134.4,28.93999989539385
125.0,23.71199988976121
122.8,24.355999887138605
118.8,25.805999798625706
110.8,25.06399980813265
105.2,23.305999871194363
103.4,23.61999989837408
101.0,23.81799990594387
99.8,23.655999909043313
97.0,22.805999918580056
96.0,22.699999914765357
95.8,22.699999914765357
94.6,21.437999886274337
93.8,21.295999884605408
93.6,21.295999884605408
88.2,21.23599994331598
88.0,21.23599994331598
84.0,21.297999946177004
83.0,21.101999923288822
78.4,18.301999977082016
74.4,17.843999978005886
73.6,17.613999986350535
63.2,18.358000036627054
60.2,18.242000029236078
56.8,17.346000005453824
55.8,17.26000002667308
52.8,16.50800003811717
52.6,16.252000022381544
50.6,15.530000045448542
50.4,15.530000045448542
50.2,15.516000030189753
48.8,15.332000029236077
46.0,14.922000035196543
45.8,14.922000035196543
41.8,16.6340000282228
40.8,16.63600001677871
39.4,16.574000018686057
38.6,17.633999993652104
38.2,17.633999993652104
34.6,16.953999985307455
31.2,16.49199997767806
31.0,16.49199997767806
26.2,15.833999981880188
26.0,15.833999981880188
25.6,15.737999987602233
24.2,16.184000034332275
22.6,15.616000069379806
21.2,15.652000069618225
18.6,15.230000054389238
17.0,15.214000069499015
16.8,15.206000058054924
16.6,15.024000055193902
16.4,15.024000055193902
15.8,14.966000053286553
15.4,15.056000053286553
8.8,14.684000044614077
7.8,14.830000049620867
7.4,14.830000049620867
6.8,14.830000049620867
6.6,14.830000049620867
5.6,14.830000049620867
4.6,14.830000049620867
4.4,14.830000049620867
4.2,14.830000049620867
2.6,14.6880000372231
2.2,14.834000039100648
1.4,14.834000039100648
0.2,14.86000003695488
28.2,169.41199935913085
24.6,153.1159996032715
23.6,153.76399951934815
18.0,154.76399948120118
11.6,143.48799970507622
9.8,135.53999971270562
3.8,108.42199933171273
137.4,94.69000023245812
134.4,89.29600034356118
130.8,88.06000026732683
118.2,94.91800064474344
117.6,94.19600058943033
112.2,91.98200031489134
101.4,88.18000031977891
99.8,87.13400030165911
98.0,87.71200019866228
93.8,87.15800027877093
90.0,83.964000287354
89.4,83.964000287354
76.0,79.42399999916553
72.0,79.92800023376941
65.8,91.9280001360178
53.4,90.02199958592654
47.6,85.45199945479631
39.0,83.2639998935163
37.6,83.63399978622795
36.6,83.37799987778068
35.6,82.74799988493324
31.4,81.89799981102347
27.0,81.90199972242117
20.0,74.95999992698431
11.2,72.46199990361929
8.8,74.50599994987249
8.2,73.66799991935491
2.0,73.59999985158443
133.0,92.70999995827675
127.6,80.2639999127388
127.4,80.2639999127388
115.4,82.58600006580353
103.6,87.45600013017655
90.0,70.41200019001961
75.6,60.41000015377998
75.2,60.486000205278394
61.8,63.73000031709671
46.4,67.30000006318092
46.0,67.0860000860691
22.6,47.19999995931983
22.4,46.39199992880225
7.8,46.2600000526011
128.4,67.36199974536896
123.8,66.47600016951561
123.6,66.47600016951561
119.4,65.20400007367134
113.4,66.18399998784065
111.0,60.801999839544294
108.4,56.37799963533878
102.4,63.22199989825487
96.4,59.632000085115436
94.2,60.583999956846235
91.6,59.41600026369095
85.6,60.21600012093782
79.0,64.398000010401
78.8,64.398000010401
74.6,74.50399988606573
71.2,74.7479999910295
69.4,77.17999995872378
67.0,73.99400008961558
63.0,73.56800007417797
61.6,78.55400012388826
55.4,77.77400011241436
49.4,79.65400021106005
43.4,76.3060002425313
39.6,77.85600020676851
38.6,78.85200017243623
36.6,77.43000007301569
30.0,73.95000024884939
25.8,70.59800022363663
24.4,72.2240002965927
21.2,72.43600044816732
15.6,71.6280003760755
15.2,71.6280003760755
9.2,65.83400048017502
3.2,63.42000037670135
127.8,190.91800012588502
125.0,185.8340010213852
122.2,176.11399971723557
110.6,175.83199990034103
107.8,169.19799990415572
105.0,166.05599962949753
102.2,167.59799990415573
96.2,165.06800139144062
89.8,152.882000605613
84.0,144.24800086691977
81.2,139.67000097185374
79.4,135.18400091081858
76.8,122.45600047975779
74.0,120.88400052219629
71.2,128.47400021269917
68.4,126.4900001898408
65.6,139.88200004011392
60.0,134.33000004023313
57.2,131.85199946016073
54.4,126.82799925401807
51.6,137.34199934065342
48.8,137.79999913811685
46.0,137.6399989283085
42.4,129.4779989850521
39.4,127.641998847723
36.6,124.84799909949302
36.2,125.28999906897545
33.4,118.91799929976463
30.6,115.77399968028068
27.8,115.8059998178482
22.8,115.03599977970123
20.0,112.16399946689606
14.4,110.85799940109253
11.6,113.12799944594502
8.8,102.42599982261657
8.0,101.28199984550476
6.8,102.67799998283387
4.2,91.02599986314773
3.8,90.89199982881546
1.0,89.8539997291565
251.8,165.93999977111815
245.8,167.29000009536742
240.0,169.24199966192245
234.0,134.89999919250607
230.0,154.03799946784974
223.8,147.87599995613098
220.0,130.65999993622302
219.2,131.45399995148182
213.2,126.09399974837899
212.0,124.14799957767129
206.0,122.96599981501699
205.2,119.05199987605214
204.8,117.55799970820546
202.0,113.61200004294514
196.0,115.41600029185415
189.8,109.66000005006791
189.2,109.57800008058548
183.2,103.01199986219406
177.2,100.67200006008149
173.4,100.05200006783008
173.2,99.67199993431568
172.6,100.74199988901616
172.4,100.65399993479252
166.4,95.70999980270862
160.4,91.53000011026859
154.4,90.69399998188018
148.4,81.30600012809037
147.6,76.48400017768145
147.2,73.02600014716387
141.6,71.90599980428814
140.6,71.9059998615086
134.6,62.55799994185567
131.0,63.039999971985814
125.0,60.837999935150144
120.8,63.996000069379804
120.6,63.87200005412102
120.4,63.87200005412102
117.8,65.74400008440017
111.8,61.05399990528822
109.2,62.123999924361705
108.8,62.123999924361705
104.0,63.07199997395277
103.6,62.29799994438886
98.4,57.59199992522597
96.6,54.76799987182021
96.4,54.76799987182021
94.2,51.93799991667271
92.6,51.69599995672703
90.0,50.2860000616312
89.4,50.95999999299645
83.4,46.28400017634034
74.8,43.738000081181525
68.8,42.266000135838986
60.8,39.72200004741549
54.8,39.56400006651879
53.0,38.8680000770092
48.0,37.70600024864078
44.8,38.54200034454465
38.8,37.40200014919043
35.2,33.44800011128187
34.0,33.18600009888411
33.4,33.18600009888411
31.6,33.18600009888411
29.2,34.35000005081296
25.4,33.57199999302625
22.2,30.556000001877546
21.6,31.04399998471141
21.0,31.081999948471786
11.0,31.721999963670967
5.8,29.48399990350008
4.6,29.847999911159278
1.0,34.11800003007054
0.6,30.055999931693076
38.0,95.89400026321411
32.0,83.46200033187866
28.2,82.75200030758977
26.0,80.93000011831522
25.8,80.93000011831522
25.0,81.82999991610646
19.0,68.87600000247359
16.6,69.04000009402633
10.4,72.20000007599592
4.4,66.49800021156669
150.0,125.4719999152422
144.0,129.57600030481817
140.2,118.53800014078617
136.0,128.4100001603365
134.6,129.91000023663045
128.6,134.14600010693073
125.2,132.5620005208254
119.2,118.82199959293008
112.6,125.35799942031502
112.2,128.24199934735896
105.6,108.28199961423874
101.6,111.95199975013733
100.6,113.28399971961976
96.8,113.6680000925064
93.6,113.81400012493134
92.6,110.9280000448227
86.6,107.17400050640106
80.4,106.54600005149841
74.2,105.9659998524189
67.4,112.41999952316284
61.4,109.89399983227253
60.6,108.17799977123737
54.4,112.02799954235553
48.0,104.09799946129323
41.0,99.81799959480763
35.0,99.50399987637996
31.2,100.75599982261657
29.8,102.90799997329712
28.6,104.28399989128113
25.8,105.28999975323677
23.8,107.50399995565414
21.0,98.83800025224686
16.0,90.36200041055679
15.8,90.47400051832199
9.8,86.48000035524369
3.2,83.25399988174439
21.6,126.62199989318847
16.8,122.43799977779389
14.4,121.015999751091
5.4,123.78799980103969
0.4,115.88599996387958
49.0,123.76599976539612
42.8,122.53800060272216
41.2,122.25600037097931
34.2,124.96000034332275
27.4,107.99200048208236
21.4,116.45799990415573
15.2,114.26400016307831
8.4,106.7919999730587
3.0,111.55800006628037
68.2,93.98599978208541
63.6,89.15200028181076
60.2,87.89200038909912
53.4,86.5160003900528
49.2,85.98400031805039
48.8,85.98400031805039
43.6,86.048000497818
39.8,75.26400025367737
36.0,74.85400027632713
31.4,77.30600010514259
30.0,74.69800021365285
27.2,83.44399974063039
22.2,82.2800000281632
21.2,80.79799996092916
8.6,82.18800040081143
7.4,79.86400034785271
194.8,100.5339999961853
186.8,90.92600001096726
186.6,89.79000000715256
178.8,82.55399980306625
173.6,89.6399997651577
172.8,89.88399997115135
167.4,83.79400016546249
165.4,83.57200014710426
156.2,76.95600023776292
147.8,78.44800020098687
138.0,70.53399986475706
124.2,67.33599964857102
122.6,63.97199961066246
118.4,65.59399975657463
111.4,64.80400011867285
107.0,65.56200005978346
104.4,60.63799985960126
102.2,62.70000010222196
100.4,56.62000022903085
97.8,58.08600018441677
96.2,59.54600018680096
93.0,52.64999995142222
87.0,49.03199991136789
84.0,48.66999977454543
81.8,49.80599989801645
78.4,48.65599992439151
77.0,48.28199990674853
72.2,45.08399999901653
71.6,44.35399998947978
66.6,41.637999979406594
60.2,38.681999944597486
55.8,38.681999944597486
43.8,35.33199987471104
40.2,31.589999913573266
37.4,31.96599989950657
25.4,31.25199978083372
23.6,30.993999788463114
14.4,27.775999964773654
12.6,28.165999972373246
4.6,27.952000031024216
2.6,27.432000065594913
2.4,27.432000065594913
0.4,27.32200003787875
238.8,168.44400040626525
233.0,160.08200018882752
232.4,159.03000021934508
226.2,160.96599998474122
220.2,149.24200023651122
214.2,145.49599992752076
212.2,143.26000017166137
206.4,157.12600030899048
204.8,152.7020001411438
198.4,137.65400037765502
192.4,139.18799981594086
185.8,134.86599994182586
182.6,137.56599938869476
181.6,136.42399941921235
174.6,136.4640000152588
173.2,133.53000011444092
172.4,130.09000009536743
166.0,120.54800062179565
159.8,111.58000016808509
154.2,106.5220004272461
149.2,105.46600032806397
148.0,104.64400039672852
142.0,101.4800001192093
136.0,103.03199951291084
129.8,101.97400001347064
123.8,91.37400020897388
117.8,82.46400046348572
111.6,79.85600053697824
108.6,77.21200008302927
107.4,77.97999998003245
101.4,79.24600022614003
89.8,74.35400004863739
83.6,70.4639999449253
77.6,64.21600023895502
71.4,58.354000103473666
70.8,57.51600011110306
66.0,53.31800003051758
65.4,52.38200010493398
61.6,53.40400008559227
59.2,49.91800009965897
53.2,50.246000026464465
49.6,48.50199998557568
48.0,47.506000072956084
47.2,47.75600003480911
47.0,48.00200001955032
46.4,47.73999994039536
40.0,48.730000016242265
34.0,40.40999992832541
29.8,40.67199988976121
29.6,40.65599989071488
23.4,37.71999985948205
21.8,35.68799998387694
21.2,35.65799998387694
20.2,35.65799998387694
14.2,33.40999990597367
7.8,30.58999984756112
4.8,34.97399981871247
4.2,35.15999981299043
116.6,71.32199983090162
104.4,71.52400008499622
92.4,74.82200017571449
83.0,65.89199987068773
66.6,64.96799987718462
46.4,57.603999807089565
36.6,53.109999862611296
22.4,52.86199986383319
15.4,53.365999856442215
13.2,53.365999856442215
12.6,53.365999856442215
1.4,53.365999856442215
0.2,53.82799984112382
245.2,139.36600015833974
239.0,140.58999978020788
232.2,134.2819996447861
231.6,135.65399972870946
225.6,129.75199920535087
219.4,121.41999990820885
216.4,115.85000021100045
211.2,113.49000021100045
207.2,108.72600025653838
201.2,105.92600031495094
197.2,101.6040000295639
191.0,96.60800035506487
184.8,93.38000009566545
178.8,103.55600033044816
172.4,100.37600028276444
170.4,95.52400024414062
164.0,86.8399997162819
159.6,87.97999955892563
153.6,90.23399976730347
148.8,82.68799980163574
144.4,83.89800015211105
143.6,82.1880001103878
137.2,79.29800022482873
135.6,78.81800016522408
133.6,76.15800033211708
133.4,76.15800033211708
127.0,73.72200037419796
121.0,75.018000420928
114.8,72.39400038659572
114.4,71.79800037801266
113.0,72.07200039327145
106.8,72.19600029349327
100.8,67.1560001181066
99.0,64.0460000513494
94.6,67.84599998250604
88.2,66.067999971658
86.8,65.28600006461143
86.0,65.43400010943412
79.8,57.023999838382004
73.8,53.30799989774823
72.8,52.389999900609254
69.6,52.72599989131093
68.2,54.04399985313415
65.4,54.269999842643735
62.4,54.415999839752914
55.6,49.329999941587445
49.6,49.92599987566471
48.2,53.24999990448356
19.2,52.8079999230802
17.6,54.16599992737174
16.8,54.16599992737174
4.8,53.56799988463521
2.8,54.95199993520975
78.4,84.11199993923306
73.6,91.16799994423985
69.0,90.83799978837371
68.6,91.51399982556701
64.4,89.48999982357026
63.4,88.36800001382828
57.4,75.25200020983816
56.0,74.49600043132901
50.8,68.64800016835332
49.2,67.98000000432134
43.2,68.42599988803268
40.0,73.13599968150258
35.8,67.66999982893466
34.8,67.74599987566471
28.8,61.692000132203106
26.4,62.15799998819828
25.2,60.98600005924702
19.2,59.254000012874606
16.4,60.599999938011166
15.2,58.751999983340504
14.0,56.045999991446735
12.6,53.47399995282292
11.2,54.315999831706286
5.2,48.93199988603592
2.8,48.82199985742569
183.0,155.07400077819824
177.0,157.78999994277953
172.0,149.2659994983673
166.0,149.15799904465675
165.2,152.63199937462807
159.2,145.87599933624267
153.2,140.3359990465641
147.2,132.15799952983855
145.8,130.53599965572357
140.0,126.1900003004074
139.8,127.36600028514862
133.8,122.32200028896332
127.8,121.1440005159378
121.8,112.80200083971023
115.8,110.59400037407875
111.4,107.63600016236305
111.2,107.63600016236305
105.2,101.73200012803078
104.8,100.41600006699562
98.8,99.0919996893406
92.8,95.72399951010942
86.8,90.13999969899655
84.0,89.50599988251925
78.0,81.48800005227328
73.4,77.84600035935641
70.0,76.3540005043149
64.0,73.40200053483248
63.0,72.19000052720308
57.4,70.9700005748868
51.4,64.54200069308281
45.4,61.22000072836876
41.8,61.678000651597976
35.8,58.2820003759861
32.2,57.00000042080879
26.2,52.860000301599506
20.2,49.452000162154434
19.4,49.55600008204579
13.4,40.176000227481126
8.2,35.156000165492294
8.0,35.156000165492294
7.6,34.01800018742681
1.6,36.972000140696764
97.4,119.8119993031025
83.2,113.67200011372566
72.8,117.83799988508224
71.4,116.24799988508225
67.4,129.1299996984005
31.4,86.30999989748001
22.6,87.98800016403199
17.2,78.27400067806244
5.8,70.99400046348572
103.8,96.77200030326843
103.0,96.77200030326843
96.0,87.06400007605552
90.0,88.29999992489815
84.0,88.82399996876717
77.6,90.87599982738494
73.0,83.66799974441528
72.0,82.34199977874756
71.6,81.16199979305267
67.4,81.30199977397919
65.2,82.36599963665009
59.0,75.63399983301758
45.4,76.69799994543195
45.0,77.98999996855855
44.8,77.9539999075234
38.2,76.78599995151163
37.0,75.39199989810587
35.4,75.14599989429117
29.4,74.9019998241961
28.6,74.86599983945489
22.8,74.75599998787045
22.6,74.36399998024106
10.2,68.74599977523089
4.2,62.24199979811907
136.2,135.8679996061325
130.2,132.56999982357024
119.8,124.94799971818924
113.6,115.15400011658669
107.2,117.18000025629998
101.0,114.16600030779838
94.8,118.01400006964803
92.8,116.1479999037087
91.4,114.88999985411763
88.8,117.05399992659687
82.8,116.34800009444356
76.6,116.43800015881658
75.0,117.40400024369359
73.2,120.40000038102269
60.6,123.31200002625584
54.2,123.67400011017918
48.2,120.03200009584427
45.4,119.17600007295609
38.6,111.60799985647202
32.6,105.97999978736043
31.6,106.78799958899617
30.4,108.15399972632527
29.8,103.54599963858723
23.4,99.89000008821488
17.4,97.05200004816055
9.2,95.75199979066849
3.2,94.0119996380806
253.2,99.30200018644332
245.2,93.35800021886826
227.8,109.07600045442581
227.6,109.02400048494339
222.8,103.26200034856797
220.0,101.85200042203068
206.8,100.47800076127052
198.4,102.16800012350082
193.4,103.55400002002716
186.4,90.21399976015091
186.2,90.21399976015091
186.0,90.21399976015091
180.8,88.56799996495246
172.2,89.63800005823374
170.2,89.49200032502412
169.4,89.45800037652253
165.4,90.08600047379733
165.2,90.08600047379733
155.6,78.37800026088954
145.8,73.84000039517879
143.6,71.12600039929151
143.0,71.12600039929151
141.6,70.88400048702955
137.4,62.858000567257406
132.0,62.276000361740586
128.8,61.864000220894816
122.0,61.484000081717966
121.8,61.484000081717966
118.4,57.18000025689602
113.4,56.006000362336636
112.0,56.38600029796362
111.4,56.36800030082464
110.0,57.29600028365851
107.8,57.98200032562018
100.6,51.170000177174806
92.6,46.99800027817488
85.6,49.52800002649426
84.2,49.584000040739774
75.6,50.16200012400746
73.6,47.90000015452504
70.2,46.730000232607125
68.0,46.42200016394258
64.2,47.0420000217855
63.2,46.07800004467368
62.8,47.08000005230308
61.8,46.61600007191301
59.6,48.014000061899424
53.4,47.14000013828277
47.4,44.12600015059113
42.2,41.04599999085069
38.6,45.36399987354875
38.0,45.36399987354875
35.8,43.8019998306036
34.8,44.619999830126766
34.2,45.73599984541536
32.0,44.76199990168214
29.0,45.53799993649125
28.4,45.53799993649125
21.8,44.643999977707864
7.2,42.0320000359416
5.0,42.358000054061414
4.2,42.358000054061414
226.2,149.40199977397918
210.0,113.51199968338013
195.6,105.37000047162175
194.6,106.02600050210953
184.4,104.37000075221061
149.6,93.95800000697375
145.6,93.08800004124642
142.6,88.22800024032593
141.4,85.49600032806397
139.8,86.71000034809113
139.6,86.71000034809113
124.0,100.48800018697978
121.0,97.77200031906366
114.4,84.05200010538101
112.0,78.50800006583333
103.8,79.85199986338615
99.2,74.16000021219253
75.0,71.26400033354759
68.4,70.16799999594689
66.0,71.52999983429909
64.2,70.44600020632147
61.8,63.546000010222194
55.8,60.83000023260713
49.8,56.846000329703095
46.6,56.632000319510695
45.0,54.21800030425191
43.2,53.50000023394823
40.2,44.720000102669
39.4,43.86599999159574
39.2,43.891999995410444
35.6,43.65799996972084
33.0,43.65799996972084
21.0,43.65799996972084
16.6,43.65799996972084
15.4,43.65799996972084
10.6,43.79599994301796
10.0,43.79599994301796
8.0,45.675999997854234
7.2,45.05400002554059
1.2,39.89399996712804
1.0,39.89399996712804
102.2,150.70800045013428
100.8,154.7640005493164
94.8,147.5040001296997
88.8,157.53800054550172
83.4,148.7040008354187
77.0,136.7399998231232
70.6,134.63000000193716
67.4,128.41200006440283
55.2,111.49000018954277
51.8,104.97000023722649
45.8,105.48199987888336
39.0,99.27599977493286
32.6,96.27799962431192
20.2,93.71799961566926
14.2,89.954000082016
8.0,81.90999985694886
4.8,84.07799975395203
108.8,138.0220003119111
102.6,126.10000012397767
102.0,128.12200039863586
101.8,127.73800023078918
95.6,132.58799984931946
89.4,130.06999996185303
83.4,124.28200016021728
80.2,116.72000062704086
74.0,112.30999997138977
68.0,94.70000051140785
62.0,84.39400010898709
56.0,83.58199998810888
54.8,81.66199993565678
48.6,70.59600010707975
42.2,64.1120002873242
36.2,62.77000016331672
29.8,64.67200034499169
23.8,53.60600038290024
17.8,48.20200005590916
11.6,41.05000013649464
10.2,41.44400010406971
8.4,43.37000021755696
113.0,126.64599943161011
109.8,122.7019997215271
103.6,121.21200003623963
102.0,115.91400017738343
95.2,117.11200053691864
89.2,111.17800032019615
82.8,112.40800057411194
73.8,99.57400066375732
65.6,89.76200045228005
58.8,83.92600031375885
52.6,75.00799991607666
50.0,67.09399993419648
43.8,70.5400002604723
42.8,72.36000028908252
42.6,70.17800012886524
36.4,59.11399993956089
30.4,59.79399985849857
26.4,54.83000004351139
20.4,48.23400004386902
14.4,42.33200004160404
8.4,43.1000000731647
8.0,44.01400005981326
2.0,45.08000006124377
89.4,99.36000015094876
87.0,102.25000018909573
82.8,99.54200004562736
82.4,102.58199996575713
81.2,103.0079998742044
75.2,102.53799975588917
68.4,100.90800000190735
61.8,97.05599963501096
56.0,90.67199945643544
50.0,81.33199960976839
49.4,81.77199960976839
46.2,78.00599958881736
43.0,75.96799966990947
36.8,73.84399969041347
36.2,74.03599969804287
29.8,77.67599977850914
24.0,75.87399980902671
19.4,74.22599979907274
19.2,74.22599979907274
13.0,64.55199992209673
6.0,62.59200004845857
4.2,61.76200011521578
1.8,59.56199987158179
0.2,60.439999883025884
178.6,160.525999751091
172.6,169.3880002784729
166.6,165.20800083637238
161.6,159.75200040102004
161.0,163.66000040054323
159.0,162.88800008296965
152.4,160.23999980926513
145.6,141.81199951842427
141.6,141.94799941539765
140.0,139.28799946695565
134.0,125.4759987974167
128.0,122.73199888706208
122.0,123.78999985694885
116.0,114.71600022703409
110.0,104.67800068050623
108.8,99.52200053960085
93.4,101.26000086665154
93.2,101.26000086665154
87.4,99.78600052297115
84.0,90.8000007712841
77.8,89.48200035706162
71.8,83.48400034561753
65.8,74.75400014534593
62.8,68.95799990311265
61.2,68.91399995267392
58.6,72.96400042831898
54.6,66.40200058847665
48.6,65.90400057271123
42.6,67.22400037914514
38.4,64.48600045263767
32.4,66.70400028884411
28.8,67.95600021541118
22.8,64.49200024783612
19.2,62.86400003135204
15.8,59.02600000560284
9.8,59.028000169992445
3.8,56.002000156641
204.4,157.8760004377365
198.4,156.84400039672852
192.4,157.67599990844727
186.4,172.79200059890746
183.6,168.13000066757203
177.8,174.33400096416474
176.4,179.7180008649826
173.8,181.5380004644394
167.8,184.96800012111663
161.8,172.5160004043579
155.8,167.1760001373291
149.8,160.87599994659425
146.8,155.7360000705719
144.0,153.38800037384033
143.8,150.17800039291382
137.8,142.80199996471404
131.8,130.32800023317338
128.6,131.15200022891165
122.6,134.3240005071461
116.4,133.33600085139275
115.6,132.09600081324578
113.4,127.25600054621697
107.4,122.02999918103218
101.0,118.44199929952622
95.0,109.3619992120564
89.6,109.33999922350048
83.6,101.77599927499891
78.8,100.27399926021695
78.0,103.02399930551648
72.0,97.3579998241365
66.0,93.39199996337294
65.6,93.63999991759658
53.6,84.40000028476119
47.6,81.520000372082
46.8,80.72600034728646
42.0,73.69600061908365
36.0,70.67400057896971
30.0,64.7960004721582
24.0,60.330000498890875
18.0,54.65000036418438
13.8,55.24200022727251
11.4,55.39600034624338
10.0,55.544000338613984
2.8,54.128000255227086
179.2,121.97800045967102
175.2,117.30800011634827
172.8,110.2920001220703
166.8,109.93400016784668
160.8,124.26200010299682
157.0,122.22600043773652
152.2,106.37800034046172
151.8,101.16400022506714
145.8,107.75399960041047
139.8,104.38599971771241
134.4,106.06799967199564
133.2,95.89799989134073
132.4,93.52599992185831
129.4,90.1139997330308
125.6,88.94600014716387
119.0,81.53000040307641
113.8,72.30200005933642
111.2,73.88799976751208
107.0,70.73599982857704
102.8,66.68799993246793
96.8,68.302000079453
91.6,71.52000012129545
85.0,65.35800020664931
78.8,60.608000126183036
78.4,60.608000126183036
78.0,60.608000126183036
77.6,60.49400018721819
71.6,54.34200011134148
64.8,51.070000078678135
58.0,45.93799998641014
57.6,45.93799998641014
50.8,47.691999784260986
50.6,47.20399979189038
46.8,49.60399982959032
45.4,48.60399983912706
44.8,48.06199988871813
44.6,48.06199988871813
39.8,49.143999901264905
36.2,46.13399996444583
32.2,44.397999842166904
30.0,45.84999990656972
26.0,43.84199994668364
21.2,44.3720000050962
18.8,42.90399994596839
16.4,41.045999894738195
13.6,39.77799995869398
8.2,37.58599981278181
2.2,34.08599990651012
181.8,144.4679996395111
175.4,139.03199966788293
169.4,116.46199962213636
164.0,119.89199994444847
163.4,123.88799995303154
157.4,120.7900001001358
151.4,100.85800047397613
148.4,98.03600006580353
142.4,83.97399988889694
137.4,76.3580000001192
128.0,72.82400015711784
126.4,73.66600022912026
120.4,72.43200034841895
114.4,72.5919999705255
113.0,74.5919999141991
107.0,72.86599996879697
105.4,76.78199982360006
104.0,77.34999980166555
98.0,73.70199991241097
92.0,69.16799963191151
85.8,62.36399993792176
84.2,64.17600021257996
82.8,63.42600009098649
81.4,62.14600008144975
76.8,61.1680000987649
71.2,61.448000154346225
70.0,60.67600010856986
65.2,61.4480003041029
64.0,60.43400026977062
57.2,65.08600046500564
51.2,62.03600027903914
49.0,63.95600029215217
43.0,64.82800021901727
37.0,65.66799998447298
33.6,56.96200010403991
27.6,57.918000249415634
21.6,58.79200035050511
15.6,58.94600031808019
9.6,54.50200016289949
8.6,55.27000012218952
6.8,55.05800016582012
6.2,53.06400012791157
5.8,53.3520000821352
2.6,55.05000003755092
33.2,85.31800052642822
27.6,86.39600016593933
26.6,81.79800026893616
26.4,81.77200024604798
21.0,73.25999988079072
16.2,64.42200026512145
15.4,64.38200025558471
9.8,67.45399997711182
3.8,68.5980003553629
1.0,71.24400018513202
49.8,137.46799982070922
49.6,135.55799989700319
43.6,118.72199991419912
37.2,127.71799982458353
31.2,117.45600016981363
25.2,105.32000045374036
19.2,99.8820002554357
13.2,107.11399965509773
7.6,95.73399993389845
1.6,92.61199981436134
0.4,91.26599990591407
115.6,139.3080002784729
109.6,137.5380004954338
103.6,124.71200014784932
97.6,96.92199973300099
92.0,92.14000005438923
91.8,92.14000005438923
85.4,87.71799996256829
79.8,85.02599970683455
73.8,89.63999988988041
70.8,94.21400013521314
70.6,96.52400013521314
64.4,90.05000003173947
58.4,96.55800010442734
52.4,96.24600035980343
46.2,92.78599981069564
44.6,92.03399976491929
44.4,92.91599977254867
38.4,83.60200020939112
35.2,83.93000006109476
30.4,77.90600019767881
30.2,80.99400012612342
30.0,80.99400012612342
27.6,80.32600003838539
27.4,79.32600011467933
21.4,72.17800015211105
14.6,62.12800027579069
8.4,54.97000033915043
2.4,55.818000317811965
102.0,166.21400033950806
96.0,176.38800055861472
93.0,169.57199987769127
92.4,171.46200011610983
86.4,173.36600093245505
80.2,161.55400038719176
74.2,138.50000002384186
67.8,144.01199963092805
61.8,125.75800028800964
55.8,130.93599998474122
51.0,124.3900001680851
44.0,133.16800074398517
38.0,107.12000041782856
32.0,98.85999999046325
26.0,102.51400025963784
20.0,96.14599969267846
14.0,94.02800008893013
9.0,92.64799978137016
5.6,91.90399969935417
3.0,94.94599985003471
39.8,120.85000041007996
39.6,120.85000041007996
14.8,121.93400033712388
4.8,121.11800042867661
1.8,120.5380005812645
94.4,157.70200003027915
88.2,147.49799903467297
82.2,137.7359996755421
74.4,127.90399954870344
74.0,131.1999998398125
67.4,133.69999976351858
58.6,123.60800014019013
56.4,115.10599998474122
50.4,118.75600022792815
44.4,111.00600015640259
38.4,103.60000001430511
32.4,95.44000008702278
26.4,97.01400002002715
19.6,97.64799999117851
15.6,92.25600012212992
13.8,92.58800023943186
12.8,89.20600017935038
8.8,91.21600023090839
8.6,90.42400028526782
2.0,93.98400016546249
166.0,167.341999874115
160.0,168.65200006484986
155.6,157.8660001039505
151.0,146.59200052738188
148.6,147.03200048923492
145.4,141.3140003156662
139.4,154.0819999217987
133.4,151.4819998931885
131.4,153.75800017356872
125.4,137.8519999217987
119.4,135.54000004291535
113.2,138.54999997913836
106.6,131.26799997150897
100.4,125.04200062215328
95.0,124.96600010216235
89.2,117.0580000525713
82.8,117.96799988746643
76.6,114.43000022888184
70.6,104.7440001487732
64.6,104.31200028896332
57.6,93.01800040632486
51.6,97.03600050836802
45.0,102.93800058752298
39.0,97.54000056177378
37.4,94.28200023949147
37.2,94.28200023949147
23.8,71.13599993824958
14.2,64.03400012925268
13.6,63.89200015977025
8.6,74.15800017997623
6.8,66.02400019899011
5.0,67.78400016322732
4.2,67.2460001899302
132.2,131.74599957466125
126.2,120.37999989509582
120.6,122.08800064086914
118.2,112.58000083923339
117.8,108.63000082969666
111.8,108.26400039672852
105.4,95.46600056171417
95.8,97.81400008499622
94.4,99.71400029480458
90.4,92.54000022530556
90.2,89.9959999716282
84.2,93.34200023010374
78.2,88.34399986490607
72.2,76.00200022339821
66.0,75.50400022894144
60.0,72.09599986478686
53.8,71.6100000306964
49.2,63.60999970257282
43.4,63.6379994764924
43.2,63.93199951082468
38.4,60.01599975496531
32.4,52.54199978500605
25.2,54.06599998220801
19.0,52.55999997794628
16.0,47.42600003659725
15.8,47.42600003659725
12.4,44.898000013232235
6.8,46.21199991047382
4.4,45.88600011646748
257.2,140.417999792099
251.8,137.75200020939113
247.8,137.26800030708313
241.8,131.16000027656554
235.8,129.508000497818
232.6,127.81600066006183
231.0,120.47200046747923
225.0,101.72400058180094
218.6,99.25000000238418
215.6,98.86000040054321
212.8,95.5180002784729
206.8,94.03400045111775
204.4,93.47800028041006
204.2,93.3940003414452
202.8,88.58000011444092
202.6,88.97600009918213
198.0,84.78399978160859
197.8,84.78399978160859
191.8,76.39799994707107
189.2,74.21599998950958
184.0,73.37800003007054
178.0,76.45600015833973
173.4,70.9920001886785
171.2,69.04599990323186
165.2,57.200000249892476
160.4,60.34200015351176
156.0,62.79599992185831
155.8,62.79599992185831
153.0,60.847999784648415
147.0,56.97599996522069
145.8,55.65599994137883
142.0,54.39199993029237
136.0,48.90000004068017
132.6,52.91000009268522
128.0,55.528000041991476
127.8,55.528000041991476
121.8,52.622000033408405
120.0,52.01200004056096
118.2,50.64199991852045
117.6,50.51999987274408
115.2,49.88599996954203
108.6,50.713999969810246
102.4,44.36599998220802
98.6,45.33800019189715
92.6,43.28799998164177
89.6,38.823999908715486
88.0,42.274000033885244
86.8,40.374000002890824
83.2,36.31800000563264
83.0,36.31800000563264
78.4,36.567999826073645
78.0,36.567999826073645
65.2,32.9999999281764
63.0,33.625999896228315
56.8,34.2259997934103
53.6,34.193999843001365
43.4,34.6639999639988
42.0,34.6639999639988
35.8,36.77399988114834
19.6,35.753999970555306
19.2,35.01600000113249
17.2,34.80200000137091
13.4,35.07799994572997
13.2,35.07799994572997
3.2,30.931999962180853
0.8,30.546000015586614
0.6,30.546000015586614
216.2,149.01599989414214
210.0,152.73399988174438
205.0,153.45600015640258
199.0,139.4779999065399
194.2,136.50799946188926
192.6,142.07599956870078
186.6,141.54199943140148
180.4,136.1639997816086
174.4,126.47199985980987
168.2,126.49999959588051
161.8,112.45999993920326
155.6,89.50999977231025
149.6,98.59799995303155
143.6,94.35600019454957
137.6,95.92800036907197
131.6,89.78200043916702
130.2,92.20000047445298
124.2,81.63800041407347
121.2,84.7760004016757
114.4,79.28400013357401
108.4,73.40400006592273
106.8,69.66600009918213
100.8,69.45
100.4,68.57
98.8,68.23399995803832
92.8,73.0760000962019
90.6,66.2280001693964
84.2,55.280000314712524
84.0,54.75800026893616
78.0,50.75600011333823
72.0,53.47000014573336
66.0,48.950000140368935
65.2,49.22000021666288
63.8,49.070000183284286
59.6,46.48799992412329
55.8,46.59200002491474
49.8,45.09599996805191
43.8,48.51199997857213
38.8,44.23399975597859
32.8,42.68599976316094
26.8,38.536000013947486
20.8,35.35799996703863
17.6,36.87999981358647
11.6,35.24399991184473
5.6,34.041999889016154
3.6,32.77799991190434
78.6,101.11399958133697
75.6,87.69599994540215
69.4,76.86600024104118
64.8,65.39200009703636
64.0,64.23800011992455
63.0,67.67599990963936
56.8,51.231999840289355
50.8,53.98400014102459
44.8,55.495999909341336
40.0,61.370000260025265
39.8,61.21400029078126
36.8,63.6200004132092
33.4,55.666000110358
27.8,49.986000065207485
21.8,54.94000009968877
17.6,53.06800047695637
15.2,50.2180001193285
9.2,50.280000227093694
3.2,48.48000002384186
148.6,105.05599997773767
142.6,95.51600023835897
136.0,84.99200006961823
130.0,95.30600016593934
124.0,98.0079999679327
122.6,96.80600020229816
121.2,99.83800012230873
115.0,101.46399951770901
108.8,96.44399991422891
107.6,97.25400014668703
102.2,97.25400014668703
94.0,97.17000011995435
93.4,94.42600008562208
93.0,94.07000010088086
89.4,92.37399996355175
89.2,92.37399996355175
80.8,104.3040007455647
74.2,99.44200040772557
68.2,96.94600025728344
62.4,97.26200024679304
60.2,93.4460003502667
54.2,92.14000047639013
47.8,91.03000009566546
45.2,88.25800027877092
39.2,90.4940001104772
33.0,78.91800008550287
30.6,78.25999986708165
28.8,79.12199983656406
22.6,76.66199992239476
16.6,79.86599998533725
10.6,77.80000009089709
4.4,76.35800033763051
39.6,98.03600077867507
32.6,94.94400006294251
26.6,90.96799993231893
25.4,89.68399995997548
20.6,85.09600020602346
20.0,83.55800028994679
19.8,84.20000025942922
15.4,82.4980001886189
14.2,78.55200046762825
8.2,72.96000048980117
6.6,74.13000029668211
6.0,74.13000029668211
5.8,74.10600029572845
1.6,70.20600013002753
73.4,72.13000005736947
67.4,63.67599991440773
62.0,67.02399995207787
61.6,65.3079999768734
57.8,61.61999989509582
51.4,57.962000110447406
48.6,55.84800005108118
44.2,53.137999707311394
40.8,54.94399982526898
34.6,46.13799981102348
32.2,44.20199983760715
26.2,47.72600003570318
20.6,39.467999891191724
20.2,38.64399987831712
18.2,36.5419999293983
17.2,36.5419999293983
15.6,36.5419999293983
14.0,35.935999912172555
13.8,36.215999917835
10.4,37.3179999268055
10.0,37.3179999268055
3.8,34.13799976706505
14.2,129.0680004453659
8.2,128.24199969485403
2.2,117.41600027561188
119.8,109.1420001335442
113.6,119.87800038456916
108.6,110.8700003683567
108.0,109.09200041413307
107.2,112.97000034928323
106.6,111.10200033783913
101.8,97.28600053429604
99.4,95.57000029444694
95.4,93.91800066828728
89.2,83.6580005800724
86.6,82.38800037384033
81.0,84.31600050926208
79.8,82.5740004825592
73.8,80.84600038290024
68.0,85.05400003910064
60.4,84.06799996733666
54.2,79.77000010609626
53.0,79.40400007367134
47.2,84.87600012734532
39.4,79.22399993494153
38.6,79.29799984529615
32.8,81.56399998143316
27.6,76.60599973395466
24.8,72.47399987891316
22.4,71.4159998561442
16.4,63.643999661654235
12.2,62.3979996983707
11.0,61.465999763160944
10.6,60.33399979367852
9.6,60.33399979367852
8.2,62.21999983385205
2.2,60.28999991491437
1.4,60.21199992254376
0.2,60.981999979764225
182.8,119.29199998855592
176.8,107.59000070869922
171.2,110.81600043296814
166.4,116.83600007653236
162.2,115.3419999408722
156.2,99.29800010919571
149.8,91.1979998767376
148.2,88.95999986127019
143.4,87.75799961045385
142.8,89.66199961617589
136.8,88.2639997754991
130.8,90.79599959805608
124.4,81.98199961617588
119.0,67.04999970152974
113.0,69.2519997496903
107.0,68.89600025191903
105.6,70.57800009027123
103.6,70.468000202775
97.6,59.718000240921974
91.6,57.49200015842914
85.4,54.954000054597856
79.4,55.002000134885314
73.4,58.26600009098649
69.4,59.560000115036964
66.4,62.5340001398325
60.2,61.98199995219707
58.6,62.30999986261129
52.6,60.41399996966123
51.8,58.02600000590086
51.6,58.02600000590086
47.6,53.18599979609251
44.0,53.28399990558624
37.8,54.295999876856804
36.4,54.401999845802784
36.2,54.401999845802784
34.8,55.24799985706806
34.6,55.24799985706806
32.0,54.999999788403514
25.2,52.83799986377358
25.0,52.83799986377358
19.0,50.041999949216844
13.0,47.34399976164102
7.0,46.69199976593256
1.0,46.50799971193075
22.2,176.88800018310548
16.2,176.96199993133544
14.8,176.78000003814697
8.4,156.48199953436853
5.2,162.8059991490841
5.0,163.23399910330772
49.0,132.6120001220703
46.6,125.90799985602499
45.4,122.00999983981252
44.4,130.6639998598397
42.4,127.72799930289388
39.6,126.51999914363027
39.2,125.49599920466542
39.0,125.49599920466542
38.0,119.695999443084
36.6,118.24799966052174
35.4,117.85799967959524
32.6,114.12599940881132
32.2,115.12999950036406
29.6,104.73199991419911
27.0,96.9339996433258
26.4,93.8099996471405
23.6,91.627999792099
20.8,91.29599968910217
18.2,88.49199999809265
15.6,84.61200004339219
14.6,88.77800019338727
14.4,88.77800019338727
13.2,85.91600022390485
9.0,82.81800013139843
7.4,82.47600023105741
4.6,73.23399978667497
1.8,71.08200003489851
1.0,67.8960000616312
0.4,69.32600013792515
94.0,98.08399969816207
87.6,90.6399997651577
81.4,80.09999981045723
75.0,81.10000014021993
69.8,79.63000002577901
45.6,72.30800002574921
40.0,66.79400010585785
35.4,65.08800015449523
35.0,64.15800017118454
31.2,61.0220001411438
31.0,61.0220001411438
13.4,49.25000010073185
10.4,45.158000203371046
7.4,47.81000014394522
5.0,45.62800014346838
16.0,87.68200038433075
15.8,89.36000026226044
15.6,88.96400015547871
15.4,86.81000021651387
14.6,85.01600058272481
14.4,85.01600058272481
13.2,82.91600066661834
13.0,81.55600064754486
12.4,79.574000582695
11.0,78.96200074106454
7.4,72.65200052171946
4.4,70.05200035780668
4.2,72.77800026625395
3.4,68.1760001346469
3.2,67.25000002026557
3.0,68.04200010418892
1.2,61.61200004696846
0.2,58.549999934434894
76.4,70.9300001579523
72.0,67.67999985471369
71.4,65.55199985042215
70.6,66.5260000230372
63.4,59.59599978625774
56.4,57.20799982637167
50.4,58.397999892383815
48.2,55.74599990740418
43.4,51.66399975135923
42.6,49.41399983718991
40.6,52.753999945670365
38.2,53.8099999935925
35.8,53.061999972611666
31.4,53.29199995696545
30.0,53.51200005233288
29.4,54.438000151515006
20.6,55.00600030720234
18.6,52.55200025737285
14.4,52.834000232219694
11.6,51.99000025093555
8.8,48.632000327706336
6.2,46.434000263810155
5.4,45.06000019133091
3.4,47.58800018489361
1.8,48.44600018441677
0.2,49.194000241160396
187.8,112.65399988532066
180.8,102.29999991610646
174.2,100.53600049972535
168.2,96.79400005340577
161.8,99.95800046920776
155.6,97.67400049686432
149.0,92.87200055599213
143.0,90.26600059509278
136.6,88.58800032615662
130.6,80.01400018692017
129.4,81.18200010299682
124.6,80.57400012016296
118.2,77.12800003051758
117.6,75.61999999046326
116.4,80.70399997711182
110.0,82.02200016021729
104.0,74.9580002000928
98.6,71.8559999115765
98.4,71.8559999115765
91.8,69.83600001648068
85.4,67.70000027537345
79.2,62.37400038957596
73.6,56.30600040152669
72.0,58.426000568419695
65.2,57.362000431418416
65.0,58.144000419974326
59.0,56.35200024828315
55.4,55.286000004857776
49.4,48.57000011131167
45.4,46.224000100940465
44.2,45.972000093311074
41.2,45.5300000680983
35.2,40.39599991485476
28.8,40.02999980732798
22.8,35.59999984547496
16.8,37.87800002068281
10.6,35.960000046789645
9.8,36.70200001478195
7.4,37.15600000753999
5.6,36.524000009447334
2.8,33.232000148445366
111.6,78.17200007259845
110.8,77.24400006979704
107.4,67.4900000396371
105.2,64.78800014644861
105.0,63.5220001617074
104.8,63.53800016641617
93.8,57.03400003731251
81.2,62.11200014829635
79.8,60.86600010633469
78.6,61.81600024178624
68.6,58.36800009101629
68.4,57.86400017589331
58.8,56.702000143378974
58.6,58.74800003752112
58.2,62.52199993237853
57.6,62.05199995145202
54.6,58.78199995622039
53.4,60.27599996000529
52.8,60.723999966681006
52.6,61.28399992853403
49.0,65.77999976024032
47.8,64.79799981459975
45.8,62.37799978598952
43.4,63.003999860584734
36.6,65.95999991238118
31.4,59.68399960026145
29.4,59.39599970400334
23.8,55.407999734431506
20.6,52.8659997561574
18.4,51.92999984413385
2.4,51.33999986559152
0.8,49.903999928534034
128.0,127.5840005159378
122.0,124.83800051808358
116.4,118.33200014591218
115.4,118.11400011539459
115.0,119.46400005817414
110.8,114.92200016498566
107.0,112.67200001716614
101.0,103.99800025656819
97.2,105.80600015476347
96.6,103.17600004032255
93.8,97.65999987438322
93.6,93.66799984768033
87.0,87.75599994257092
81.8,86.62999980926514
77.0,89.09399979233741
76.8,91.3559996664524
72.0,88.43799960017205
64.4,81.77399994134903
63.6,78.57599999859929
63.0,76.19199994429945
56.6,66.53999989569188
49.4,65.04199985682965
43.4,63.80399975672364
37.4,65.6560000897944
36.8,67.14200005352497
33.4,69.2679998140037
32.4,71.19199973270297
28.6,70.68599990591407
25.4,65.13000010058283
25.2,64.59400011584162
19.0,53.06600015386939
17.6,53.37200016155839
15.4,54.42200013771653
11.4,51.404000239223244
8.8,50.458000211566684
6.0,48.85800023540855
4.2,46.87800016641617
1.8,44.402000082433226
15.2,100.91400016069412
8.6,87.87599990442395
7.6,87.51999995782971
5.4,87.5979999692738
18.0,96.96200032055378
11.6,86.04599990487098
5.6,94.22200012922286
148.6,69.68599982082844
142.4,65.77599988043308
139.8,61.25199985563755
133.8,55.0920000320673
131.4,55.354000177383426
125.4,60.019999880343676
122.2,58.830000022947786
119.4,55.55400010406971
113.4,54.80799995005131
113.0,54.60999996721745
112.6,54.78199993669987
112.2,56.41999992907047
110.0,51.883999949097635
108.4,51.56000002205372
105.6,50.468000213503835
104.8,49.91400023400784
101.6,48.83800005704165
101.4,46.33799999505281
97.2,43.085999918729065
93.4,42.86200002387166
88.0,44.2079998870194
82.0,43.09000002145767
75.4,41.52199983000755
74.4,44.17999981880188
68.4,38.769999777823685
63.4,37.08999997869134
63.2,38.18199991002679
57.0,38.98599996998906
51.2,38.92599989846349
50.4,39.07999987080693
47.0,38.55199992612004
46.8,38.55199992612004
42.0,39.31600000485778
41.8,39.40399995908141
35.8,34.90000002488494
35.2,35.47000003442168
29.8,35.342000003010035
28.8,35.90400002971292
28.6,35.802000029236076
28.0,33.753999951034785
22.4,32.80999993339181
19.6,33.12400000542402
19.0,32.69200001209974
17.6,32.41199998825788
16.8,32.41199998825788
16.6,32.41199998825788
16.0,30.989999945163728
13.2,32.60199996113777
12.4,34.5599999153614
11.8,34.549999915361404
11.2,34.37799991488457
10.2,34.33399993777275
8.4,33.701999944448474
8.2,33.701999944448474
6.4,34.30799990057945
5.0,35.86999999642372
2.2,35.49399991154671
137.4,67.54600019931793
131.0,73.68400021791459
128.2,67.17800014972687
122.2,61.248000215291974
119.0,61.952000111341476
112.8,58.80799968481064
105.8,58.107999430298804
101.2,55.46199962973595
96.4,46.28399987697601
90.0,48.61399984359741
84.0,45.740000113397834
78.0,45.08000023379922
72.0,36.76600003898144
57.4,38.35199992835522
50.4,34.81399990960956
37.2,31.424000075608493
32.8,30.16199995800853
31.6,30.54599992081523
31.4,30.143999909609555
28.6,30.009999910145996
28.0,28.70599988296628
25.2,28.259999724626542
22.4,32.60999983981252
19.6,26.78600003913045
18.8,24.452000033408403
16.0,25.22199998602271
15.4,27.85400000616908
14.6,27.260000006109475
13.4,25.905999992787837
13.0,25.17200001895428
12.0,24.201999880969524
9.2,22.169999915063382
8.6,21.805999926030637
5.8,22.189999946057796
3.0,21.90999992609024
0.2,23.117999940365554
81.0,85.81200019791723
74.8,80.9440004272759
69.8,81.29600051403045
69.0,78.54200061321258
65.4,75.47200047254563
59.2,71.89400030493736
56.0,70.97000022292137
49.2,74.0540001887083
47.2,75.49600015342236
40.4,72.13400025129319
34.0,65.30200026750565
28.0,59.329999918341635
21.2,54.481999769359824
15.2,52.7579998613894
12.6,46.86399991288781
5.0,41.75999970719218
4.0,41.579999684542415
1.6,41.25599973976612
0.4,41.00999975025654
140.4,101.27400007441639
139.4,97.3139998741448
133.4,88.33999969482421
127.4,87.1500004005432
123.0,84.32600029468536
117.6,83.0380001667142
111.6,78.23200011610984
105.4,76.22600015997887
104.6,75.62400010466575
103.6,75.19000010848045
101.8,75.06800024867057
99.6,72.8700000989437
96.8,74.34999982267618
95.0,74.34999982267618
89.6,71.51399994045497
88.4,73.09199988275766
83.4,71.98999992758036
79.4,71.90399999335408
76.8,68.53199995711446
76.6,68.53199995711446
75.2,69.30200001075863
72.8,68.65000011757016
66.8,59.166000262051824
64.6,60.106000263243914
58.6,53.600000121146444
52.6,52.558000098615885
51.2,52.17400003567338
49.6,52.26600006476045
47.6,51.29000004425645
46.6,52.65000015869737
43.2,52.654000036865476
39.2,54.34600013077259
38.6,54.514000117480755
38.2,54.514000117480755
32.2,58.14800001561642
30.2,56.87799992024898
28.8,55.05399997532368
28.0,55.04799997150898
27.2,56.07199993133545
26.2,55.34399995446205
24.6,52.93599994301796
22.0,46.60400009393692
18.2,46.7840000128746
17.8,47.11599994421005
17.4,46.83799995183945
16.6,45.98799996137619
15.4,45.95799992322922
15.2,45.94399990797043
12.6,44.87000001221895
9.2,47.31599999576807
9.0,47.31599999576807
7.0,48.899999968111516
5.4,51.707999995201824
4.2,51.69199999138713
4.0,51.69199999138713
0.2,45.372000210732224
38.6,100.07999998211861
32.0,101.61999995827675
26.0,102.19200036644935
19.6,95.59200080037117
15.0,93.02200098752975
13.4,89.60600096464157
12.4,91.22000101804733
11.0,89.79000096082687
10.8,92.67600088357925
44.0,83.73200009539724
37.8,79.61799988046289
36.4,76.5179998613894
35.2,68.10399983182549
29.2,64.99800000622868
27.0,69.24399983838201
23.6,59.41599991634488
19.4,60.98199989557266
18.4,61.495999944210055
18.2,61.495999944210055
12.2,56.882000041008
8.2,55.26000013589859
5.8,63.58599989891052
4.0,61.00799998164177
2.4,56.569999867230656
1.6,60.1460001142323
0.2,59.190000031590465
134.4,102.39800012350082
130.2,101.1579999113083
127.8,102.21000011920928
126.0,99.47400015115738
125.2,94.98800024271011
119.0,87.51999982789158
114.8,84.16999966338277
111.0,80.12599961280823
107.4,73.23199979305268
106.0,76.21599980786442
103.6,77.68599978879094
97.6,85.94799956157803
91.6,81.03199964761734
90.8,79.4499999165535
84.8,67.1359997022152
82.4,65.07999975323678
78.4,64.17199959874154
74.2,58.67999981597066
73.8,57.11999977305531
72.4,56.353999695330856
67.4,56.32799990773201
62.8,52.45399987459183
60.0,52.55800004720688
57.4,53.08399999573827
52.0,52.12799996778369
46.0,45.648000062257054
40.0,47.03599994763732
37.8,49.95199999406934
35.0,44.12199995532632
29.0,45.93200004205108
26.2,46.21000016316771
25.0,47.34600011304021
21.2,44.542000126540664
19.6,44.32000017315149
17.8,43.846000174582
15.8,42.902000139057634
9.8,46.71399995088577
8.6,47.550000032782556
6.4,47.41600007995963
6.2,47.41600007995963
6.0,47.41600007995963
5.8,47.918000094741586
3.6,49.87599998787046
2.8,49.79799999549985
1.2,48.26799993947148
128.0,99.1300006647408
122.0,94.79200019553303
119.2,94.9900003619492
116.0,90.56200008630752
109.8,90.81000016212464
103.8,88.80399999141693
100.0,85.83999976590276
99.2,86.03799975827336
93.2,80.5299996304512
86.0,80.8819994032383
80.0,72.51599942043424
77.0,74.62999987602234
70.8,72.3020001578331
67.4,72.18600014269352
65.6,69.8940000873804
65.0,69.8940000873804
59.0,67.4480001026392
52.6,55.828000342994926
46.6,52.37000027090311
40.6,49.15399985536933
38.4,50.42799981147051
32.4,47.155999782979485
29.8,46.73199979156256
28.2,48.8959997202456
26.4,52.341999716907736
25.0,53.10199970737099
20.6,47.9659998588264
14.6,45.479999953955414
8.6,45.01399985358119
2.6,45.00999993234873
46.4,57.48600008249283
43.8,54.83600007295608
43.6,55.682000060081485
40.2,51.38800019085407
37.4,48.2020000872016
33.8,43.49400009006262
24.8,39.518000134825705
22.6,42.10600029319525
22.2,42.96000026911497
18.0,43.61400026410818
13.6,43.13200033500791
10.2,40.16200023666024
8.8,39.83000031635165
7.6,41.27200017765164
6.2,41.558000195771456
21.8,91.83799993038177
21.0,89.40399985790253
15.0,87.12000010490418
9.8,86.29199999049305
8.6,85.19200014308095
2.6,84.8799997138977
1.0,79.22599976181984
0.8,77.33199976563454
82.2,77.05800001338125
76.2,65.961999874115
70.2,60.95200004696846
67.4,62.73399994492531
64.0,55.5880000461638
58.0,56.205999970436096
55.6,54.80000002145767
54.4,54.75400000810623
52.2,51.692000013887885
50.8,51.48400000333786
44.8,51.355999935865405
40.4,48.79399999499321
35.4,48.84400008931756
35.2,48.84400008931756
30.4,48.04999993413687
27.6,47.12400000184775
21.6,44.61399997919798
20.8,46.62400002509356
17.8,44.044000157415866
17.0,44.04600016981363
15.8,42.8260002669692
15.6,42.8260002669692
14.2,43.34400024503469
9.4,43.28400029346347
8.0,44.198000288456676
2.0,39.63800022035837
0.2,39.154000174105164
94.0,56.24999989539385
88.8,55.01999991804362
87.0,52.41399999886751
86.6,52.41399999886751
85.2,49.9400002387166
83.2,49.48400026589632
80.6,51.97000021845102
68.4,55.47200008302927
68.2,54.940000099241736
58.6,55.10200012356043
56.2,54.962000071853396
56.0,54.962000071853396
55.8,54.962000071853396
49.6,51.152000240832564
48.6,50.782000255435705
48.4,51.158000247329475
39.8,49.95399989515543
33.4,50.995999902784824
33.0,50.86199992567301
32.8,50.86199992567301
32.6,50.86199992567301
31.6,51.1979999576509
30.0,53.41599995002151
27.6,47.36400005295873
25.8,48.51000000074506
24.6,48.883999983221294
18.8,56.27400002256036
10.2,50.55199988737702
8.2,46.15199986577034
5.4,47.33199984759092
2.6,46.384000093638896
44.6,51.23599965125322
43.4,52.17199987441301
42.0,51.6799998036027
40.6,52.387999781668185
37.8,44.27799976170063
35.0,42.61999979749322
32.2,41.279999998658894
30.0,42.44999993667007
21.8,43.82199982330203
21.0,45.305999857634305
19.6,45.33800002172589
11.8,50.412000467330216
9.8,49.050000191479924
4.0,49.20799996331334
1.2,49.46399998381734
59.6,83.83200027227402
57.4,85.67000072479249
53.0,84.86200048089027
52.8,85.97800054192543
45.0,64.30400011479854
40.2,62.9339998292923
37.6,62.75599979639053
32.6,51.143999978899956
30.4,45.59599996060133
24.6,47.54400010317564
21.2,49.4980001334846
19.2,49.56800003156066
15.8,49.77199994057417
13.8,49.90999996975064
6.0,50.75199994876981
1.0,47.62399987146259
73.0,93.45599975943566
70.8,92.76999984264374
70.6,92.76999984264374
67.6,86.7919998896122
66.6,84.96399990677834
59.8,79.52999989271164
53.8,78.70000013232232
49.8,80.23599983289837
49.6,81.45199981763959
49.4,79.45399997785688
49.0,78.61199997022749
43.0,72.88599992886185
41.4,71.46399993970991
40.8,71.2639999397099
38.2,69.93399988248945
33.8,71.49000004127622
33.0,70.81800012663007
27.0,72.25800017878413
21.6,65.93200022220611
21.0,70.03000022649765
15.0,66.5000001220405
9.0,57.49600030586124
3.2,59.304000397324565
2.2,58.71200043976307
3.6,80.07800077319145
1.4,79.66800039410592
105.2,80.97400007203221
101.6,80.39200023368001
97.6,80.49400016501546
96.0,79.69800012543797
89.8,72.8660000629723
89.6,70.9659999628365
81.4,71.61800015941262
75.4,67.35000031396747
74.4,64.98400040462613
68.4,65.69600003838539
65.2,69.27399999260902
64.2,69.73600000023842
64.0,69.63199998497963
57.6,66.82199981525541
51.6,73.14999987244606
45.6,70.42799986213446
39.4,60.76999999597669
35.2,59.54400005295873
29.2,52.91400003612041
27.8,51.93000003159046
27.6,51.93000003159046
21.2,49.13399994194508
15.2,45.8079999256134
9.2,47.14399980068207
5.4,45.55399974346161
151.0,89.77000021696091
145.4,77.66600020647049
142.8,66.82400038838387
136.8,57.72800011277199
135.0,57.20399994015693
129.0,50.80800003558397
125.6,50.48000010192394
122.6,51.60000015795231
121.8,52.76999994903803
121.6,53.280000111162664
120.2,54.19800023183227
119.0,53.696000071167944
113.8,59.4100002104044
113.6,59.4100002104044
107.6,55.31400011122227
101.6,55.582000169754025
95.4,51.10400022178888
94.6,50.9180001989007
88.4,49.95400027737021
87.8,49.82000023588538
86.8,50.08600024446845
80.8,46.41600021228194
78.0,47.688000182658435
72.4,46.88800023153424
72.2,46.88800023153424
68.4,44.488000273406506
68.0,44.488000273406506
67.0,46.12000032708049
66.6,46.12000032708049
64.0,44.31200020954013
62.8,44.41600022479892
57.4,42.660000261217355
56.0,43.76400018587709
54.0,44.43400026798248
49.2,48.968000170737504
49.0,48.968000170737504
48.8,49.47800013020635
46.0,51.1400002117455
45.6,51.102000219374894
42.0,50.98800013497472
41.8,50.98800013497472
40.4,49.00200004532933
39.8,49.23200004532933
35.0,48.25800004914403
34.6,46.38600012257695
34.4,46.194000114947556
34.2,46.194000114947556
33.4,45.0720001001656
33.2,45.0720001001656
32.8,44.78800005868077
26.8,36.62000027447939
20.2,37.30000047147274
15.2,39.752000355422496
11.0,37.60600037753582
8.0,38.90400039672851
7.0,37.27600038215518
6.8,37.27600038215518
2.6,40.32400044754147
50.6,67.69000014305115
49.6,65.78800007820129
46.8,59.64600013613701
43.8,65.71800034284591
42.6,62.3660001423955
38.6,55.82999987900257
37.4,54.969999927878376
34.4,56.619999955296514
31.6,48.24200007334352
23.8,43.42199991434813
18.8,35.083999969214204
15.8,37.89400009199977
11.2,39.15999997496605
3.8,37.6399997779727
3.6,37.749999797046186
0.4,101.32200020462274
96.2,90.89000040248037
95.2,93.0200004787743
89.2,91.13600020602345
83.2,87.22400009304285
77.0,86.86199997574091
71.0,82.8600002041459
69.8,84.17200016409159
67.0,81.95799995332956
63.8,80.1640001912415
62.8,80.71800020650029
56.8,81.98399967387319
56.0,78.73199967578053
50.0,70.935999763757
49.0,70.34599973276258
43.2,76.82399966791272
37.2,67.68399990990758
30.8,64.37599990725518
28.8,63.52999975085258
28.6,63.60799973845482
22.4,62.88799975037575
16.4,60.507999776154755
13.2,58.78199980214238
12.0,56.92399978116155
9.2,56.449999823123214
2.8,55.33999980866909
2.4,56.7059998434782
1.4,52.9899999153614
1.0,53.40399989247322
123.8,115.7000004811585
121.4,116.67200043156743
118.6,111.04600044205785
117.6,109.97800048589707
114.6,108.76799986988306
111.2,104.39800025328994
108.4,100.12000027045607
105.6,99.59200045451522
102.8,104.08600075155496
101.6,97.77600048571826
101.4,97.22800047427415
99.8,86.50000026404858
97.0,81.49600029408931
96.0,80.03600038945675
92.4,80.47000034749507
91.8,81.32800032436847
91.0,85.2920003014803
87.8,84.96200006306171
85.0,77.17599962338805
84.2,75.49799963384866
83.6,75.64199974447489
82.8,75.55799984365702
82.0,74.63599984318017
81.4,75.58399987131357
78.6,74.80999982893466
78.0,73.72199997484684
77.2,69.14799995958805
76.4,69.07200005114079
75.8,71.3019999819994
73.0,69.29200019896031
72.2,69.29600021421909
71.6,67.5920002657175
68.8,66.38200022280216
68.0,67.18400018513202
67.4,66.16800016894936
65.8,66.57800011172891
65.2,66.0920001079142
62.4,65.97600019946694
59.6,69.34800034821033
56.8,67.70600015312434
56.2,69.16600012928248
53.4,66.73800005823374
52.6,66.7280000397563
51.8,65.93599995195865
50.4,66.02599982559681
49.8,67.53999971210956
49.0,66.83599968731403
48.4,66.66999970257282
45.6,63.76599976986647
45.4,63.85399975270033
45.2,63.82999975651503
45.0,63.737999748885635
43.4,63.75199982047081
42.2,58.613999835550786
40.8,54.89199971348047
40.0,54.89199971348047
37.2,53.883999721109866
36.6,52.743999785482885
34.2,54.44199978739023
31.4,51.25199981361627
28.6,48.67999975085259
27.2,47.817999706864356
24.4,49.83799984753132
21.8,49.120000004172326
19.0,47.54400004327297
16.8,49.70600001752376
14.0,48.784000052809716
11.2,50.19199986338615
10.6,50.19199986338615
10.0,48.363999744653704
8.6,44.91599978327751
7.2,41.951999834775926
7.0,43.811999853849414
6.0,43.14799985766411
3.2,41.63599993780255
0.4,38.70399991706014
23.6,85.66999988943338
18.4,87.37799967199564
12.8,83.87199996858836
7.6,68.26000006347894
2.8,79.58200026661157
1.8,78.44600023984908
50.0,159.99000030860304
43.6,152.9759999834001
43.4,151.72599994525314
40.6,151.5159998999536
36.4,149.29999972447752
30.4,141.50400026187302
24.0,130.30199988082052
18.0,120.68799994185567
11.4,115.04799984171987
5.4,105.87800018504262
1.0,107.93200026512146
0.2,107.65800014734268
28.0,63.223999803066256
27.6,63.223999803066256
24.8,58.65199983388185
22.0,61.35799976065755
19.2,59.86599980548024
16.4,62.2499998319149
13.6,64.39799981415271
10.8,59.723999660611156
9.8,56.877999656796455
6.8,56.877999656796455
6.4,56.877999656796455
3.6,62.31399983108044
1.6,62.28799982249737
0.2,60.893999759554866
249.8,200.56000032424927
248.6,195.64400018692015
248.2,190.2960008430481
247.2,186.42200117111207
246.8,180.41400150299071
240.0,166.68800094485283
238.0,167.88200063228606
231.8,164.47400106430052
225.4,157.55600054979325
219.0,158.79200082063676
213.2,154.0800009918213
210.0,149.81200130462648
201.6,142.7620005607605
196.0,132.10600045681
189.8,125.05200050354004
188.4,127.59800036549568
187.0,130.03000037789346
184.0,122.11400039315224
182.4,118.40000047802926
180.0,124.22200028538704
179.6,127.49800042271615
179.4,129.3680004990101
173.0,121.53199998855591
168.2,113.29200025558471
161.2,116.42800059080123
158.4,116.0880006480217
157.6,115.4940006327629
151.6,107.22200050115585
148.6,102.07600059270858
147.8,99.97200050115585
147.2,100.49600046694279
146.4,98.30000042140483
145.8,100.70400051295758
145.6,99.86800054728985
139.4,93.52400056540966
133.4,93.54800017133356
128.2,86.53800026372075
122.2,83.95000036239624
115.4,79.79200000315905
112.6,80.1559999230504
111.6,81.26999988526106
105.6,82.87399990528822
99.6,80.33599985599518
92.0,71.31599983930587
88.0,69.413999812603
82.6,70.1099998319149
70.6,65.82400014281274
54.8,58.298000074625016
51.2,58.33599998295307
50.0,57.83999998867512
38.2,56.98399981290102
37.2,59.189999683201314
13.2,71.01400007724762
8.4,67.1099999178946
7.6,68.4259999783337
4.0,70.15399983599782
0.4,77.16799996763467
111.0,147.90399993896483
105.2,146.74200096130372
102.0,143.23800106048583
95.6,147.10400064468385
90.0,141.38200017929077
84.0,137.68800026655197
77.6,126.82200020983815
73.4,121.5980004310608
71.8,121.5240002632141
68.2,115.61800028681755
61.6,115.19400061249733
59.0,118.76600067734718
52.4,115.73600018501281
46.4,105.14199954152107
40.4,106.47599989414215
37.0,101.23800015449524
36.6,100.56800018906593
36.4,98.8820000898838
34.0,95.31399986505508
33.2,96.30200008630753
32.8,94.86800004243851
32.6,95.24999997377395
32.4,92.20200017213821
32.2,91.80400017976761
32.0,91.80400017976761
31.4,91.57400021076202
31.2,91.57400021076202
31.0,112.09800060629844
30.8,90.3400001192093
30.6,92.96200023651123
30.0,91.4560001373291
29.8,91.38000011444092
29.6,90.11
29.4,90.04
29.2,90.7260000038147
27.2,84.23000009536743
21.2,75.48000012785197
14.8,70.61800009161234
8.8,70.72200006186962
5.8,71.43800010949373
0.2,70.90600001215935
233.0,185.4400000333786
221.2,165.8139996278286
219.0,168.32599993109704
218.0,169.5619997918606
217.0,167.32999982237817
216.0,163.30999970793724
215.0,161.86799958586693
214.0,163.76799992918967
213.0,166.24000005125998
212.0,171.25600004196167
210.8,166.7539998149872
208.0,162.21800004959107
205.2,170.44799980163575
202.2,168.85399995803834
199.4,158.0440003490448
197.6,157.44799981594085
194.8,156.72799941062928
192.0,143.09799942970275
188.6,148.68399959087373
180.6,136.7359995508194
177.8,132.13400015354156
175.0,139.19399979114533
172.2,132.47599979877472
169.4,129.6599995470047
168.6,127.32199949026108
166.8,131.1639999127388
164.0,131.21799951791763
160.0,109.20399948239327
157.0,99.5439999973774
153.4,106.49599978804588
150.6,105.52599961161613
146.2,102.22199946284294
142.8,101.91199943423271
140.0,102.26399965643883
136.6,109.00399987220764
133.8,104.73199968338012
131.0,100.7020001077652
128.0,103.69599994063377
125.2,96.96000005841255
119.6,93.35400002002716
119.2,94.94600015163422
116.4,86.59999993801117
113.6,90.2800000667572
110.8,85.12800021559
107.6,81.99600031763315
104.8,78.39400040537119
102.2,77.62800041109324
99.6,78.41200049310923
97.6,77.79000041872263
92.4,75.69799992084504
45.6,32.98600002735853
43.6,33.17999995112419
36.8,41.62799993142485
0.4,33.47400005742907
210.0,147.03999989509583
205.2,136.60399996116757
199.6,132.5400000038743
199.0,130.31599998861552
170.4,128.63000008016826
169.6,128.63000008016826
165.2,123.45200071334838
164.2,117.19600063800812
160.0,124.542000374794
158.0,122.61600039005279
154.8,118.46200055360794
151.6,111.73600014165044
147.6,109.06999967813492
141.4,102.06599973320961
136.2,98.59200001955033
130.0,87.97200013309717
123.8,79.93600033432246
117.8,76.19400001764298
111.8,72.85799985170364
106.8,74.66799963831902
102.4,68.66799987912178
102.2,67.07999987721443
97.2,64.42599989414215
91.0,65.1679999256134
79.0,46.85799995571375
75.6,46.572000136226414
73.8,47.07400017052889
73.2,45.79800019532442
72.8,45.79800019532442
72.2,47.70600011304021
68.6,52.23799995020032
65.6,53.07400007039308
64.2,52.81799997881055
63.4,51.757999987453225
63.2,51.757999987453225
57.2,49.017999855279925
55.6,47.67799981340766
49.6,46.436000060886144
47.0,45.0500001604855
40.8,46.6820001283288
34.6,39.37200018137693
32.4,38.992000112235544
26.4,34.61600024074316
24.0,30.178000213354824
22.8,29.756000209450722
18.4,29.400000169426203
17.4,29.670000146776438
11.4,32.93600010216236
5.4,31.208000129908324
3.8,31.3160001270473
3.6,31.1560001270473
3.2,30.642000102251767
3.0,30.618000106066464
2.2,30.716000087857246
1.4,30.716000087857246
167.8,73.90800021976233
163.6,80.96800031036139
157.6,79.61600007474422
151.6,78.52600008398295
150.8,78.66800005346536
149.6,75.3200001040101
147.6,74.06399998217822
146.8,74.99400003343821
143.4,70.92799997091294
137.4,69.99000011920928
131.2,69.77799966365099
125.2,74.27799966603517
119.2,66.38799962937831
112.6,61.87399989545345
110.8,62.71400003015995
110.4,62.29799998819828
109.2,62.011999984383586
105.8,62.07400020301342
97.0,61.406000093966725
91.0,56.364000095129015
85.4,52.970000048279765
79.2,50.13600001871586
76.0,47.434000008255246
70.6,46.80400015994906
69.4,49.21600024148822
67.8,49.09400019451976
67.2,47.87400012776256
63.4,46.62000017136335
57.0,55.36800026744604
52.2,49.26400009378791
49.2,49.673999953269956
49.0,49.76799988269806
47.6,49.30999987840652
45.0,44.037999929338696
40.0,45.3779999178648
39.8,45.3779999178648
38.8,45.3779999178648
32.8,42.70399995177984
31.2,44.44600007683039
29.6,42.72800001770258
28.6,42.72800001770258
27.8,42.72800001770258
22.8,40.64400004863739
19.0,38.85399988651275
14.6,38.27599990829825
13.8,39.377999877780674
13.6,39.377999877780674
7.6,36.68399990275502
4.8,34.84399981692433
1.6,35.31399989798665
44.6,95.94399931430817
39.4,90.80599938303232
38.6,92.02399937540292
32.8,82.22999976158142
27.2,80.63999996185302
21.2,67.40600026205182
15.2,67.06800028830767
14.2,69.23000033214689
13.0,66.03000027015806
11.2,64.26400018051267
11.0,64.26400018051267
10.8,64.26400018051267
6.4,61.657999794334174
5.8,62.425999719947576
3.6,61.887999946922065
2.2,59.35599989160895
278.2,177.49999957084657
272.6,175.02799975395203
266.6,166.608001203537
260.6,174.89000000953675
258.0,158.21999989509584
253.8,149.26200019836426
250.4,136.33199979022146
241.0,138.53200004935263
235.0,130.6320004232228
229.0,124.62000046044588
228.0,122.43800088003277
227.8,123.94200091436505
221.4,126.08000038266182
218.6,120.533999761343
211.6,108.0040002310276
206.8,105.69600056648254
200.8,95.83000029087067
194.6,95.9019995701313
188.2,88.28199964165688
182.0,89.24000005364418
181.0,86.95400005936622
180.8,86.95400005936622
174.8,87.55199995160103
168.8,82.78799988031388
162.2,73.54999967247248
155.8,71.48799984097481
150.8,68.64799973726272
149.8,68.1019997048378
147.2,63.63399982690811
141.2,62.35599967837334
135.8,54.863999990969894
135.4,55.493999933749436
130.6,48.15999998286367
127.2,48.75599988177419
124.6,47.57199990466237
124.2,46.823999936133625
119.2,43.38800001502037
115.0,40.136000013649465
109.6,35.016000001728536
104.0,33.830000149160625
99.8,33.300000040382145
93.0,31.111999886333944
92.4,30.669999931156635
92.2,30.669999931156635
87.0,29.18999987155199
85.8,28.939999890625476
81.0,28.491999956965447
75.8,26.05199989259243
74.2,25.105999890714884
68.2,24.613999900370835
67.2,23.72399990513921
61.2,22.345999945551156
55.2,21.076000007390977
54.6,21.160000029802323
50.8,20.242000065743923
49.0,19.864000028967858
48.8,19.864000028967858
48.6,19.864000028967858
42.2,20.891999969184397
36.6,21.045999988019467
30.6,18.779999966025354
27.0,16.953999936431646
20.8,25.489999784082173
14.4,15.70799999937415
8.0,17.47400006145239
7.0,17.36600006431341
6.8,17.36600006431341
6.6,17.36600006431341
5.6,17.418000058829783
4.4,17.418000058829783
3.8,17.60600005120039
2.0,17.33200003117323
30.6,127.23600019454956
19.6,114.8440005993843
17.8,111.53000038385392
17.0,113.43800022363662
15.8,112.71000004053116
14.2,112.16600023508072
10.0,111.85400033593177
4.0,114.85399987220764
183.2,125.06599981501698
182.2,143.4760005159676
181.2,116.17400003626943
180.8,116.34400022700429
172.6,116.94400058746338
169.4,108.90400016978383
169.2,108.77600029185415
162.8,114.97800014138221
161.0,114.6320001232624
159.2,110.81600006222725
158.4,107.33000014424324
155.8,102.7480003631115
155.2,102.35600046992302
154.4,100.79400019526481
154.2,104.40400025725364
148.2,99.34000026300549
146.0,95.1880000706017
145.8,95.1880000706017
144.4,93.90600011661648
144.2,97.09799994111061
144.0,96.99999992966652
142.8,87.70800000667572
136.4,82.21799990564585
130.4,76.35200002670288
124.4,66.28999963626265
123.0,67.53199952796102
117.0,62.59999963372946
111.0,56.84799983143807
109.8,56.183999854326245
103.8,51.402000041753055
103.6,51.012000041753055
97.6,48.92800009131432
91.6,46.33400035232305
85.6,49.08800024315715
84.0,47.89800018921495
82.6,44.91600017830729
82.4,44.91600017830729
78.8,38.89400022089481
72.8,41.530000315904616
71.6,45.47800024792552
66.4,49.59000009775162
65.8,49.85200003311038
59.8,54.96599992185831
57.8,55.94799991041422
55.2,53.29599956482649
50.2,56.817999664098025
44.2,62.96799970284104
38.2,54.233999619036915
36.4,52.31599959149957
35.6,52.51599957242608
35.4,52.51599957242608
29.4,52.54599946603179
25.4,54.60799956545234
25.0,54.611999542564156
19.0,51.839999526590105
13.0,49.67799964770675
7.0,54.09199945420027
4.2,53.81199943780899
1.6,51.93799950599671
148.4,156.3520004606247
139.4,143.3180004453659
139.0,141.62000033855438
134.4,138.39000009059907
128.0,150.05199986934662
122.0,148.1500000524521
116.0,137.32399983882905
113.2,148.45999952316285
107.0,146.6079995918274
101.0,145.9359998893738
94.4,130.6959997677803
92.4,119.170000166893
86.4,108.22599995613098
80.4,109.53
76.2,106.37999987840652
71.2,93.57599993228912
70.6,85.74599988937378
64.6,82.50999973773956
51.6,69.05999998241663
45.4,72.52799999952316
39.4,66.9939999628067
33.4,61.03800000935793
27.2,57.089999873638156
21.2,55.88799988776445
16.4,55.19799987345934
15.6,55.31799987345934
13.8,55.6439997652173
7.8,55.832000012248756
1.8,52.97599994972348
141.4,156.94399971961974
135.4,148.68799929141997
129.0,148.45399935245513
120.6,148.47800058841705
114.4,144.93000031471252
108.2,142.4960001182556
102.2,128.42599948883057
95.6,126.4599998474121
89.8,127.34799995422364
89.0,120.24400002479553
83.0,122.14599987506867
70.4,111.24200047969818
64.4,98.5500003170967
57.8,92.56000029802323
51.8,98.58399978220463
45.8,93.89599983036518
44.6,93.07399975597859
39.2,91.69999985188245
38.8,87.25599996060133
32.6,82.31599995613098
26.4,80.19800033092498
20.0,72.94600017547607
13.8,72.59799993753433
4.6,67.59600009202957
3.8,63.43200022935867
2.4,64.59400043547153
214.8,120.20599966049194
212.2,111.05799934744834
211.8,111.05799934744834
205.8,94.94199968457222
199.8,96.27399989247323
195.0,98.7219997215271
194.8,98.7219997215271
192.8,104.47399958014488
187.6,96.2879997587204
181.6,88.94799991965294
176.2,84.79599960207939
176.0,84.79599960207939
170.0,81.73799969747662
164.0,74.10199982643127
160.6,63.107999720573424
154.4,61.06999981105328
148.2,61.80600013077259
143.8,65.17800032317638
143.6,64.8820003002882
137.4,62.28800001502037
131.4,64.73999970555306
130.6,64.78199971318244
123.8,57.968000087738034
117.2,59.136000154018404
116.6,61.28200012922287
113.6,60.40000014930963
112.8,57.766000112593176
106.8,58.642000002861025
101.4,53.2460001283884
99.6,53.59600010156632
93.6,45.43599997356534
86.6,44.79200017318129
80.6,42.62599998936057
74.6,43.13599980458617
72.6,43.72599973544479
72.2,44.02199972972274
69.6,40.715999917835
63.6,37.173999931663275
57.6,33.675999925583604
54.8,31.387999905496837
54.0,31.943999910503624
53.6,31.943999910503624
44.8,31.409999773055315
32.4,32.20999989658594
25.4,31.643999927192926
13.8,31.731999874413013
13.4,31.825999870598316
187.2,166.13800062179564
173.0,159.52200046539306
169.4,159.89000041201712
163.4,153.31000093460082
156.6,151.38399951934815
150.6,143.15999939918518
144.4,127.45400005340576
133.0,127.48399974822998
132.8,126.61399976730347
126.8,123.16800039291383
120.6,116.74600016355515
114.8,109.50199984073639
102.4,105.25400032162666
100.8,103.86800037100912
93.0,100.4200002411008
90.6,96.02400033667683
87.6,93.99000030994415
81.4,92.3039998614788
75.2,84.18400012493133
69.8,82.00400001004338
59.4,74.15399983227253
53.2,70.46200012505055
49.2,65.2140000320971
45.6,63.20200018182397
43.6,64.0040001770854
43.4,64.0040001770854
38.0,65.17000019088387
32.0,62.25000029101968
25.4,52.08599998369813
19.4,48.032000116705895
15.6,47.2240001052618
9.6,46.64600005030632
3.6,45.91000021129847
1.6,44.98800027996302
139.0,117.53400006771088
138.6,116.53599992275238
132.8,106.75999999046326
130.0,109.18000024795532
128.8,113.5400004005432
127.4,115.8000004863739
127.2,114.84800047874451
121.0,106.94000044345856
116.2,108.32600013256074
110.0,103.67800007104874
104.0,104.2400000333786
98.0,107.59800028324128
91.8,98.40199975013734
87.8,93.08199991419912
83.4,94.07399985030294
81.2,90.60600008681416
76.4,87.5980001437664
73.6,84.57199993729591
69.8,86.00599978029727
66.4,88.37599990069866
63.0,85.8219996279478
62.8,85.8219996279478
61.4,80.62599958062172
58.6,83.46399951696395
52.6,76.98799962997437
51.8,78.93599963665008
45.4,75.02999994277954
39.4,71.30800017893314
36.4,66.2920002323389
33.6,66.43399991691112
27.4,55.072000077962876
23.6,55.52000029683113
17.4,56.06000027388334
15.4,55.82600022941828
9.0,52.931999895274636
5.0,49.169999791383745
194.8,190.85199977874757
193.8,190.51999979019166
192.4,187.84199991226197
189.6,188.7540003013611
186.8,181.53000024035572
184.0,179.27200052455066
175.6,177.71199972346426
168.4,176.7019997997582
167.8,176.83399961665273
167.6,177.78799970820546
162.4,174.22199976444244
159.6,170.03799954414367
154.0,167.48799970060588
151.2,167.59999910145999
148.4,171.80599965840577
145.6,168.40799972563983
142.0,166.31200012922287
138.4,157.74200009584428
135.6,162.0299995160103
135.0,160.47799954652785
132.2,153.51799974679946
130.2,149.29199980020522
129.6,149.74799981355667
126.8,146.55999970674515
124.0,149.28200037002563
121.2,139.53800015926362
118.4,140.90000011444093
115.6,137.2160001373291
110.0,131.97800004199146
107.2,129.04199996188282
104.4,126.24800017550588
101.6,117.45200013399125
98.8,114.78199996232986
96.0,109.22200016260147
93.2,102.55599970579148
90.4,100.54999977827072
86.0,97.56199949026107
82.8,93.55199990034103
76.2,93.85399986460806
73.4,92.24599983215332
70.6,90.2959998035431
67.8,85.89999989509583
65.0,88.9219999217987
62.2,85.86599980831146
59.4,79.63800000667572
56.6,80.96000000193715
51.8,80.67999990656972
32.8,65.46600028991699
25.6,59.72800034284592
8.8,48.36599983170628
5.2,45.02399980738759
3.8,42.74399993494153
3.6,42.74399993494153
76.2,27.413999956697225
76.0,27.413999956697225
75.6,27.413999956697225
29.8,21.58800002336502
29.4,21.58800002336502
194.8,192.77600118160248
194.6,193.30600118160248
191.8,191.268001036644
189.0,192.65000104427338
186.2,196.92800051882864
183.4,194.73600032806397
180.8,184.09000003814697
177.8,173.23400011062623
172.2,179.8980002975464
163.6,182.79200111389162
160.6,182.204001083374
159.8,179.2460012435913
157.0,173.0060010910034
156.2,173.91400093078613
155.2,174.72600090026856
152.4,163.42400108337404
146.6,158.91600064635276
143.8,158.48400071501732
141.0,148.8460005223751
138.2,148.41600025057792
135.4,150.26599994540214
133.6,146.26199969172478
133.0,146.13999972224235
130.2,139.50800029635428
127.4,137.0440002143383
124.4,134.94800035178662
121.6,126.09000009059906
118.8,125.97400026023388
116.0,126.8500000590086
113.2,120.71199989497661
110.4,124.21399950802326
107.6,120.86999979794025
102.6,121.08199985802173
97.6,111.13199977397919
92.6,110.70199977397918
89.8,111.52999956130981
86.6,106.41799976348877
82.6,104.39000034332275
79.6,97.46400051116943
76.8,88.29400013506412
73.8,78.31199985802174
71.0,83.32600008964539
67.0,84.5840001296997
64.2,87.83200005531312
49.0,86.44000046491622
46.0,87.37000054836273
39.2,86.01000017642974
37.0,81.95400012016296
34.8,77.75200024604797
5.6,58.345999786108734
184.8,140.50800001978874
178.6,137.2860000383854
172.4,133.9220004619658
166.4,125.43800029054285
165.4,124.9160004259646
162.4,122.34000037640334
162.0,121.40400039166212
155.6,115.87200015857816
149.6,106.49200023368002
147.0,108.79600029185414
140.6,103.03400022700428
134.6,97.10200040057302
128.6,99.40200025394559
127.4,98.23000023722649
121.2,93.52600036144257
115.0,83.62000032901764
109.0,80.77000032141805
103.0,83.10000020697713
97.6,76.3119998331368
96.6,76.87999986365438
93.8,76.67599991992115
87.8,77.4220000846684
83.0,78.30600017786026
82.2,73.46800008654594
81.4,71.67400037646294
81.2,71.67400037646294
75.8,58.32200003296137
69.8,54.46399999216199
63.8,52.333999892026185
57.8,49.15599991634488
57.6,48.35599991634488
51.6,49.05200002774596
46.6,45.432000092118976
46.2,45.432000092118976
42.0,45.22800001055002
41.6,44.96599999338388
35.4,40.439999980926515
33.6,40.9899999666214
33.2,40.9899999666214
32.4,40.9899999666214
20.4,39.353999877274035
15.0,37.295999941676854
12.0,36.73999989926815
6.0,36.5919999986887
1.6,31.520000155568123
0.2,31.560000137388705
262.2,139.36999970912933
256.8,133.5239999961853
254.8,136.07199981689453
251.6,124.43199976921082
245.4,122.6219996547699
239.0,119.77199981689454
234.8,118.66799937725067
228.8,116.34799922704697
222.6,116.82399937391281
220.4,123.57799916982651
219.0,124.45799940824509
212.8,123.49600005149841
206.6,127.77800055503845
198.0,133.90400004386902
191.8,138.20399998664857
185.8,122.0020003080368
182.8,116.1340003490448
182.6,114.89400031089782
175.8,104.5060001039505
169.4,99.7740005350113
163.2,93.7200002026558
158.4,91.84600053220987
152.4,88.89800071626901
148.2,87.8160009136796
146.2,85.8800007763505
140.0,87.1740005427599
134.0,88.87200076013804
125.6,86.40400024816394
123.2,85.4920002309978
117.2,83.04600031301379
111.8,77.72400015756487
109.8,79.13800022527576
104.4,80.43200014039874
98.2,78.00599984452128
91.6,74.99800020262599
85.4,73.59800016447902
83.2,71.91000004574657
76.8,69.11200002864003
74.8,69.70400003626942
73.4,71.14600004866719
73.2,71.14600004866719
72.6,71.20000006392598
66.6,66.92200003698468
65.8,66.48000001505017
64.0,69.15200010553002
63.8,69.15200010553002
61.0,66.89000012651086
54.6,66.06800017252564
48.6,72.0720001731813
47.6,73.74000014409422
41.6,71.45999998196959
37.0,72.25599997624755
35.0,73.11799996480346
34.8,73.11799996480346
29.4,70.90800012931227
23.4,70.92200017973781
17.4,72.0320000295341
11.4,75.19400008425117
9.4,74.142000105232
3.4,67.36599999770522
1.2,67.92399997010827
16.0,214.1660005569458
10.0,212.83800048828124
3.2,206.67200065612792
0.4,191.99400056838988
0.2,192.44600053787232
241.6,169.06199984550477
241.4,169.2259997844696
235.4,167.90000002861024
229.4,168.5860003757477
223.2,165.16200078964232
217.0,168.84400087356568
212.4,169.06200063228607
206.4,172.14600011348725
202.8,175.93600103378296
202.6,175.16800100326537
202.2,174.5580008506775
202.0,171.38800081253052
195.0,150.05000036239625
189.0,152.8980004119873
180.2,139.37399985313417
174.0,141.5960000705719
168.0,140.89400031089784
165.6,140.12400024414063
159.4,135.8820000344515
153.2,134.07799945652485
150.2,130.34399951756
150.0,129.43999950230122
147.8,118.84999951839447
144.2,113.96199960708618
138.2,105.98999979257583
132.0,88.18399957090617
125.8,89.64999981790781
119.6,89.66000008553266
116.4,90.18999996483326
113.0,84.2660000115633
111.2,84.32599993050098
104.8,82.64000032484532
98.4,78.39000008255243
92.4,78.77800012111663
86.4,72.27800040721894
83.6,73.31200037240983
80.8,67.72400018930435
80.6,67.72400018930435
80.4,68.19200021982194
73.4,62.85800007373095
67.4,60.53800005465746
59.4,52.88199984997511
52.8,53.712000029087065
46.8,54.09399980545044
45.2,54.52199983596802
39.0,55.237999873161314
32.8,59.78799994945526
10.4,46.08599994033575
9.8,47.10799999326468
7.8,51.66799999862909
5.4,49.12399991095066
5.2,49.12399991095066
4.6,49.70999980986118
0.2,47.34599974632263
135.6,149.22600046157837
134.6,144.99800026416779
128.6,133.1200003361702
122.6,133.9200004696846
116.4,137.04400022029876
110.0,130.6500001335144
107.0,125.01600003242493
102.4,126.51800003528595
97.8,127.82599973678589
96.2,125.26399969100952
90.0,118.92999975204468
84.0,111.34799996852875
79.8,106.09399976924061
73.8,108.62000025346875
67.4,108.90200072646141
64.6,109.79400078296662
64.2,108.99000076770783
57.8,111.34400038719177
56.8,108.19200034141541
50.4,105.36200062394143
44.4,98.94200041055679
39.4,100.44000019073486
36.2,98.09399991810322
35.0,99.2299999409914
29.0,96.36399966537952
27.4,95.35399968445302
20.8,87.04599933028221
14.2,83.63599977046252
8.2,81.94999974638223
2.6,73.25599980503321
0.2,74.6199997368455
112.4,217.34199893951416
111.4,212.89999912261962
110.4,214.1039994430542
109.4,208.31399951934816
108.4,206.9439991760254
107.4,211.99599952697753
106.4,206.77399909973144
103.6,202.24799911499022
97.2,195.55999880552292
95.0,188.53599893569947
91.4,181.50799934387206
88.6,181.52399948120117
85.8,179.6499998664856
83.6,176.804000453949
83.2,176.50400033950805
82.6,175.6480005455017
74.2,173.59800053596496
71.0,175.87200032234193
68.2,172.59199981689454
65.4,169.4879996147752
62.6,163.89399994850157
61.2,162.406000084877
58.4,155.55000013828277
55.6,153.1240001554787
52.8,150.33599966719746
50.0,153.20600000098347
47.2,155.17799958899616
44.4,155.78000001624227
38.8,156.22799941062928
36.0,148.73799931526185
32.0,137.3259993839264
31.8,137.3259993839264
28.8,131.3479992389679
26.0,124.01799962043762
23.2,120.20799942016602
20.4,114.83399978637695
17.6,111.3820001411438
14.6,107.77600011825561
11.8,110.99799980163574
9.0,112.25200023651124
5.4,106.48000015258789
2.6,106.1380000424385
274.2,108.66599980831147
272.8,109.95399983882903
272.4,109.95399983882903
259.6,117.80200045019389
257.8,117.77000061616302
252.0,111.23999987632037
251.8,111.23999987632037
245.6,108.88399969577789
244.4,105.96599961400032
238.4,101.29000015377999
235.4,100.81199970960617
234.6,102.07199964284897
232.2,103.24399951696395
231.4,102.3219995856285
225.4,95.95399935007096
219.2,93.94799933075905
213.2,83.64599977716803
201.0,80.6979997971654
197.4,83.63799998044968
191.4,85.72400007367133
189.0,83.97599998414516
188.4,83.75999992311
188.0,83.75999992311
182.0,74.63399993300438
176.2,75.12800012379884
172.4,75.25799989655614
166.4,68.98799966245889
165.8,69.59199975401162
165.2,69.59199975401162
156.6,64.42600005239248
153.2,58.07000004202128
151.2,55.28200006872416
151.0,55.28200006872416
146.0,55.03999983415007
140.2,52.11399988740683
137.6,48.033999902904036
131.6,45.451999792009595
125.2,43.34799981504679
119.2,36.26799995943904
115.0,34.8719999627769
113.8,36.1320000128448
112.8,34.55600000023842
106.8,31.77399996638298
102.8,32.10399990230799
98.4,29.896000006198882
96.8,28.58400002300739
96.6,28.58400002300739
93.8,28.910000043511392
92.4,28.322000032067297
91.0,27.343999982476234
85.6,26.208000101745128
85.4,26.206000098884104
83.4,26.676000096201896
78.8,22.869999981671572
78.4,21.755999983549117
77.8,21.755999983549117
71.8,23.26599996775389
70.6,23.855999938696623
69.0,24.151999993473293
63.0,22.17799990594387
61.8,21.865999943614007
60.2,21.337999867349865
59.6,21.337999867349865
59.4,21.337999867349865
53.4,20.315999936163426
47.4,20.790000043213368
41.4,21.298000047802926
39.6,20.808000022172926
36.8,19.974000005722047
31.6,20.216000038683415
25.6,17.905999991446734
20.4,16.20799997165799
16.2,16.453999975919725
13.2,16.167999956458807
10.4,15.323999962955714
4.4,14.929999936968088
0.2,14.241999942213297
278.6,147.80200008183718
276.4,157.74400057032705
276.2,157.81400057032704
270.0,162.42200041010975
264.0,159.2140002822876
258.6,144.97000057041646
252.6,136.8180003634095
246.4,128.850000333786
234.4,111.14200031757355
228.2,119.04400079727174
227.4,111.03600095748901
227.2,110.20200094223023
226.8,110.20200094223023
220.8,112.70000072240829
218.0,109.6320006108284
217.0,113.49200049638748
211.0,116.2560002732277
205.0,106.02400048688054
199.8,112.71400018170476
199.6,112.28600015118718
199.4,112.44800019696355
193.2,108.51599979132413
181.0,99.1039995405078
178.6,100.14399948328733
177.6,99.03599943846464
171.6,93.96800001561641
167.6,90.9999999025464
163.6,88.77599978357553
157.6,86.96999974921346
154.6,79.11799951687455
152.6,77.83199941053986
146.6,75.10399971961975
139.8,74.66599970594048
135.8,79.73999967038631
130.2,72.35600003629924
129.4,69.39600000292063
129.2,69.76199998766184
125.0,63.92199989154935
123.6,62.98199993923306
119.0,67.41799983456731
107.0,63.63199944794178
102.8,61.99799940690398
102.0,61.99799940690398
91.8,58.751999558061364
91.0,58.74799956187606
90.4,58.637999634593726
84.4,61.715999430567024
82.0,58.383999413400886
79.8,58.97399950280786
79.4,58.97399950280786
73.4,57.03999944895506
69.4,52.1319997061789
64.8,47.929999786764384
58.8,51.83999974429607
49.8,56.89599986016751
49.6,55.985999917387964
48.8,55.985999917387964
39.8,51.657999913096425
12.6,52.45599970325828
9.6,52.3839996495843
9.2,52.3839996495843
8.0,53.145999638140204
6.8,52.74799970299006
2.6,52.72799963623285
0.8,54.191999643445016
0.4,52.963999618887904
183.0,137.07600022137166
176.8,135.66799995243548
170.6,140.3859998303652
164.4,142.31600009739398
159.8,142.2159998857975
159.0,139.74199986100197
151.6,128.87999986946582
145.6,133.08000015079975
139.6,123.81600000917912
133.4,125.36799992918968
127.4,122.61999978780746
121.4,109.92600013494491
115.8,104.61600019216537
114.0,103.29000016927719
112.8,100.83600004911423
106.8,102.88999999061227
100.8,101.84399987712503
99.4,100.08199985042215
93.4,99.04999957978725
92.6,98.86599956452847
89.2,102.30399956703187
82.8,99.48999974563718
77.2,92.63199960425496
76.4,91.78399975776672
76.2,91.78399975776672
73.2,91.4219997921586
67.0,89.15400000363589
61.4,81.04799991995097
55.0,76.69999997258186
43.2,74.57000002264977
41.8,71.805999969244
35.4,68.10199975892901
29.4,65.85199976801873
25.6,65.9879998165369
22.8,63.391999726295474
18.8,62.44199982762337
12.8,60.720000034570695
10.2,61.39200004220009
4.2,59.1640000474453
0.2,55.61799991965294
254.6,175.5000001335144
254.4,175.5000001335144
251.8,177.92799955368042
251.6,178.68599954605102
245.6,164.4280001449585
242.8,163.33200035095214
239.8,165.1460000038147
233.6,151.17199962615967
229.4,145.91399977207183
226.0,144.19999959662556
224.6,134.03999970629812
219.6,122.34599983409048
213.4,126.96999969676136
207.4,113.38200001910329
201.4,112.96800017550588
195.2,110.46799990847707
189.2,106.92600006103515
188.4,108.78400001168251
186.0,110.618000395298
179.8,94.46999997958541
174.8,102.46000002011657
174.6,102.46000002011657
168.6,95.57000029191374
162.6,91.41400042057037
156.6,86.47600033670663
150.2,82.58600017815829
146.0,80.57000012755394
145.8,78.91400014281272
139.2,67.23200004532933
134.0,65.6839999909699
127.8,60.712000020295385
121.8,57.88199977427721
117.6,53.27799977779389
115.8,56.49799973487854
113.0,60.39399978935719
112.6,60.39399978935719
111.2,49.28400021314621
104.8,50.797999931424854
98.6,43.103999899178746
92.6,44.32599998682738
86.6,41.221999933421614
80.2,41.242000105977056
74.2,37.8920001116395
68.2,34.03800002396107
66.2,34.90600000023842
64.0,34.58799999460578
63.0,35.714000017493966
59.2,33.08399990171194
58.0,33.9799999025464
53.2,40.899999870061876
43.6,28.865999963730573
43.0,28.803999999016522
42.6,28.803999999016522
42.2,28.7379999999702
30.2,29.94600006759167
23.0,27.812000034451486
20.0,25.154000030457972
19.6,25.154000030457972
19.4,25.154000030457972
18.8,25.154000030457972
11.6,22.35399999961257
8.8,23.025999998897316
6.0,22.248000027984382
3.2,21.884000022262335
0.4,24.284000010192393
243.0,156.9600004787743
237.0,164.6020004940033
231.0,164.86800064325334
224.8,158.959999935627
218.8,147.94199978113176
212.8,141.69599977254867
206.4,140.07599980592727
200.4,141.9320000386238
199.4,140.9060001373291
194.8,126.20400033950806
192.4,123.86000018119812
191.4,121.02800021171569
185.2,114.52800043419003
179.2,119.49800085380673
174.2,110.7120008443296
168.2,111.6060007789731
165.6,112.39400073319673
162.2,108.15200046226383
162.0,108.93400050804019
156.0,108.65800026044249
150.0,100.40000041112303
148.4,102.15200024709105
147.8,102.04800032243132
147.2,104.54000017747283
146.2,102.59400023087859
145.8,99.41800032243133
143.2,102.41200029283762
137.2,102.03600038960576
131.0,101.7220003362
127.8,101.8820002694428
127.4,102.95400031521916
121.2,100.21399999052286
119.2,98.18399995237588
119.0,99.62599994093179
112.8,93.64399986371399
106.8,92.58600004658103
105.8,94.30800017341971
102.2,92.89600012764335
102.0,92.76800009712576
100.0,90.47599997028709
99.8,90.38199997410179
99.4,90.38199997410179
93.2,83.86799990922212
87.2,85.42600021064281
81.2,80.37400014773011
75.0,68.28200039789081
70.0,68.21400048226118
63.8,65.25200027003885
57.8,63.19200030103326
51.8,59.39000024095178
46.4,57.594000323414804
42.8,57.42800021082163
41.8,55.13400017648935
41.6,54.93400019556284
37.0,55.15200009584427
36.8,55.15200009584427
33.6,55.886000163555146
27.4,53.34200015023351
21.4,49.615999934226274
15.4,44.591999926120046
9.2,40.26599999502301
3.2,36.88800005659461
0.8,36.470000086575745
170.8,148.2840001821518
168.2,150.953999876976
162.2,149.69199943065644
150.0,147.3340001001954
148.2,146.09799981787802
142.2,135.55200019836425
136.2,132.99199995994567
130.0,131.1459996509552
127.0,123.43200027465821
126.8,122.26800033569336
120.6,118.61200033187866
116.6,112.22399995446204
110.4,112.59399967193603
105.2,110.64399992465972
99.2,97.56000042200088
95.4,99.79400011062621
91.2,95.87399991229177
91.0,95.22599988177419
89.0,93.06800023272633
85.0,92.06000021889805
79.0,93.40799997285008
72.8,91.59599991992116
66.8,90.34399999096989
60.8,85.61800015330314
54.8,87.361999720335
48.8,75.74399989515543
42.8,72.02399956345558
40.2,67.73199981808662
36.4,65.77199965119362
35.8,62.2659997022152
29.8,61.51399999096989
23.8,63.67400012239814
21.2,62.994000126421454
15.0,62.92800014168024
9.0,55.92200008153915
3.0,56.52000003397465
1.4,57.74200018465519
59.0,112.07399991989136
53.0,107.37599988937377
47.0,104.05
40.8,100.30999941349029
28.8,86.01400011137127
22.8,92.54200011327863
16.8,99.56399979576469
16.0,95.07399981841445
10.0,89.95599965825677
4.0,80.58199977084995
0.2,75.13199964806438
151.8,151.25000054359435
143.4,142.00800069332124
138.2,150.59000024318695
132.2,149.22399993419648
126.0,132.38799973487855
119.6,130.22800029754637
113.6,138.20800007820128
107.6,130.9840008544922
103.2,136.14000035762786
101.4,136.48600041866302
95.4,138.09800025463105
89.4,124.85999997377395
83.2,111.33000001192093
77.2,99.53799984514713
70.4,99.67799990892411
64.4,100.46999978780747
58.4,89.21800020694732
52.2,90.12000019311905
49.8,93.56799996137619
43.8,93.06799969434738
42.0,92.84799981549382
36.4,79.92399974063039
36.2,80.16199969485402
30.0,66.25799973681569
24.0,75.32399975135922
20.8,73.76600001558661
16.2,67.16999994695186
13.8,70.994000172019
11.0,65.01800016820431
7.4,65.82200005874037
4.6,60.359999987185
1.8,54.0720001424849
192.2,144.49000073909758
185.6,130.3140007209778
185.4,130.3140007209778
179.0,118.19999987602233
155.0,94.8539997124672
151.0,96.37599973201752
150.8,96.03999967098235
147.0,95.6360002207756
142.8,92.09800028562546
136.8,86.54400003433227
130.4,71.27200015068054
124.0,69.0320001733303
118.0,68.55199982047081
116.6,69.15599985480308
110.4,58.514000151455406
110.0,59.99600020289421
108.6,61.54600016474724
102.6,55.584000033140185
98.8,52.94800028443336
98.6,53.04600027680397
91.8,41.233999753147366
90.4,39.76399977937341
90.2,39.76399977937341
85.0,39.74199966132641
84.4,39.01799967944622
57.2,39.82799977391958
56.8,39.82799977391958
44.6,38.29799986213445
20.0,39.6280001565814
18.0,39.884000084996224
0.6,37.417999989837405
164.8,124.72600056394934
162.8,120.64800052389502
162.6,121.49600040182472
162.0,125.94800024151802
159.2,124.40000034213067
153.2,120.4659996843338
152.8,125.14399963855743
146.8,113.2819995072484
140.2,101.92199962496757
138.8,102.38799972414971
138.6,101.88799972414971
138.0,101.98199986338615
136.8,105.20400011897087
136.6,104.71400004267693
136.0,106.14600008845329
133.2,104.36000017523766
132.8,105.64600015997887
131.8,99.28800001502037
128.6,90.7880001449585
123.4,90.49200013756752
122.6,88.52000020623207
116.6,84.77800023436546
111.8,89.99799996376038
111.2,89.84199995994568
106.6,91.41800027132034
106.2,90.8000003027916
100.2,92.78600051552057
94.2,85.28600078091026
92.8,85.07600066766143
87.6,84.46400022044777
85.6,83.89400005355478
84.2,85.09000014722348
81.4,85.37600010156632
80.8,86.23800004005432
79.8,86.61200016021729
78.2,85.1980000758171
76.6,83.97800022125244
75.8,84.8520001256466
75.0,84.64600019097328
73.0,84.15000010326504
71.4,84.26599998489023
70.2,83.89800001218914
69.8,83.67399999693036
69.4,84.53999987855553
65.4,80.44399970084429
60.8,75.61599983438849
60.4,75.38799980387091
54.4,76.04199980124831
54.0,75.9059998165071
50.6,74.69199970111251
48.6,71.1979997868836
47.6,72.17799972966313
43.2,72.4059998460114
42.8,72.4059998460114
42.2,72.3459998460114
38.4,74.38999966144561
37.8,74.38999966144561
35.0,69.70399983406067
34.8,69.6419997882843
33.6,69.46399980425835
33.2,70.88799987435341
27.2,69.62999999165535
25.0,66.55800003170967
23.8,66.89000005841255
17.8,61.7379999037087
13.4,58.776000124961136
12.0,57.57000020220876
10.8,57.24400019362569
3.6,54.34600023582578
1.2,54.52000030830502
1.0,54.79200029492378
183.8,86.69000039219856
181.6,84.21800033688545
175.6,77.56600036337971
173.0,75.34600034117699
167.0,69.35000030517578
161.0,80.99000030234455
155.4,80.2260002501309
149.4,75.33399965599179
143.4,69.92599979653954
141.0,71.53399987533689
140.6,69.65599995926023
134.6,67.81800005286932
130.8,62.67200039714575
121.8,62.49000016987324
115.8,61.000000212043524
110.6,56.8420000526309
104.4,54.881999931186435
98.4,50.327999986261126
92.4,43.57400010049343
86.4,40.800000192821024
79.6,40.25000003412366
73.2,37.90200006037951
63.0,33.836000025123354
60.6,32.50000003248453
60.4,32.50000003248453
58.6,31.830000021755694
52.6,31.94599997743964
48.0,29.850000040978195
42.0,28.39399996086955
37.2,27.316000016480686
36.8,27.996000008732082
34.8,26.140000029951334
33.0,25.996000014692545
27.0,24.33000001013279
21.6,26.27000000759959
21.4,26.27000000759959
20.0,25.178000009059907
15.4,25.789999969005585
13.6,26.3199999165535
13.0,27.469999883174896
12.8,27.469999883174896
12.2,26.99399987220764
8.0,26.53199985742569
5.0,23.909999887496234
2.0,24.213999863266945
130.4,170.0319995689392
124.2,165.7219996070862
123.8,167.24199960708617
120.4,159.3620003926754
114.2,161.39800053596497
108.2,146.51200046539307
102.0,136.8340003633499
96.0,124.70199973583222
90.0,113.8899996984005
84.0,103.56999977707864
80.4,98.43999962091446
79.8,95.85799962520599
73.8,96.04000031426548
66.8,97.95200007393956
60.8,91.70599974393845
54.8,88.58400029808283
48.8,85.135999827981
44.0,83.19799965143204
41.0,85.00399995565414
40.4,84.39799998998642
34.4,76.51400000333786
28.4,70.37599975585937
22.2,67.43999971270561
22.0,67.94799964785575
19.2,61.51799970984459
19.0,61.51799970984459
13.0,58.94799990072846
7.0,57.40599976316094
3.0,61.57799998864532
0.6,62.00400013163686
217.0,160.73999908924102
210.8,165.79199945926666
204.2,162.6339998149872
201.4,159.9919998693466
195.2,151.8419994802773
188.8,138.89200017929076
181.6,135.27200002670287
175.6,133.00199971199035
169.2,124.48199991047382
163.0,123.0539997267723
157.0,123.18600019812584
154.0,116.46000052809715
152.4,114.66000057578087
152.2,112.21600049853325
146.2,103.6040000975132
135.8,96.17199977755547
129.8,103.74999971985817
123.8,93.31600003361702
121.0,95.15000028729439
120.8,93.48600035786629
120.6,93.48600035786629
114.6,78.62400002360344
99.2,72.62799976170064
93.6,72.46799969017506
88.2,71.41399980127811
80.4,63.91599977016449
72.8,61.20999995946884
66.8,64.00599995851516
60.8,69.21199988380074
54.6,61.21800014734268
48.6,57.5220002412796
41.6,54.76600018978119
35.6,52.162000136375426
29.6,52.38800004005432
26.0,51.646000118255614
25.2,50.99400008678436
25.0,50.99400008678436
24.6,50.83800002574921
17.8,49.35600010588765
12.0,43.48400024592876
11.8,44.394000207781794
5.8,42.940000019967556
1.4,47.15400029271841
1.2,41.53399995982647
151.0,190.07400018692016
149.4,192.37600027084352
147.4,187.45800018310547
146.8,182.36599998474122
145.4,174.32999937057494
142.6,172.19399925231934
139.8,164.3959997177124
137.0,156.8099997138977
134.0,158.27799944117666
128.8,159.3579992504418
126.0,154.7879995690286
123.0,157.86199946507813
119.2,151.09999979689718
116.4,152.39200021654366
110.6,147.1679998651147
107.6,146.9119994226098
104.8,149.21799927949905
102.0,155.62799943163992
99.2,152.42799916818737
96.4,149.1019986923039
96.0,149.00599863126874
93.2,150.58799935653806
90.4,148.10599985435604
87.8,153.38799990773202
85.0,148.34400042653084
81.4,150.82200094610454
78.6,143.31800125077368
75.8,140.9420009608567
72.8,139.30000043869018
70.0,130.34199984550477
67.2,131.12199986457824
64.4,129.58200013160706
61.4,131.77000012397767
56.2,132.22600011825563
53.4,120.56600018933415
50.6,114.41000069335104
47.8,108.59400013640523
42.0,105.4159996445477
39.2,102.88399974882603
36.2,96.97000005304814
34.2,91.11800031602382
33.8,91.11800031602382
30.8,88.55000019967557
27.8,89.5899999332428
22.2,84.39200018882751
19.4,82.69000020503998
16.6,79.21200025081635
13.8,74.70400028705598
11.0,73.94200014591217
8.2,72.8700002527237
2.2,72.4200004029274
190.2,110.83199956536293
188.4,115.17399938225746
182.4,121.50599858999253
176.4,130.75999872922898
174.4,133.5559993481636
168.2,141.23799980163574
166.8,137.08399974346162
165.4,134.67999970912933
160.8,135.31999989509583
159.8,137.7619997549057
153.8,124.86800039291381
152.8,121.33600014805793
151.4,125.97799995839596
145.4,110.87000031903386
141.6,115.03800027370453
135.6,108.68200044870376
134.4,107.60800041675567
128.6,108.87800012826919
122.6,103.8419995367527
116.6,99.19199944376946
114.8,97.17999962687492
113.2,93.21199957370759
107.2,89.52599994182587
101.2,84.3160000371933
99.0,82.95800012111664
98.8,82.95800012111664
93.2,78.54000022411347
92.2,78.14000030636788
89.6,74.60000017285347
83.4,69.01200026869773
80.6,65.45800014138221
79.2,64.5000001680851
78.4,62.72200005367398
73.6,58.19199987962842
67.6,53.015999970138076
64.0,52.24800000399351
61.2,50.79800003051758
60.0,50.71800002381205
59.6,50.51200003907084
55.6,44.854000003486874
49.6,40.84599980458617
47.6,38.69799982771278
46.2,36.277999881356955
43.6,33.609999876469374
42.8,33.029999828785655
42.0,33.029999828785655
39.4,32.87399983689189
36.0,31.345999922007323
34.8,31.9139999859035
34.6,31.9139999859035
33.4,31.749999989718198
29.4,31.04199999973178
23.4,30.384000008553265
21.0,29.98400002643466
16.6,34.67600007101893
14.6,26.881999995708465
14.0,26.881999995708465
8.0,23.86399997830391
4.2,23.22000006467104
3.0,23.22000006467104
0.6,22.906000058948994
184.4,149.77600045874715
178.4,141.00000051215292
172.4,130.11999993041158
166.4,130.33199995711445
160.4,120.97999971151351
156.8,121.93199975252152
156.2,122.38999961137772
150.0,118.53799983024597
144.0,121.664000030756
137.4,117.13999998211861
133.0,108.12600036978722
127.0,102.22600033640862
125.0,98.38400025248528
119.0,93.36600033551454
113.0,85.78599978923798
106.8,85.01200024440885
101.8,80.304000210315
96.6,77.06999992251396
91.6,72.10000009894371
85.6,70.48000012516975
83.0,69.65600013613701
75.6,62.534000286757944
75.0,64.68800031334162
70.0,61.635999857485295
64.0,51.97199980318546
58.8,51.99599982559681
56.8,47.12399980127812
50.6,46.56599975883961
44.6,49.101999862492086
41.0,47.32199985772371
38.6,47.26799986451864
33.4,44.66999981492758
27.4,42.3759997934103
27.0,41.85999983966351
26.2,41.001999832987785
24.6,40.56799983486533
18.6,36.383999789208175
12.6,34.153999829739334
5.6,29.529999865293505
2.8,29.195999891161918
130.6,115.3539997549355
130.4,115.3539997549355
130.0,114.93399979308248
129.8,114.93399979308248
129.6,114.93399979308248
129.2,114.93399979308248
129.0,115.78399977400899
123.2,121.01600001335144
119.4,125.54199988365173
113.4,122.7340005429089
107.4,123.38000024348497
102.6,114.49000031977891
102.4,114.49000031977891
101.2,114.10200032740832
93.8,99.97200022414327
87.2,102.4720000512898
81.6,100.19000053599477
75.6,104.36000057414174
71.8,102.45000043392182
65.8,97.35600049972534
62.6,89.3360001707077
56.4,84.1160004246235
51.8,88.71000038981438
49.2,83.82400045275688
46.4,80.07000054597854
40.2,75.42200003340841
38.0,79.03600022986531
35.0,76.54599997788668
34.0,72.97599993020296
28.0,69.92600005120039
22.0,76.90399997115135
16.6,77.0499998037517
10.2,75.3579998575151
4.2,73.73400051340461
3.0,76.18800049051643
1.6,76.76800047382713
1.2,77.67000050053001
115.6,148.35200048446654
109.2,141.84200054645538
103.2,142.84600005626677
97.2,145.18800045013427
91.2,135.30600021362304
85.2,124.0160001373291
79.2,118.04400020122529
73.2,110.23200009822845
67.2,95.5260000872612
62.6,90.00799959897995
62.4,90.65199953794479
59.4,96.97799966812134
53.4,88.24599989414214
47.4,90.81199995040893
41.4,87.50399958848953
35.2,83.70800007939339
29.0,80.84799984648824
23.0,80.0299997420609
17.0,82.57800044327975
11.0,77.51200065404177
4.6,74.42000042036176
255.2,121.77600002884864
254.0,115.26199949398637
252.8,118.84999965801835
246.8,124.59399992763996
240.8,126.07399989843368
238.0,116.33799972772599
237.6,116.14399971246719
231.6,102.5599997587502
225.6,94.94600010991097
219.6,83.73200028657914
219.4,84.85800024271012
213.2,83.86399985790253
207.2,80.8840002989769
199.0,83.32000025510789
193.0,71.03400019660592
186.8,70.6920000194013
181.8,66.77600039184094
181.6,66.46600038230419
176.6,72.66199989661574
170.6,72.91400008022785
164.4,80.53600053727627
162.8,79.79600051343441
156.8,73.0620004749298
151.6,67.96800009965897
145.6,66.1960000666976
140.6,67.96800033539533
140.0,67.96800033539533
135.6,63.41000029116869
133.2,65.9500002759695
132.6,69.43200008809566
132.4,69.43200008809566
126.4,69.85200026884675
120.6,68.51000023990869
120.0,68.37000023990869
114.6,64.25600010603667
107.8,62.2620000782609
101.4,63.32799986571074
98.4,57.85799984902143
92.4,55.37600001513958
86.0,55.3519998472929
85.8,56.59399989068508
79.8,50.97799993276596
73.4,48.00800005495548
70.0,52.38600001752376
68.6,52.457999984622
62.2,53.26599992677569
55.8,47.31600007891655
47.6,45.9179999729991
39.8,41.709999943375585
20.8,39.21999999344349
20.2,39.21999999344349
55.6,138.97600011825563
54.8,144.6400002861023
53.0,146.49799988269805
48.8,134.99599915504456
42.8,121.72799921706319
38.2,121.21599950030446
36.4,125.01399974539876
35.4,120.78599984839559
29.4,108.74599931955338
23.4,101.85999952316284
18.0,112.19999976158142
17.2,110.39599989652633
11.2,110.53199975252151
4.6,105.59800001859665
114.2,132.6979996418953
107.8,120.67799886703492
99.6,114.15999974250794
93.6,103.21399993419647
87.6,104.15199982643128
75.6,100.83000005722046
69.6,91.6120001411438
63.2,90.39399991989136
57.2,84.89399995803834
54.4,72.08600034236908
54.0,75.94000028133392
44.0,59.46599969267845
43.6,56.66799979567528
37.6,57.44400032401085
31.4,52.672000201940534
19.2,45.729999841451644
13.2,42.58000007033348
7.0,39.831999895572665
1.0,42.70799985915423
61.8,84.7779998767376
55.8,84.0819997704029
49.0,82.67599977567792
43.0,85.42399980857968
39.2,83.6439997215569
37.4,80.89599980548024
31.4,77.43199982240796
25.4,77.70399988725781
19.4,75.91999991610646
14.0,79.20799989894033
8.0,81.8999996729195
4.0,74.64799998000264
166.8,129.30999979496002
160.6,124.01199976444245
157.4,114.02199943065644
157.2,113.36399943828583
147.6,107.58999980092048
147.0,104.07999985814095
140.8,111.64000005841255
134.8,109.4100001347065
131.4,104.77199962735176
125.4,98.18199987530708
119.6,100.36599992871284
114.0,95.00999995350838
108.0,85.13000024676323
100.4,86.46799977183342
99.2,86.57199990153313
98.6,87.50599984049796
86.8,75.24799975633621
78.0,69.88599999189377
72.0,67.3100000667572
66.0,63.55000018835068
59.8,56.392000343799594
54.0,51.46600016742945
52.2,51.00000007778406
46.2,55.91199986219406
39.8,57.74000008702278
33.8,56.96400025486946
27.6,58.54000008225441
27.2,58.42800011277199
21.2,55.80599998146295
13.6,52.94199999541044
12.2,52.62799988090992
11.2,52.045999897122385
5.0,51.489999869167804
1.6,51.61199977427721
1.4,51.61199977427721
0.6,50.679999770522116
197.6,154.745999584198
196.8,156.97999952316283
190.6,150.30999964430927
184.6,145.25599976539613
178.6,144.78399991989136
172.4,142.96399970531465
166.8,134.93799964904784
163.6,131.33799962639807
157.6,125.7699997985363
151.6,121.85400009989739
145.6,115.53600012257695
142.2,116.23999991804361
136.2,103.28799990326166
134.8,104.02800004988909
133.8,103.84999998882412
127.8,100.89599996224045
121.8,104.52199975013733
109.4,90.57999982953072
104.4,87.92799967646599
99.4,90.03599997162819
98.8,90.57600009560585
92.6,89.63000008061528
86.2,78.13200032666326
77.0,77.61600024655462
71.6,66.17599973633885
71.2,65.92399972870946
70.4,66.46999979376793
67.8,68.59799984455108
62.4,66.87600000932812
61.4,65.54399986818433
59.6,67.05599988535046
56.2,67.74399986103177
53.6,66.99800004035234
47.6,64.42200004413723
46.2,61.18799991443753
36.8,58.00199990734458
36.6,58.00199990734458
30.6,51.94999977260828
27.4,51.039999725222586
26.4,49.90599958956241
24.0,50.98399975910783
17.4,47.86999983921647
11.0,44.38599968791008
4.6,38.66199982330203
4.4,38.57799982234835
2.8,38.38999988004565
174.4,170.65000070288778
170.8,166.44000072196127
168.0,150.54400056555866
165.2,151.35799994185567
162.2,145.723999774009
159.4,147.80199993804098
155.6,150.08599965587257
152.4,142.54599973216654
149.6,147.57399965301155
146.8,141.29599992960692
144.8,142.83000040262937
141.2,142.37399999827147
138.4,136.8740001012385
135.6,145.8839998628199
132.6,148.63799922943116
129.8,142.265999648571
127.0,133.85799949645997
124.2,134.7139991760254
121.2,134.19999931335448
118.4,131.7179995727539
114.6,127.95799932956696
111.8,119.20999987125397
109.8,118.21799996376038
108.4,112.42799990653992
102.0,104.82600039482116
99.2,101.43000032424926
96.4,95.02400036811828
93.6,86.19200021147728
90.8,84.50400025755167
88.0,80.51000051885843
85.2,81.02400011256337
82.4,76.08800024747849
79.6,74.20800011396408
76.8,69.49400016784668
73.6,59.13599974393845
66.6,55.973999633342025
66.4,55.973999633342025
65.8,55.973999633342025
56.8,54.471999625712634
38.8,44.61199981689453
25.8,45.35399994105101
13.8,51.71199988141656
1.8,53.79599975734949
1.2,55.181999702453616
3.2,82.65199981361627
2.4,81.06999981552363
77.2,98.42200010448694
70.8,100.9380003848672
60.8,94.63399998813867
55.4,90.80999977543951
54.8,89.71599974110723
48.2,92.4479995842278
45.0,92.73199992850422
38.2,86.07800004869699
32.2,86.57999958351255
26.4,86.14599956348539
26.0,86.14599956348539
19.8,89.38999952629209
16.2,88.65799951389432
10.0,85.24599990591406
9.0,83.67399984583258
4.8,83.67200014337897
1.0,76.52800034046173
56.6,50.75400016695261
43.4,51.16400011643768
25.4,45.40599992394447
17.0,42.27200004965067
12.6,40.72799997791648
10.6,40.8859999512136
9.4,39.97799996480346
7.8,37.69199999347329
6.4,51.42200015872717
30.4,93.20200037002563
23.8,92.97399988234044
14.8,81.5359999793768
9.2,83.99000014722347
8.0,81.50200001180173
1.4,84.6699999165535
0.6,86.7479997420311
161.4,134.7379998922348
158.2,136.77000015735626
152.0,127.0520002937317
143.6,128.26000105381013
142.8,125.30800100237131
136.6,124.04200046733021
136.0,122.9000004978478
130.6,112.78799972534179
121.8,105.83799951747059
121.6,106.6879995174706
115.4,106.71399968534708
109.4,104.78799969673156
102.8,91.15799961164593
97.0,94.34599967509509
93.6,96.12599953204393
92.4,96.82599948436022
86.2,92.44400010496378
85.4,98.25400008678436
84.8,90.8440000668168
78.6,86.46600014358759
76.0,82.99000018462539
75.6,83.01000022277236
69.4,75.42600016742945
65.0,76.9980002823472
61.6,73.88599999338389
55.4,72.70800020813942
52.6,77.52600021004677
51.2,79.2760001718998
45.2,77.84600025892257
39.2,78.85200006484985
38.0,74.97799993515015
36.6,74.4280000114441
33.8,72.23200003504753
31.2,70.39400010943413
25.2,73.53599999308587
18.0,67.26400016799569
6.2,70.05800020456314
194.8,171.5919998550415
188.6,173.31999950408937
182.0,155.025999686718
175.8,155.943999812603
173.6,148.381999938488
167.6,138.32599993467332
161.2,130.5920006366074
160.4,136.03600053027273
160.2,136.03600053027273
154.0,141.4640005607903
148.0,143.37800034716724
141.6,133.00000033140182
135.4,124.97800021409988
126.2,127.70999987125397
120.2,125.73000029087066
114.2,116.87400026798248
108.0,110.36599988222122
104.2,112.58800015211105
98.0,106.65600057125091
92.4,105.33200007796287
89.0,100.34600008130073
82.8,94.60399950146675
76.8,97.43999935105442
70.8,96.1799993377924
65.8,90.2899995726347
59.8,78.58999990016223
56.0,74.75600005120039
54.4,73.73000000923872
48.4,77.18600013703107
47.6,75.89600018233061
41.6,70.04800003811717
35.2,67.93799977079034
29.0,71.50200018271804
22.6,67.00800013720989
22.4,67.18200017154217
19.2,67.09799999698997
16.8,64.0440000604093
16.2,64.0440000604093
15.6,59.945999934524295
9.6,56.70799982264638
9.2,58.60799984648824
5.0,63.353999862223866
3.6,61.902000002413985
147.6,151.5059999847412
146.6,156.4880001449585
140.2,145.15800064086915
133.6,145.40200045585632
127.6,131.0640005171299
121.6,122.8880000793934
116.0,119.25200035691262
109.8,118.94800032496453
103.8,113.75000009894372
102.6,112.97800014138221
98.2,103.9520002067089
97.2,101.93000046610832
91.0,95.84400030970573
84.6,97.23200029015541
78.4,90.98400011658669
72.0,88.7420001772046
66.0,81.00400022357702
60.8,77.1780001668632
56.2,74.42000020116568
51.8,75.27999991431832
45.4,72.77399981036783
43.8,75.13999992027878
43.4,73.46199984207749
43.2,73.46199984207749
37.0,72.14800013750792
32.8,67.6919998511672
26.6,64.98199989169836
20.2,64.40599991977214
14.2,66.79200019896031
8.2,63.141999979615214
2.0,62.94000019997358
37.2,108.8339998574555
31.2,104.01600006297231
25.0,106.09000044718385
22.6,102.72400057390333
16.6,98.05800040721893
10.6,95.36400027751922
4.4,84.77600019872189
21.4,101.99799993753433
17.2,93.33600005865097
11.0,93.52199985265732
10.8,93.2899998831749
10.6,92.45199990034104
4.4,104.6459997177124
64.0,95.52799953848124
61.0,94.34799943745136
41.8,87.80799974501133
39.8,90.26199972212315
33.8,90.87199957475066
33.4,90.8079995404184
22.4,87.75199955806136
22.2,87.75199955806136
22.0,87.75199955806136
8.4,80.39799936920404
4.6,78.19399935871363
2.4,77.90199929386377
8.4,90.84399998664856
2.4,83.90799978733062
1.8,82.38999973773956
7.0,146.02200077056884
4.2,145.9160007095337
209.4,121.47600027874113
203.0,125.11600026801229
197.0,109.74399967387319
193.8,112.0899998986721
187.8,118.00599971964955
184.2,115.39199981451034
182.6,109.45600002527237
176.6,108.39400005817413
170.6,93.47799999386072
164.6,90.35199969723821
159.0,83.69200007632375
158.0,87.44400040343403
152.0,89.92600027948617
151.8,89.80600027948618
145.8,85.58600005730986
143.6,85.05199985608459
139.8,78.56599970236421
136.6,82.54799974620342
133.0,85.12199992597102
127.0,83.24399981245398
123.4,78.95799981877208
117.4,75.48399962931872
114.0,81.85600036978721
113.8,75.86199981883168
110.6,77.24599966049195
104.4,75.2700000679493
101.2,69.5199999935925
95.2,70.42800020128489
90.4,71.09600049883127
88.2,68.39200046449899
88.0,68.39200046449899
87.4,68.14200050264597
86.0,66.80400047153235
85.8,66.80400047153235
82.8,66.81400037020445
80.2,66.59200024694205
77.0,67.79000022619962
75.6,68.17800026684999
66.6,68.37000024870038
64.2,67.21200004726649
63.8,67.21200004726649
57.8,70.9160000680387
55.2,68.4580002182722
49.2,67.86200029432774
43.2,67.20800005167723
42.2,69.20400007456541
38.6,64.71800013184547
31.6,64.37000026196242
25.6,69.7500005364418
23.8,69.8900005364418
19.0,62.81400028347969
14.8,63.30800027772784
14.6,63.30800027772784
11.8,61.112000407725574
10.0,60.832000317126514
9.8,60.832000317126514
9.6,60.832000317126514
6.0,58.90400033429265
2.8,58.5160003323853
2.2,58.4920003362
100.0,176.56000074386597
98.8,177.51200090408327
98.6,177.70000101089477
95.8,188.43000095561146
92.6,179.79200066566466
89.6,181.14600097179414
86.8,173.39800085067748
83.4,168.05599984169007
80.6,164.59199999809266
77.8,157.82799994662403
75.0,157.82599976539612
72.6,165.91200003623962
70.4,168.3960000038147
67.2,165.56600086927415
64.4,149.30600001096727
61.6,140.41600010633468
58.8,140.77400032758712
56.0,139.20800073623658
53.2,135.72800086975099
52.6,132.59800094604492
52.4,133.4020008277893
49.6,134.69400075912475
44.0,118.41000020220876
40.4,111.96000023797154
36.4,115.24400017932058
33.6,113.44799992755055
33.4,113.68799990847707
30.6,119.0139998550713
27.8,114.02000016212463
25.0,109.34000004529953
22.2,96.21600021839141
19.2,91.14000002145767
16.4,84.69400002360344
13.6,85.64000019729137
10.8,84.74600016057491
8.0,87.36199960589408
5.2,82.26199965074659
2.4,83.65799950197339
151.0,95.19800016641616
149.6,93.65400032281876
147.8,97.07600040197373
144.2,90.06400046944619
143.6,87.41800025343895
142.4,84.23000034928322
139.8,86.05200010180474
135.4,84.05000017046929
131.0,84.52800016283989
130.8,84.52800016283989
129.8,84.52800016283989
126.0,86.78399991825223
124.6,78.59600002124905
119.8,84.71800045266747
118.8,82.81200048699975
118.6,84.16600046411156
116.0,83.00200037017464
114.4,77.2700003196299
113.2,76.02400046363474
110.6,74.6060003234446
106.2,69.37000013366341
104.8,69.54200010195375
103.0,68.53800004854799
99.2,71.27800005331636
98.0,72.84199996843934
92.0,71.60999986812472
90.6,70.11799973651767
86.4,65.63399971604348
83.8,62.73199988499284
82.4,65.64999986544251
82.2,65.64999986544251
82.0,65.64999986544251
78.4,68.3460000166297
76.8,65.05200009196997
70.0,61.43200006395578
69.8,60.76600014030933
68.0,67.20800013542176
65.8,68.65400011390447
62.6,68.01599985614419
61.6,67.53799988165498
61.4,67.53799988165498
59.6,63.28200004547834
58.4,62.69600002259016
58.2,61.179999990165236
55.2,56.738000030070545
55.0,57.24800003007054
54.6,57.24800003007054
54.4,57.24800003007054
51.0,55.99000014215708
50.4,54.85600009828806
42.8,59.472000212967394
41.4,60.29000025123358
40.0,59.828000251203775
37.0,58.97199995741248
32.8,63.09399994120002
26.8,63.015999853909015
23.6,63.08399983078241
23.2,63.08399983078241
23.0,63.08399983078241
22.2,63.37799984961748
21.6,63.44599996596575
20.8,61.24999990493059
20.4,61.16199995070696
20.2,60.53199997931719
19.4,60.53199997931719
17.6,59.75599995642901
13.8,58.991999941170214
12.2,57.14399991065264
11.0,57.14399991065264
10.2,57.14399991065264
8.8,56.055999927818775
7.4,56.059999940097335
6.8,56.059999940097335
6.6,56.00999994009733
4.8,54.35599982947111
2.2,55.19199981808662
2.0,55.19199981808662
138.0,139.39800020217896
132.0,138.2680002975464
125.2,142.86199968338013
119.0,132.667999625206
112.0,131.02599942207337
110.8,130.94399940490723
104.8,119.48200057461858
100.8,117.66200035765767
100.0,113.20600017502903
93.8,116.29800024464727
87.8,116.52600032091141
75.0,107.28599997520446
67.8,96.28400032997132
65.6,94.26600061416626
59.6,92.22600023269653
57.8,91.08000038146973
53.6,91.69400017559528
52.8,87.18600003063679
46.8,77.19999987125397
40.8,70.2459996214509
34.8,71.61399980545043
30.2,59.76399988174438
24.2,58.62400003939867
18.2,52.38399992614985
16.8,52.20399971395731
15.0,51.65599969297647
11.8,48.21600003197789
7.0,45.34400007635355
6.8,45.34400007635355
0.8,45.157999927699564
263.8,197.71600036621095
261.0,195.10599983215332
259.6,198.86200054168702
255.4,198.4660004043579
255.0,198.30599983215333
254.2,196.28999980926514
253.6,192.79
253.4,192.47600006103517
251.2,177.4020000076294
248.2,172.31200019836425
244.2,170.00000087738036
241.4,171.87600044250487
240.4,172.8880004119873
240.0,170.326000289917
237.2,169.50000051021576
233.4,169.32400047302247
231.2,166.96800090789796
229.0,164.34000106811524
226.0,160.7040007019043
223.6,157.18000053405763
222.2,158.64400016307832
219.4,151.39800002098085
216.4,147.7380002117157
212.2,144.3920005595684
209.4,142.23800074100495
206.6,144.4020002889633
203.6,150.1220004272461
200.8,146.37800017356872
200.4,146.2860004234314
199.8,146.26800039291382
197.0,151.07600046157836
196.0,143.99800050735473
192.8,138.060000269413
189.2,140.118000010252
186.4,132.27400032401084
182.8,131.36000026106834
180.0,121.17600021719933
177.2,117.41800025343895
173.4,113.59800048232078
167.4,113.17000028014183
166.8,115.80000015616417
160.4,107.23800024151802
154.2,101.40600051641464
148.0,107.02400065615774
142.0,104.68400087833405
140.4,103.94000076770783
139.8,103.48800075247884
139.4,103.48800075247884
135.8,104.19800043538213
129.6,103.09800027340651
123.6,96.00799977317452
117.6,89.22000044688582
109.8,85.21400030478836
108.4,79.37200038298964
104.2,78.886000302881
103.6,79.52600028380752
98.2,73.1840001951158
91.8,69.85000019937753
85.8,66.22400021612644
83.2,68.91400009781123
77.2,65.2640002372861
74.4,65.27800028115512
73.8,64.89200027137994
70.4,62.390000139772894
64.4,61.706000139415266
58.4,60.990000229477886
52.4,61.96999987781048
46.4,56.51999996438622
44.0,54.45200003474951
43.0,54.222000034749506
37.0,46.102000093907115
31.0,40.47600007757544
28.6,41.034000082314016
27.6,42.23400012046099
22.0,42.36400011852383
16.0,42.87800004199147
12.6,39.890000021010636
12.4,39.890000021010636
6.4,37.95800003513694
4.8,35.68000001177192
2.4,35.69600003778935
1.2,35.85400004640221
66.6,132.74999973773956
60.6,128.819999807477
58.6,130.52399965941905
58.0,128.16399983346463
52.0,110.99199946969748
48.2,100.9640000101924
46.6,102.34800018563867
43.0,95.24999987185001
42.8,95.24999987185001
37.8,90.12599990606309
37.6,90.01999992132187
31.6,85.44000007987023
25.6,78.38199970394373
25.2,79.43399971157312
24.4,79.35599984318019
23.2,78.86199986189604
22.0,77.24999984174967
20.8,75.1979998627305
19.6,73.76399987369776
19.0,74.24799984961749
13.0,81.27399974405766
6.6,82.16999999582768
1.0,81.91000020697713
95.0,119.30399999439716
89.0,114.00400034368039
83.0,108.05600046277046
82.2,107.02800064206123
79.8,110.71600026071071
73.0,106.64200029730797
60.8,101.35000042915344
54.8,91.96599997758865
48.8,92.39000031471252
44.8,95.12200029969216
44.6,95.65000031113624
38.4,80.43799992829561
32.8,74.03400029331446
32.0,71.46400027424097
26.0,60.304000031501054
19.8,56.38200001195073
13.6,51.70999979197979
7.6,50.53399972632528
5.4,52.153999820500616
0.8,49.85199987500906
179.0,160.4600007343292
172.8,158.0160004901886
166.0,153.20800046920778
160.0,151.0160006761551
157.2,157.1920005273819
151.2,160.17600058078767
145.0,162.5680002260208
138.8,143.79000017642974
136.8,143.59400019168854
134.8,145.53600016117096
132.4,145.2519999599457
126.2,140.2739999294281
120.2,132.35199990466236
114.0,128.77800014689564
109.6,131.43199994280934
103.6,125.09799997881055
97.4,125.3139996559918
95.0,126.68199984744192
94.2,123.36199993088842
87.2,122.929999961406
81.2,118.7060001245141
75.0,118.30800034239888
67.0,115.11600040391087
61.0,107.94200047448277
55.0,108.62200021460653
51.0,112.59600034430623
45.0,101.30600024417043
41.0,98.84000032916666
39.8,97.55000046506524
33.8,91.89600032150746
27.8,92.31800033986569
21.0,91.97800035655499
14.8,89.90000014603137
9.8,87.44200024902821
8.6,89.86400026619434
2.6,89.09400025188923
0.6,86.64800039112568
178.4,150.17199918270111
172.4,141.96800020217896
165.8,143.9440002822876
159.8,139.59400044158102
158.2,140.33200070098042
158.0,140.60200039580465
152.4,130.2779998703301
152.2,130.2779998703301
146.2,132.75799983218312
145.8,132.37599978640677
139.8,123.46199928283691
133.8,127.37599914550782
127.8,120.70599926188588
121.8,118.21199963763357
119.4,120.19000000432133
118.6,117.40400001958012
116.0,113.08599989369512
110.0,111.4040001244843
104.0,108.80400045827031
98.0,113.28200054123998
91.8,113.1000001294911
87.2,107.84199972465635
87.0,107.84199972465635
80.8,108.66599957302213
78.2,109.91599973201751
77.6,109.91599973201751
76.2,107.65399962544441
69.4,90.44199999928475
67.4,85.37600009560585
61.6,84.44799976468086
60.6,83.1939998447895
57.2,77.9759998524189
56.6,77.84799982190133
50.6,77.36599993258714
44.6,77.6100002682209
38.4,79.08200018048286
32.4,77.15999987602234
28.2,70.62599976450205
27.8,70.27399975687266
21.2,70.58199981510639
15.2,69.09799977988004
13.0,66.12399984285236
12.4,67.04999987334013
6.4,69.48199982374906
1.2,64.90599975451828
149.8,150.11399994164705
143.6,135.72199975281953
141.8,135.60599972128867
139.8,131.98599989056586
133.8,135.8299995982647
127.8,124.55999987125396
121.2,119.57399999141693
115.2,113.40000007390977
109.6,98.02400004148484
109.2,102.48799999952317
107.2,107.55999977827072
103.0,108.51599996447563
102.4,108.69600017428398
98.2,106.06800040364266
98.0,106.69000044941902
92.0,99.7840001821518
86.0,92.00199989467859
80.0,91.49400030761957
74.0,85.84400016278029
67.8,79.3319999499619
61.8,81.47599999263883
55.0,74.26799988508225
51.4,69.83199969768525
48.8,71.09199969530106
42.8,67.53399968624115
41.8,67.47799954175949
35.0,66.18199978545309
31.4,67.10799962520599
30.2,65.8099996471405
24.2,59.86399965047836
23.8,58.949999742507934
18.2,56.280000001937154
13.0,53.62000009208918
7.8,53.429999988973144
1.8,51.75600018978119
236.4,186.26200061798096
236.0,187.45600090026855
235.6,191.58800086975097
235.2,191.39400115966797
231.8,187.2920008468628
231.0,186.55800067901612
227.2,188.7080007171631
225.4,186.45200073242188
223.4,184.6640002822876
220.4,175.51
217.6,161.05000005245208
216.4,159.0599998998642
215.0,163.9819999074936
212.6,166.4620000600815
212.0,168.82599992275237
210.8,162.34999993801117
208.4,160.5599997854233
207.6,165.1679995727539
207.0,165.51599945068358
203.8,161.06599975585937
201.0,160.63599992752074
198.2,165.7859999847412
195.4,165.3280005645752
193.0,160.20400051116943
191.8,152.06600057125092
188.4,150.43800048828126
185.6,154.74199981689452
182.8,147.1279999065399
180.0,145.32799967765808
177.2,136.9519998216629
175.8,134.58399974346162
173.0,132.34600004673004
172.4,131.55800018429755
172.2,133.05400018334387
172.0,133.05400018334387
169.2,123.80400023341178
166.2,117.99000039339066
163.4,122.18600031375885
162.2,123.79600037097931
159.4,120.57000057220459
155.8,119.37600075602532
153.0,115.41800042927265
152.0,116.84000016212464
149.2,108.22199992656708
143.2,99.84200027614833
142.4,97.69000050693751
137.4,95.83800025224686
137.0,95.83800025224686
134.2,92.50000040054321
128.0,75.81000021994114
123.0,92.76800001114607
120.4,79.79800049364567
116.8,72.71800023451448
116.6,72.74600024595857
110.6,73.30200013756752
108.8,71.83000004172325
102.8,71.09000001043081
98.8,70.68399992555379
93.8,66.86800011724233
93.6,66.86800011724233
87.6,63.86600016072393
81.4,61.35600020825863
75.2,57.240000152289866
68.4,55.93199996456504
67.2,52.88799993976951
66.8,52.74399993404746
60.8,49.79199991375208
54.8,47.62000006586313
53.4,48.370000136196616
49.4,44.60000014692545
47.0,43.02000014722347
41.4,38.244000081568956
38.8,37.76400012612343
38.2,36.40800007939339
38.0,36.40800007939339
31.8,35.786000120341775
30.4,35.39200008839369
29.6,35.906000107228756
27.6,33.42200012728572
26.6,32.534000130146744
24.2,30.488000070154666
23.2,30.01200007379055
17.2,31.018000045120715
16.4,30.80800004988909
12.2,29.446000082790853
9.2,28.86800014525652
5.6,29.23400006443262
2.4,28.54800008356571
0.6,27.013999974131583
124.8,163.4579997253418
118.8,169.47999994277953
112.6,159.99400024414064
110.2,154.93400051116944
104.2,149.3020001602173
98.0,155.59799983978272
92.0,152.17199991226195
84.0,141.0039995098114
77.8,146.91599984645845
71.6,142.27799989700318
66.4,144.27400047302245
60.4,138.6439998665452
54.4,140.85399984747173
52.4,139.0539997330308
47.8,131.30199984550475
45.0,131.00599984169006
44.0,127.80799984931946
43.4,128.59199997901916
37.2,136.06199964284897
30.6,135.13399951696397
23.8,129.7999996495247
21.2,128.62799960374832
10.6,122.40199956178665
9.8,121.7259995007515
3.8,118.42999947428703
0.2,113.80399953246116
110.6,164.04400024414062
104.4,165.2040001755953
98.4,153.46999961853027
92.4,133.23200035095215
86.2,124.97800029754639
81.8,113.92200025558472
75.8,117.7720004272461
70.6,108.37000015258789
70.4,107.58200019836426
64.0,101.42000007271767
61.0,97.11000018715859
59.4,95.96400027871132
55.4,98.53800030589103
49.4,87.63799971103668
43.4,86.38399985074997
29.6,85.67000014781952
23.6,79.89799989938736
17.6,70.7980000591278
11.6,71.46600017696619
10.0,73.18199997335672
9.6,74.27199993520975
5.6,72.57999992758036
1.6,70.5720000782609
1.4,70.1320000782609
1.0,69.48600009351969
0.2,69.96000011503696
139.2,167.70400006771087
133.0,150.19000029563904
127.0,152.75600024223328
122.0,126.26599992752075
116.0,119.36199954509735
109.6,120.79599989414216
106.2,115.14599949359894
105.4,113.53399942874908
99.2,105.43800000190735
98.6,105.11600001931191
97.2,101.31000007271767
91.2,97.52800020411611
90.2,98.23600030377507
84.0,84.27999996200204
78.0,87.24200040638446
72.4,81.42399992763995
72.2,80.51999998867512
66.2,75.14799982786178
60.6,65.34599968463182
54.4,68.91199997663497
53.2,69.54799999952316
52.2,63.762000155448916
46.2,58.42000004440546
40.2,61.5819999974966
34.0,61.372000018507244
28.0,57.133999744802715
22.0,53.56199990063906
16.8,49.7899997985363
16.4,48.463999668359754
10.4,46.66199981808663
4.0,46.143999954015015
3.8,46.63399995401502
118.8,129.26000024318694
114.2,130.79400021076202
111.0,126.70199995517731
110.4,123.44599986553192
104.4,123.44399994850158
98.4,116.81400020003319
92.4,103.88199986129999
86.8,96.08399989634752
86.6,96.08399989634752
86.4,96.0419999268651
84.0,94.00999985367059
77.8,92.8279997752607
71.8,85.69799967452883
58.2,83.88199957534671
47.8,84.22999989941717
44.6,76.4779999347031
38.6,73.11399958014488
32.2,68.05799957633019
31.0,65.7199998164177
25.0,58.56399962618947
22.6,54.57599988415837
22.2,54.899999868422746
21.8,54.67599989131093
21.0,54.73599982455373
15.0,51.01999981597066
9.0,49.40200006470084
6.4,50.614000129550696
5.4,50.516000127643345
101.2,79.28800063624978
89.2,82.75800038352608
77.0,80.12000005885959
76.8,79.34000002071261
74.4,80.36399996161461
68.6,86.87799985527992
68.2,86.87799985527992
56.2,69.28200013563037
51.8,68.61400012418628
40.4,68.66599998906254
38.0,70.84200006917119
37.8,70.84200006917119
35.2,70.49400004521013
34.6,71.68200003758074
22.6,67.7760001565516
19.8,67.06800006523729
7.8,54.6420000167191
4.4,60.032000028640034
179.6,154.54400083303452
173.0,142.9680002808571
165.6,148.78600010633468
159.6,145.437999869138
157.8,146.56800012663007
157.0,148.9439999587834
151.0,152.25599992662669
145.2,141.1299993811548
139.0,138.7139992876351
132.8,122.64999968409538
126.8,123.2459991312027
120.8,124.70799976348877
118.6,117.96599941253662
116.0,115.92199960708618
109.8,108.31799941897393
103.8,111.82200013160706
97.8,105.65400015830994
91.2,100.70800015449524
85.2,95.16799965769053
80.6,93.85999981313944
79.0,84.83799963623285
76.8,81.3219997611642
76.6,81.3219997611642
70.6,82.18999937608838
64.6,72.89199929371476
58.6,72.04599971279502
57.0,70.99999985009431
51.0,70.02600006729364
45.4,67.25000013500453
44.2,66.71400010615588
38.2,63.396000307947396
36.4,71.3639999319613
35.8,63.932000273615124
17.8,56.80799975067377
11.8,51.66199982374906
9.2,50.56399992674589
3.6,48.39599980413914
50.8,111.88400002002716
48.0,111.0200002014637
42.0,100.65599999129772
40.2,95.78400005638599
35.0,105.07600010156631
34.4,106.13000007867814
28.4,98.96399987220764
22.0,94.48199959993363
16.0,91.66800011575222
9.2,98.09200000822544
5.6,98.7479999423027
203.6,157.41800075531006
202.4,157.41800075531006
196.4,162.1380009841919
190.0,150.33999992370605
184.0,125.7780003491044
178.0,106.88999950408936
171.8,90.70399988800287
169.6,89.0960000383854
169.0,91.4060000038147
150.4,70.82199989542364
143.0,71.567999984771
141.0,68.56599989846349
110.6,64.7300002078712
97.2,63.401999768912795
96.8,62.62399968713522
94.8,63.899999695718286
84.6,57.107999612391
84.4,57.107999612391
84.2,57.107999612391
71.2,49.43999977111817
47.8,31.724000138640402
43.6,30.522000051736832
41.6,30.728000038713216
41.0,30.45000005826354
40.6,30.45000005826354
40.2,30.48800006583333
27.8,27.206000006049873
21.0,27.456000121533872
0.8,25.40799999818206
171.8,104.54200029492378
171.6,103.61000019192696
171.4,103.61000019192696
163.4,111.22399992540478
157.4,110.42600012555718
153.4,97.48399978801608
150.8,98.4999998165667
136.8,95.89799988523126
125.2,94.37599991574884
118.6,88.28199937298893
118.2,86.40199933484196
118.0,86.40199933484196
117.2,86.40199933484196
111.2,87.78599955096841
107.0,80.32599982380867
105.4,82.13999988555908
105.0,82.76199987411499
104.8,83.88199988842011
98.8,77.27999976694583
96.6,74.61799983561039
92.2,72.12799989998341
92.0,72.12799989998341
86.0,68.9859998574853
80.0,68.99399974614381
74.0,68.00400012612343
70.6,64.24200020864606
68.2,62.78200007751584
62.4,60.02999989822507
56.4,58.249999944120646
50.4,61.049999725967645
48.8,60.813999769687655
42.8,59.95599970340729
41.0,56.959999745190146
35.0,53.99399993285537
29.0,46.35399990737438
24.0,48.50999991595745
22.0,47.485999886989596
19.4,45.7959999974072
13.4,46.320000042915346
7.2,48.14199984148145
1.2,47.98199991747737
145.2,112.24599995732308
144.2,111.97599981501699
138.2,97.93800026729703
125.8,97.28600070238113
124.4,97.9400004374981
124.0,99.30800047755241
120.2,96.97800043419004
120.0,93.87000043466688
113.2,87.01200019270182
109.2,78.55400004759431
107.8,79.38200003996491
101.8,79.41199993222952
95.0,75.44000004380942
88.0,73.28200008049608
82.0,74.30400021448732
80.8,77.63600013434888
80.6,77.5560000962019
73.4,71.96200012505055
67.0,71.6480001193285
60.2,72.99800030291081
50.2,77.41800018846989
47.0,72.23600014343857
41.2,66.81800034463406
39.2,63.806000331044196
30.8,65.99000006496907
30.6,66.06600004971027
24.6,66.72400000870228
18.2,64.07400018796325
15.4,63.31000022992492
9.8,61.07000012263656
7.8,61.13400027289987
6.6,61.178000138401984
0.6,56.43400022372603
0.4,58.21200021609664
105.2,124.92800006747245
98.4,114.94600022435188
97.2,113.96200019001961
91.2,119.56200022697449
85.2,115.41799987792969
78.6,121.4839998626709
78.4,121.24999987602234
71.8,117.9399996471405
65.8,109.11599970579147
59.0,106.11399979501962
55.0,101.480000038445
54.8,104.14200016051531
48.8,96.37599979907274
42.8,90.20599990993738
36.8,85.7260001924634
30.6,85.52600016444921
24.0,87.20000011593103
18.0,86.55800006970763
12.0,84.91400002703071
6.0,78.20400004282594
4.4,80.37599997416139
50.8,69.20999968513847
49.2,66.28999957069755
49.0,64.50799963220953
40.6,58.55199975624681
38.8,55.87399974480272
36.4,54.02399965897202
36.2,54.02399965897202
28.2,51.375999747663734
24.2,46.99599984183907
24.0,46.99599984183907
7.4,38.61799979910254
2.2,38.79399977236986
0.2,38.82999967724085
114.0,125.2880000936985
108.8,114.86199991226196
102.8,108.37999998390674
95.0,112.79000014007092
89.0,116.8779998935759
88.2,114.76199985161423
88.0,116.74399989739061
81.8,106.09799980521203
75.8,102.84399973988533
71.6,105.67200043678284
65.6,93.12600037530065
59.4,85.98200006440283
53.4,78.34999962389469
51.2,75.3499997651577
51.0,74.00399983286857
45.0,65.93200001776218
43.2,69.13400014460086
42.0,64.89400012552738
39.8,63.492000238895415
37.8,62.71600013136864
37.4,61.46200022101402
31.4,50.66000010102987
26.0,49.36200000375509
20.4,46.65200001701712
20.0,47.17200002461672
13.2,44.915999899506566
11.2,44.52999993190169
6.0,48.33999991491437
122.2,152.61799983978273
122.0,152.90999980926514
115.4,148.19199929237365
109.2,142.26200001478196
103.2,132.76399971961976
97.2,129.20799993515016
94.8,123.50399993896484
92.8,119.85199996471405
86.8,106.23200003623963
80.8,112.78200002670287
74.6,104.20800045490265
72.6,97.48199994683266
67.0,95.21199986100197
66.0,96.29599990487098
59.8,90.37800017476081
53.6,86.15200009256601
51.4,83.77600029200316
50.8,83.38600034534932
44.8,81.72600031673909
40.8,73.5860005068779
40.4,74.65400060176849
34.0,73.22400030642748
28.0,63.835999993383886
22.0,58.97399993926287
16.0,60.86399985849857
15.2,59.876000137925146
11.8,57.679999903440475
9.4,54.9740000808239
3.2,59.573999910354615
81.4,155.40599998474121
77.6,146.85199997901915
72.4,138.83800033569335
65.8,131.83199982643129
61.2,132.95599999904633
57.6,123.80200061321258
51.4,116.12200020864606
47.8,111.08400063231588
41.8,98.8420000563562
38.0,98.17999997720122
37.6,96.49199992284179
33.6,95.80400035530329
33.0,98.0080008020997
32.4,98.7880008020997
26.4,98.2880003452301
25.8,96.4920003414154
25.2,96.3560003566742
19.2,95.72200021743774
13.2,93.16599996566772
12.6,90.60600004196166
9.2,79.48599975883961
3.2,62.100000011920926
3.0,62.100000011920926
0.2,53.64599994659424
108.2,162.26600000858306
102.2,150.69400071144105
101.4,148.79600074768067
101.2,147.87400077819825
95.2,144.01200083255767
89.0,129.71600039005278
86.0,140.45800022125243
85.8,141.07600032806397
79.8,141.15800056174396
73.4,142.23200041294098
60.8,126.69400025963783
54.6,126.56799982070923
48.2,130.23000019073487
42.4,122.34600030899048
42.0,120.91800035476685
36.2,108.32400046542287
29.8,99.85000005915761
23.0,87.68399976328016
18.4,92.9820000322163
16.6,89.59199994683266
10.6,89.94799997240305
8.8,93.12799987703562
4.6,89.09800007253885
2.0,87.84200020641089
72.2,161.86400060653688
67.0,163.46800065994262
58.8,160.79600019454955
52.8,162.65200016975402
46.8,164.63999980926513
44.0,156.84400035858155
37.8,148.2740003335476
32.2,147.92800079703332
26.2,137.58800016760827
19.8,141.80000022292137
13.8,148.0640000386536
7.8,132.05200025752185
1.4,125.38000009968877
21.8,106.92200003623962
15.6,104.37200038433075
15.4,105.13600043296815
13.0,99.96400021791459
11.4,97.72199999570847
9.8,98.13599964857102
3.8,105.77799980163574
171.2,120.24799921631814
168.6,117.57599941849709
162.6,111.51600020825863
156.6,104.93200058534741
150.6,97.56000025510788
147.4,94.40400012493133
144.0,97.24799996256829
143.0,93.44599990725517
140.0,98.75200006201864
133.6,90.29800009444357
128.8,85.80800035476685
122.6,79.57200019359588
116.4,81.61600032836199
114.8,79.99800019860268
108.8,77.07800013542175
106.2,71.56000006869435
104.8,69.00000012114644
104.2,69.84400009825826
98.2,60.99799996048212
95.8,58.913999976217745
93.0,55.0079999423027
92.8,54.62599993467331
86.8,51.87599985703826
80.6,47.22400000691414
74.6,45.699999992847445
68.6,43.524000034332275
62.2,40.354000042527915
58.0,36.560000050961975
57.8,36.560000050961975
52.0,39.71200013294816
49.0,40.76200013414025
48.0,39.93800011888146
47.4,39.9160001565516
43.6,38.336000113487245
37.6,36.63600002512336
31.6,36.837999856323
25.6,39.14799992710352
25.4,39.18199992507696
19.4,33.48799986824393
13.4,29.173999992758034
12.0,27.59999999627471
11.8,27.913999992460013
11.4,27.87399998769164
10.2,27.472000003010034
4.2,27.599999985396863
137.8,126.39199952676893
134.2,127.14399944379926
132.6,128.07599942877889
132.4,128.07599942877889
126.2,138.4060000629723
124.0,133.5099998743832
123.4,132.49600029781462
119.8,122.09399997785687
111.8,131.656000418663
108.8,131.2920004415512
107.8,128.79800048351288
107.6,128.79800048351288
103.0,125.38800050735473
96.8,116.40199974358082
91.6,108.3759995740652
91.4,108.3759995740652
91.0,111.47199964463711
90.4,112.15599982559681
86.2,108.9759995366633
85.4,106.95199955955148
85.2,108.99799958243966
79.2,104.73799961104989
76.2,106.60199959054589
70.2,106.82599974766373
69.8,106.82599974766373
66.4,101.25799998119473
65.4,99.8440000064671
63.8,98.64400004461407
60.2,86.25799990877509
59.4,82.57799993738531
53.4,81.16799946948886
51.8,82.30799966618419
50.2,77.47399958536029
44.2,71.30399941489101
40.8,69.87199956759811
40.6,69.87199956759811
39.2,69.823999556154
32.4,71.97599953100085
31.6,71.21599956914783
30.8,70.83999950811267
26.4,70.52399945169687
22.0,73.83999979004264
21.8,73.7359996984899
21.6,73.26399965271354
15.6,68.52799988538027
15.4,68.47399987012147
9.4,63.717999776154755
8.4,62.189999802857635
2.4,58.72599967882037
1.4,58.007999595850706
1.2,57.77199961110949
1.0,57.573999599665406
0.2,57.573999599665406
215.4,130.69599996566774
209.4,121.16399964809418
205.0,115.11999969005585
198.2,103.73600009799003
193.8,100.55399989962578
187.8,102.86999980330467
181.8,108.8659999370575
175.2,116.56199975013733
168.4,111.72399996399879
161.6,114.68799975514412
155.6,125.15800005555153
149.6,117.87999992012978
143.6,118.97600048184395
140.8,122.69800030827523
134.8,114.37000031113625
133.4,110.75200035691262
127.4,103.2620002746582
123.6,103.75599993109704
116.8,105.37799998164176
113.8,107.8840002143383
113.4,105.71600018382073
107.4,106.02400037169457
101.4,98.65600016951561
95.4,88.24000034689904
89.4,84.05200035452843
88.2,80.78000029742718
87.6,80.78000029742718
87.2,80.78000029742718
80.4,83.20600028991699
74.4,82.09800035953522
68.0,84.47200041294099
62.0,84.2940003824234
60.6,83.36200029850006
60.2,83.14400034427644
57.6,82.45800045490265
54.6,80.94600040912628
49.8,78.66200016498566
49.4,79.02200021028519
48.4,79.29000022172927
42.4,72.16399994373322
36.0,66.81599983692169
30.0,64.62199978590012
27.4,63.8819998049736
27.0,63.8819998049736
21.0,58.67399999544025
19.0,60.56799999639392
18.8,61.629999965876344
13.0,59.03800010606646
7.0,54.23800002157688
1.0,55.06600016027689
52.2,89.21600025773049
47.8,84.6340001142025
44.8,93.12000005245208
34.0,85.18399991467595
28.0,84.13999984696507
9.8,74.65799951151013
0.2,67.99999979615211
150.4,127.58599956467748
144.2,118.74799978926778
137.8,107.90199942305684
131.8,124.30799964144826
128.2,115.07599977210164
123.4,111.13799977853894
117.0,106.49199949815869
110.8,109.51199990943074
108.4,111.5379998254776
102.4,107.73600026607514
100.2,109.58800019025803
94.2,113.15000046491623
88.2,119.06800011634827
81.8,116.70000022172928
79.8,115.36800036668778
74.6,113.36000004053116
68.6,110.50999967470766
65.2,108.80399985834956
62.4,109.07199989646674
56.4,111.97000005573034
54.0,115.22200004428625
46.6,115.74599977105856
46.4,115.74599977105856
41.4,119.54599991023541
35.6,115.79999962210655
34.2,114.66199962973594
33.8,110.92999979376793
27.4,120.11999987483024
21.4,120.25599973797799
15.4,110.6759999859333
9.2,105.24400014236569
4.6,101.31200020343066
99.8,160.197999792099
99.2,162.3479999256134
97.6,159.0800003051758
91.6,154.83600080966949
79.2,140.0340005683899
73.2,136.85400075912474
67.2,136.5400006198883
66.4,136.43600056648253
60.2,129.49600008204578
54.2,121.56999971628188
48.0,120.57399958610534
42.4,122.43399988770484
41.0,121.36799975037574
37.0,106.4139999961853
30.6,105.86999979019166
24.6,97.82999954417348
18.6,89.71799967005849
12.6,88.25399993136526
6.6,85.22400009155274
0.6,71.7559999036789
52.0,97.87399991035461
46.0,99.49000025749207
40.0,104.74400032758713
33.4,109.39800041228533
27.4,90.10800039052964
26.2,93.49800053358078
19.8,95.13200038552284
13.8,99.96800032019615
7.6,96.85000016391277
6.6,100.89800029367208
1.2,93.57000004738569
0.2,95.19399999588728
56.4,49.382000102251766
50.0,48.95800004690886
46.8,48.08000000447035
40.2,45.13800003737211
28.2,47.92199991852045
16.2,41.67199985235929
4.2,36.884000112712386
31.6,88.036000289917
30.8,81.92400038436055
24.8,77.76800007462502
18.8,77.30800020605325
12.8,60.5280001348257
6.8,61.801999885141846
0.6,62.41000017911196
164.4,139.26200042635202
158.6,124.54999982178211
152.4,131.6879996624589
148.8,124.53999951839447
142.8,131.51999994754792
136.2,127.17799995422364
134.4,129.56200015068055
128.4,121.3879999256134
122.2,111.10800000667572
119.6,105.07400001242758
113.6,96.22200022846461
107.6,103.52600014403463
101.4,87.43999926358461
98.4,93.12799940019846
95.4,95.98599977403879
89.4,90.24399989277124
81.8,81.9139996829629
78.8,78.5259997907281
77.2,76.18599977165461
71.2,79.88800004541874
67.2,74.27000015795231
62.8,72.85399992823601
56.6,68.81199986577035
50.6,70.87199977844953
47.4,67.32199978023768
43.0,68.72599977359175
42.4,68.72599977359175
38.0,66.39599969729781
37.6,66.44599970206619
31.4,59.639999659210446
26.6,59.23799970164895
25.8,59.23799970164895
19.8,63.40599985376
18.4,63.75599982127547
13.8,64.8139994738996
13.2,64.8139994738996
13.0,64.8139994738996
12.2,65.16999945864082
11.8,65.16999945864082
9.6,66.65799946412444
3.6,61.69799968779087
61.8,137.16199953079223
61.2,137.02599946975707
55.2,122.7319997215271
49.0,123.16000036239625
44.6,124.46400045394897
38.4,124.36600026488304
33.6,121.92200015068055
33.4,121.7780000591278
27.2,121.32
21.0,113.02799975395203
14.2,120.35399995997548
8.2,113.62800018504262
4.8,111.70000030711293
2.6,131.53399948507547
1.2,123.91399952322244
0.4,124.1799995842576
46.0,190.7360004425049
40.0,178.4419994354248
34.8,179.10399955749511
31.8,181.87799980163575
28.8,178.73799955368042
28.6,178.955999584198
23.4,166.8419994831085
17.4,164.5059995651245
11.4,165.04000019073487
5.4,162.00400016784667
1.0,155.4820002937317
123.2,114.44599995836616
120.2,100.78400006040931
119.4,104.0319998703897
119.2,104.0319998703897
113.2,94.13600029587745
107.2,96.08800005555153
102.0,92.25799988627433
97.2,76.31800004005432
95.2,81.40000002101064
93.6,82.91000001385808
87.6,72.97600008547306
83.0,62.65800008773804
82.8,62.65800008773804
79.6,62.074000225663184
77.4,58.91800005733967
74.2,60.75600011050701
73.8,60.92000012218952
71.0,48.71599980399012
65.0,46.05599988818169
59.0,42.935999986827376
56.8,44.965999732911584
55.0,45.60399956226349
54.8,45.60399956226349
50.0,48.193999678045515
44.0,48.53199986979365
41.6,50.83599993571639
37.6,54.104000178724526
34.6,56.029999940544364
33.6,55.7259999036789
23.6,47.36199991375208
22.6,46.21799994051457
19.4,44.27999995440245
15.6,43.61399990558624
15.0,43.61399990558624
11.2,39.51399984851479
8.0,39.41999980211258
5.4,39.15399976253509
5.2,39.15399976253509
4.6,39.103999762535096
1.0,35.911999692469834
74.0,150.09799916267394
67.0,142.27999924898148
63.0,134.91399945735932
57.0,128.48199957370758
51.8,123.84599964141846
48.8,118.82399991989136
42.6,112.16000006511807
36.6,106.65600020959974
30.2,93.84800010949374
24.2,87.69200029432774
22.0,90.2720004811883
21.4,90.49600068718195
15.4,82.83400070935488
10.4,82.97200042039157
4.4,78.2560004261136
52.6,146.84400051116944
46.6,128.904000248909
43.6,130.7260000514984
43.4,130.55999999046327
37.4,117.22000017642975
36.8,117.57400021076202
36.6,117.42200015068055
30.6,108.75600007534027
24.4,112.60600007653237
18.4,100.5020002681017
12.4,91.14999997377396
6.6,81.77999960064888
0.2,73.81799999058246
95.8,106.13599960327149
92.6,102.23999979019165
88.4,93.75199947357177
82.2,72.16800022304058
76.2,68.08600000739098
70.2,61.08399981617927
68.6,59.86599982142448
66.6,63.98199993491173
65.4,63.30199989438057
63.4,65.95800005197525
58.0,57.080000225305554
53.8,50.71600020617247
53.6,50.45000022143125
47.4,57.494000408798456
44.8,56.24000036135316
38.8,49.80000035613775
32.8,47.18400009676814
26.8,46.502000466287136
20.8,62.242000131756065
14.8,60.664000066667796
8.8,56.48199998050928
2.8,56.03599981456995
2.0,53.715999841988086
118.8,90.04200028419494
112.8,83.88000045403838
106.6,80.15800020888447
100.4,76.17800005972386
98.0,78.06400001108646
93.8,79.37800023078918
92.2,74.50200015842914
90.4,75.61200017929077
86.0,66.50800013542175
85.2,66.62000015735626
79.2,66.12000012993812
77.8,67.55800024300814
71.6,61.13800003647804
65.6,63.10600013971329
61.2,62.888000210225584
59.0,66.97800016343594
58.0,63.99600018054247
52.0,62.89000012010336
46.0,60.44600026488304
45.0,58.9100001335144
39.0,51.86800014585256
37.8,50.68400008291006
36.8,48.36400010198355
34.8,48.89600006729364
34.0,48.89600006729364
28.0,49.98800013288856
22.0,52.20000027135015
21.2,52.35400028854608
20.6,52.35400028854608
18.4,52.59600031718612
12.4,55.022000163346526
6.4,53.35600017026067
5.0,52.04400013163686
1.4,56.35000017002225
0.8,55.22200010254979
0.2,57.258000125437974
76.0,58.22400004938245
74.4,60.382000083476306
71.4,51.370000088512896
65.4,45.68000000625849
59.4,44.50599999845028
53.4,45.590000061541794
47.4,42.47600007012486
44.6,39.91000004306436
39.8,32.271999939531085
39.6,32.271999939531085
33.6,35.02999995023012
27.6,37.09999992772937
21.4,42.30199971854687
20.0,41.14399975836277
16.4,40.429999898076055
10.2,45.95799983412027
4.2,50.3480000038445
0.2,49.97200011685491
75.4,100.75399963289499
69.2,100.05000060081483
64.6,94.26400028944016
58.6,90.25400017693639
52.4,83.36399972200394
46.4,81.04599957227707
44.0,78.47799970686435
40.4,75.56399974048138
40.0,75.3259997099638
35.8,74.81199969470501
32.6,73.33000011622906
32.2,72.2040000551939
26.2,68.52800011947751
20.2,61.407999798804525
14.2,63.31599986940623
8.2,55.17200043261051
2.2,51.99400035366416
0.2,56.362000082582234
69.4,102.62600015878678
63.4,100.83599974691867
56.4,99.55199976027012
56.2,98.39399972975254
56.0,98.39399972975254
41.4,100.61199988037347
32.2,90.19999993190169
27.4,87.44799988612533
22.4,82.35799987658858
10.4,81.21199967771769
3.6,79.87399976283312
61.6,72.73800013959408
52.4,70.23199988082051
51.0,72.26199991852044
40.6,68.80200008109212
27.8,68.4699998576939
134.4,125.46800058364869
131.6,110.81400023937225
128.0,107.41799996376038
125.0,103.50599990084767
122.2,103.9199999447167
119.4,99.40600001335144
116.4,93.29200025558471
113.6,101.46599999904633
110.8,89.34599998474121
108.0,89.575999584198
105.0,90.89799983218312
104.4,89.29399993136525
104.2,89.29399993136525
101.4,82.11399955943227
98.6,84.58599906161427
95.8,78.54799961045384
93.8,72.77799951553345
89.0,70.13199954986572
86.2,71.5899999666214
84.8,66.72000016927718
82.2,68.15800039798022
79.4,54.76799999386072
79.0,59.375999891757964
78.8,59.375999891757964
76.0,58.61799997642636
72.8,57.11599997714162
70.0,56.97200008109212
67.2,46.86399990692735
64.4,49.13200018897653
63.8,48.82600018516183
61.0,49.07800003051758
58.2,53.9719999396801
55.4,50.20600043296814
52.0,49.640000304728744
49.2,54.434000294953584
46.4,56.596000207215546
45.8,53.7640001244843
41.4,53.7640001244843
41.2,53.7640001244843
41.0,53.972000288516284
40.0,55.11000011876226
37.2,54.9660001757741
33.6,59.42400000616908
30.4,53.94800008058548
27.6,52.21800015509129
24.8,48.338000327199694
21.6,48.27800025567412
18.8,44.100000265240666
16.0,48.64400021925569
15.4,49.84600026026368
14.6,50.682000225931404
13.0,50.688000233322384
11.8,51.96000029623509
11.0,51.786000158190724
10.4,55.19800013244152
10.0,55.53799997985363
7.6,60.679999997764824
6.8,61.99799999773502
4.0,54.3399999576807
0.8,47.64199992790818
0.2,47.32199994340539
90.2,82.59600016117096
87.6,76.81400017023087
85.8,73.06600010156632
84.0,74.29400015830994
83.8,74.29400015830994
81.8,72.28800023078918
75.2,71.09200026392936
73.4,70.0640003168583
69.6,69.76400042414666
66.4,65.18800026237965
61.6,63.356000133156776
59.6,62.60400027811527
58.2,62.05600031912327
53.6,57.34200014948845
47.2,55.91200005322695
41.2,47.80000002607703
38.6,44.09600010618568
37.2,44.01000014483929
36.2,44.492000162899494
30.2,45.164000074267385
24.2,40.224000028669835
18.2,36.343999989926814
14.0,34.235999925285576
10.4,33.83199979364872
3.6,35.557999857366084
3.4,35.46799985736609
1.6,35.37199982941151
130.0,64.08399948477745
128.8,65.37799957036972
122.6,60.21399984121322
116.4,61.42400016024709
107.8,55.40200027495623
106.4,52.66000024348497
104.4,51.91400031596422
94.8,47.99400012046099
71.6,34.745999982059004
63.0,41.536000113636256
57.4,42.804000017344954
27.4,32.48600010246039
19.2,32.48000012427568
15.4,29.74999991774559
47.0,109.63200038343668
41.0,110.72800004392862
39.4,109.7599999371171
35.0,107.35399988561869
28.6,96.19200013548135
22.8,94.38400005340576
19.0,94.17799995422364
18.8,94.17799995422364
12.8,93.48199997901916
10.4,96.09799993515014
10.2,96.09799993515014
7.6,92.91799994945526
1.6,86.31999953746795
0.4,76.7879994726181
63.8,88.89999973013997
61.4,88.2759996266663
61.2,88.78199968770146
53.6,78.54399984031916
47.6,74.06600026190281
42.4,82.17400015711785
36.2,75.9139998972416
30.2,72.26999975323677
24.2,67.1640000140667
17.6,65.5059999370575
13.6,56.024000065475704
13.2,57.49800003543496
7.2,49.111999914348125
5.8,49.19400000527501
16.8,57.61399955421686
10.8,49.591999769210815
4.4,50.22800007104874
63.6,69.92199983492493
60.0,64.28999986246228
54.0,63.325999921411274
52.8,62.28999993190169
46.4,57.101999981701375
40.4,52.79800019443035
34.4,55.45000038459897
28.4,52.57200025051832
22.4,50.64400026649237
16.4,52.5080000525713
10.4,60.86599987030029
4.4,62.84399975061417
1.4,59.78399978399277
62.8,84.18800001144409
56.8,83.16200027108192
53.0,80.8140001833439
51.6,79.70800012230873
45.6,74.52800008058549
39.4,71.5819997704029
33.2,64.8359998306632
26.4,56.35799998939037
25.6,54.838000077605244
23.2,50.59000013589859
16.8,49.47800007686019
10.8,44.86200002804399
4.8,42.23199991777539
103.8,105.76000024795532
97.8,89.23000026464462
91.8,84.74400013923645
89.8,78.8240001001954
83.6,80.12400016367435
83.4,79.62800004541874
77.2,76.80000036582351
71.2,76.3240003220737
68.6,71.76800030678511
65.8,72.07200011223554
59.8,70.2279999563098
53.4,59.398000154495236
47.4,57.570000339448455
41.4,54.34600014001131
35.2,48.59600022867322
29.2,46.61200007617474
25.8,45.64800014913082
22.6,47.658000162243844
15.8,45.95000018581748
9.8,46.74400002703071
3.8,46.29200005277991
2.4,47.12200012430549
73.6,72.87599986314774
73.4,72.84799983263015
67.4,66.70199960708618
65.2,66.64799958825111
59.0,59.76199990868568
55.4,58.58400022149086
55.2,59.66000020623207
50.4,59.144000231027604
48.0,57.10800011754036
42.6,52.28999988794327
36.6,50.11999995946884
32.4,48.18999983906746
32.2,47.70599992632866
29.4,43.37999987721443
26.0,41.60400005698204
22.8,40.72800011277199
20.0,40.97000007510185
17.2,39.60400002032518
15.4,41.31599999934435
14.6,43.2200001385808
11.8,46.644000113904475
8.2,46.34600025743246
5.4,49.452000325620176
3.4,47.23000022739172
0.6,42.382000177949664
118.2,136.19400054454803
112.0,127.30200038194657
109.2,125.55600032091141
102.6,126.25600040674209
96.6,118.84999981164933
90.4,111.24000002145767
83.8,96.82600009158254
78.8,94.91399982452393
78.6,94.89399982452393
78.2,94.56600008010864
72.0,97.43400026082992
66.0,95.46000016212463
64.6,95.58199997186661
59.2,95.70999994516373
56.6,90.64999979257584
55.8,92.04999976873398
49.6,95.47799954414367
43.6,93.58199974060058
41.8,92.91399990081787
35.6,85.27399987339973
29.6,82.73800016522408
23.6,75.82800010159612
17.4,77.14200023606419
11.4,78.70400021508335
4.8,74.66000018298627
3.4,74.5639999884367
0.2,74.50800019800663
3.2,76.53799979954958
0.6,74.18399970322848
46.4,89.42000064104795
45.2,89.90200053796173
42.4,88.49400032788515
35.8,81.53600028112531
28.8,82.39000038385392
22.8,77.14000022053719
18.6,72.2520003694296
18.2,70.63200042068958
12.0,58.45800015643239
6.4,54.86600016072393
0.4,50.78200020745397
23.4,107.68000044062734
17.2,89.35400008395314
11.0,90.40599957466125
4.6,80.33399969577789
92.8,68.85999982714652
92.4,69.66799968600273
89.2,76.08000000059604
88.2,76.88600015789271
82.2,68.4180001181364
76.2,67.65199987351895
70.2,61.870000209361315
68.2,59.70400014236569
66.0,59.561999805271626
64.6,60.19200005710125
64.2,60.19200005710125
58.2,55.172000101357696
56.8,59.41600015476346
50.8,62.70000027015805
44.4,58.16000045746565
43.8,60.26800047174096
43.6,60.26800047174096
40.0,62.256000300049784
33.2,58.358000161647794
32.2,57.20200007021427
29.8,57.129999997019766
28.2,56.91800016701222
27.8,56.91800016701222
21.8,52.5220000231266
16.8,58.013999511897566
15.4,57.193999559283256
14.6,60.87799955546856
8.0,57.43199962794781
2.0,61.457999452352524
142.8,117.2740007391572
137.2,100.82400036916137
131.0,97.61000053316354
124.8,96.9180008250475
118.2,94.8400007262826
111.4,88.27000047788025
105.4,85.12999982893467
104.2,85.45199979841709
100.6,86.64400003969669
94.6,76.8540000730753
90.4,76.96199975967407
84.2,76.57999971866607
81.6,76.57999971866607
78.2,70.79399988204241
75.6,68.80999997645617
69.2,69.18399995684624
66.6,74.3959998831153
66.0,71.60599971264601
65.8,71.31999973550438
59.6,74.69999963521957
53.6,68.43999988317489
47.6,62.10999987632036
46.8,62.24799987226724
44.8,61.46599987894297
38.6,66.53199994042515
35.6,63.06199986934662
34.8,62.62599993705749
32.8,60.87600005626678
27.4,59.878000195026395
19.8,62.6420001411438
18.2,60.3820001244545
15.8,60.3820001244545
14.0,60.14000007867813
12.8,60.11600010871887
7.8,52.524000006467105
7.2,54.12800011351705
5.8,54.04200010970235
3.0,51.885999986678364
2.2,51.11800003245473
2.0,49.94400004580617
0.6,51.419999992400406
0.2,50.15200008586049
142.6,127.13400017932058
141.8,124.16800049215556
138.2,115.90599979788065
136.4,105.91199991062284
133.8,115.79000023677945
131.6,111.3980000820756
125.6,89.84200011387468
119.6,79.44199997723102
119.0,75.92999960243702
116.8,80.92799933731555
115.2,79.32199958145618
110.8,73.00599991366268
109.4,79.53400012761354
108.4,74.94400017887354
105.8,69.34600004389883
100.6,60.702000160366296
97.4,60.72400020077825
95.6,57.47800023466348
94.8,57.36400025755167
88.8,49.236000174880026
82.6,47.472000063806775
76.6,44.36399996697903
74.6,42.547999839186666
73.6,41.28199985325337
73.4,41.22599985539913
69.2,39.731999811530116
69.0,39.62799981534481
67.2,39.39399998247623
66.0,38.282000023722645
63.8,35.752000045180324
58.4,38.63600006833673
58.0,38.0640000988543
37.6,34.89999990746379
37.0,35.31399990722537
26.8,37.00400000065565
17.4,34.80999989062548
9.4,37.74800005301833
70.4,79.5280005018413
64.4,80.44000058993697
58.4,77.1580008032918
56.4,78.39000073701143
54.6,80.36200066119433
54.2,80.2280006840825
54.0,80.2280006840825
52.0,78.71400051265955
46.0,77.55800027832389
39.6,72.27400036677719
33.6,68.24600041404366
27.6,67.2419997999072
25.6,68.2599997626245
20.6,67.9920000062883
14.4,61.12400021031499
11.4,60.70400002866983
5.4,56.25400000602007
132.8,90.45799997150898
126.8,87.98199989259243
120.4,86.02400017678738
115.6,85.84000031769276
109.2,83.74200003162026
103.0,70.1400000090897
96.4,68.91199978649617
89.0,61.76199981510639
82.6,56.50399961411953
81.0,53.975999712347985
80.8,53.82199967801571
74.8,50.65800001829862
68.6,47.407999797612426
62.6,46.448000030517576
56.6,48.76400010645389
50.4,50.494000241458416
44.4,47.30800006300211
43.0,45.5440000846982
42.6,45.24600006133318
41.8,45.24600006133318
41.2,45.26600002318621
34.8,38.866000044643876
28.8,35.6860001668334
22.8,37.032000029981134
16.8,33.136000033915046
13.6,37.78199998944998
7.6,41.08000005468726
2.6,42.268000129461285
37.8,126.03800025939941
34.6,109.30999995231629
27.4,98.01999979123474
24.8,96.35600018128753
24.6,96.35600018128753
18.4,92.61399922564625
13.6,91.42199947848916
7.2,92.4719995123148
4.0,93.2039996099472
3.8,94.11399959087372
3.0,94.42799956798554
135.4,86.16000014066697
129.2,84.04199991181493
123.2,81.48199995100498
121.0,75.14000012934208
118.6,71.12800004303455
112.6,66.45800028502941
106.6,69.0480001579225
100.6,67.4660001833737
94.6,61.45599993422628
88.6,59.17599981412292
82.6,61.203999748975036
76.6,58.33000006437302
74.2,55.203999860286714
68.2,52.3799998664856
65.2,52.02999987050891
63.2,52.133999869078394
57.2,51.636000021547076
51.2,54.369999838918446
45.2,51.995999790281054
39.2,49.47399986445904
33.2,46.281999953091145
27.0,48.882000033706426
21.0,44.19200019061565
15.0,46.16800019025803
8.8,48.73600022286177
1.6,43.73000018671155
64.2,62.95800000146031
54.6,66.66200011968613
48.6,54.51800000667572
44.6,53.22200008511543
43.8,53.3900001347065
37.8,57.57400011539459
31.8,55.05799997210502
25.8,47.13800004214048
23.4,44.96200008898973
23.2,44.912000088989736
17.4,45.413999978303906
14.6,38.31999997675419
13.6,37.0900000359118
7.6,35.872000088989736
4.2,34.88600003659725
139.6,94.44799987375737
132.8,97.70200001344085
126.8,91.57199988901615
120.8,93.39999962195753
114.8,84.6139994545281
108.8,79.66399976685643
105.0,84.00799961283803
104.8,83.92199958994985
102.0,83.92199958994985
96.6,80.48199967458844
94.8,73.93399974226952
93.2,76.3239998471737
93.0,76.2959998357296
91.0,74.07999993756414
81.4,66.80200009018182
75.4,67.61000042915344
74.8,67.48400031089783
74.2,64.40800032809376
68.2,60.576000136435034
62.2,57.36400016769767
53.8,62.88399997666478
48.6,63.24200022533536
42.6,62.296000182181594
36.6,60.856000080853704
30.6,61.244000262767074
24.6,64.64800025492906
21.0,66.1440002502501
13.6,68.06200018614531
134.6,96.51000008061528
129.8,102.23400024846197
129.6,102.81200035527348
123.6,96.2619998331368
116.8,93.77200008109212
115.8,93.58400005057455
109.8,88.63600046634674
103.8,81.05400027275086
97.4,78.58600017428398
91.4,82.24200000166893
86.2,74.56199998676777
81.4,77.28600009143352
80.8,75.44000006854534
74.8,69.98999989628791
68.8,63.696000118851664
65.2,60.48400024354458
59.2,69.18200023978949
55.4,69.41000043064356
49.4,66.76200018376112
43.4,70.14000011652708
37.4,61.33399995535612
31.4,63.42199996247888
29.8,64.52399993672967
29.6,65.77799991384148
23.2,62.80199960082769
17.2,52.02200020998716
13.2,48.44599988222122
10.8,41.23799997091293
5.2,41.6719998075068
50.4,70.13799988821148
45.0,62.495999785214664
42.6,61.57199951067567
41.0,59.73999975144863
39.8,58.48999980822205
36.4,54.99599989265204
30.4,51.188000154793265
30.0,52.110000150501726
29.8,52.110000150501726
25.6,42.53600012019277
19.6,40.45799996495247
13.6,40.4719998306036
7.6,49.32199993789196
2.8,48.08399985477328
75.6,103.489999345392
68.0,103.129999345392
61.6,101.4280002823472
55.8,97.3340000744164
55.4,97.06400009348988
55.2,97.06400009348988
52.4,97.087999792099
47.6,98.91600018694997
45.6,99.88200071334839
39.6,86.53399994134902
33.6,85.01200006484986
29.4,76.785999751091
29.2,77.015999751091
29.0,77.16599975109101
23.0,73.14399978399277
21.8,76.76399978399277
21.6,76.76399978399277
15.4,72.63199996471405
9.4,78.97199988722801
2.8,78.55600021257996
0.8,72.33400018826127
121.4,108.05399984747172
115.4,111.91200010061264
107.4,106.14000015616416
101.4,104.2420005865395
100.4,105.26800061896444
96.4,106.69800009593368
94.6,105.03400025621056
87.8,104.22800074577331
85.0,101.84400053024292
82.6,95.28800032809377
79.6,93.40800022497773
73.6,83.75600028902292
67.8,75.4400002041459
61.6,76.38000023752451
57.2,71.20400016099215
56.0,69.95200017243624
55.8,69.95200017243624
55.4,68.8100002220273
51.8,64.84400019168854
45.8,55.25600005581975
39.8,53.001999992877245
38.4,53.20000000670552
37.6,53.20000000670552
31.6,51.28799993947148
25.2,54.503999907076356
24.6,54.871999838650225
20.8,58.267999880611896
20.6,58.267999880611896
14.6,50.93200012475252
13.8,50.50200011759996
12.6,50.40400008708239
12.4,50.13800009280443
6.4,40.87000027358532
5.6,41.024000307917596
4.0,42.0580003580451
1.2,37.89600016921759
48.0,68.2700000563264
42.0,68.78999995142222
39.2,69.26799988463522
33.2,72.07599996760487
27.2,66.59599988222122
23.4,62.28000002339482
17.4,69.44600019693375
11.2,57.746000242829325
5.2,55.458000387102366
2.0,56.042000191360714
46.2,74.58000013187528
42.6,75.3059996278584
36.6,69.76599984407424
35.8,65.78199980974198
35.6,65.78199980974198
35.0,65.78199980974198
29.0,65.34200004339218
22.6,67.95399961352348
22.2,69.31999954938888
16.2,66.90999952256679
13.2,64.67999969184399
4.4,67.92800043597818
4.2,65.8940004016459
0.2,64.24799986675382
86.0,104.97999954223633
82.2,85.52200014263391
81.4,82.53600011974574
76.2,68.64800015076995
69.8,59.482000154703854
69.6,59.482000154703854
63.6,48.198000129014254
57.6,52.805999851822854
51.6,49.61199959382415
46.0,50.69999974176287
44.6,50.207999835163356
43.4,48.835999967753885
42.4,47.899999891221526
36.8,55.97400022208691
36.6,56.97200019538403
35.0,58.29200011909008
29.0,58.19200008928776
23.0,55.99000022858381
17.0,55.860000439584255
11.0,58.61400049477815
5.0,56.23400037020445
26.0,85.36000008344651
20.4,83.65599996566772
19.2,81.03800010204316
13.2,74.57800016999245
10.8,77.49400017857552
8.2,72.81399992346763
8.0,72.81399992346763
5.4,70.84999998450279
5.2,69.04600002646447
3.6,69.14800012111664
97.2,97.20600028991699
91.2,96.30800016403198
87.8,94.34600011453033
81.8,85.5919999076426
75.8,86.36599988281726
74.4,88.76799984753131
73.2,86.74599966824054
72.8,85.04399960339069
66.8,77.51599985271692
60.8,72.29199974477291
54.8,73.09399977236986
48.8,62.860000002235175
42.8,60.96800031632185
38.4,58.648000046163794
37.6,62.36400006994605
37.4,62.36400006994605
31.4,58.123999890238046
25.4,52.06400003015995
19.4,55.0620001322031
13.4,49.17000006869435
7.4,54.11200007379055
1.6,50.74000010803342
0.2,50.74000010803342
139.8,165.42400060847402
137.0,147.08000059872865
136.6,146.13200079709293
133.0,137.91600072100758
129.6,118.35600027278066
123.4,109.80800046756863
120.6,99.73600078821183
117.2,91.88000038743019
114.4,90.33000020980835
113.4,89.29400023654104
111.6,85.7480002708733
111.4,85.7480002708733
108.6,86.13600015833974
105.8,91.33600017175078
103.4,90.024000133574
100.6,80.78200041204691
97.6,69.49000029474497
94.8,67.00800026416779
92.0,69.85400037288666
89.2,66.68600034713745
86.4,67.2620003604889
85.0,64.5240001487732
83.6,63.31000006914139
80.8,62.53799997329712
80.0,63.158000020980836
78.4,64.88000012874603
75.6,62.31599998235703
72.8,58.31000015974045
70.0,58.15200016736984
67.2,54.59400013878942
64.4,47.2380002386868
61.6,46.870000165700915
60.4,45.83400018453598
57.6,44.468000218868255
54.6,44.69000023081899
54.2,44.26200020030141
53.4,43.14200013116002
50.6,42.38200015187263
50.0,43.042000254392626
47.2,43.25800013542175
46.2,44.57000014692545
43.6,42.89400024086237
42.6,42.89800024181604
42.2,42.82400025516748
41.4,41.60000019028783
40.6,43.51400021985173
39.8,41.324000129252674
39.0,41.40800016716123
38.6,41.64800014808774
37.0,42.2380002553761
35.8,42.572000248730184
32.8,40.09600020080805
30.0,41.81600014954805
27.2,39.50200005114078
22.6,39.32799999281764
19.8,38.86799989506602
17.0,40.9519998587668
14.2,42.995999862104654
11.4,39.75199978798628
9.8,40.549999818503856
7.0,37.217999886274335
4.2,36.32599984049797
2.6,39.48999984145164
2.4,39.44999984145164
1.6,39.44999984145164
122.2,84.98000010490418
116.2,80.52600002482534
109.8,74.42999999716878
108.0,75.50400022506714
105.6,76.36799998283387
105.4,76.36799998283387
105.0,75.98600001335144
98.0,62.63800002515316
92.0,66.51600017368793
86.0,64.43600028336049
81.6,56.960000386834146
81.0,56.61400037825108
75.0,58.92200021803379
69.0,56.353999952077864
63.0,57.800000063180924
56.8,50.313999888896944
56.4,49.67599987745285
55.4,51.56599986806512
53.8,51.56599995866418
52.2,50.262000100761654
46.2,46.15000011816621
41.2,47.62599990233779
35.2,45.793999948948624
28.8,41.14799999520183
28.6,41.14799999520183
27.4,41.23999998241663
27.2,41.23999998241663
26.6,39.93599998623133
20.6,38.6959999358654
14.8,36.74799979016185
8.8,39.86400009393692
2.6,41.27800016373396
0.8,39.52000019997358
18.8,104.58999981597066
12.8,106.7240001116693
6.8,101.00200024232268
0.6,100.39399991855025
14.0,64.3780000820756
9.4,65.36400010973215
45.6,91.26800042226911
39.6,86.80999988675117
33.4,81.85000001072883
26.8,77.56799986302853
24.4,72.36799974560738
17.8,64.66599999666214
11.8,59.27799981504679
5.8,52.88400009930134
2.0,57.49199978813529
0.6,55.66999982893467
16.8,79.20000026330352
15.0,75.2040002758801
9.0,77.73200020059943
3.0,69.9139999420941
15.8,75.93199998170138
9.8,73.3780002899468
3.8,65.62800001323222
0.6,79.94000010207296
47.8,101.94000037536026
41.8,90.79800035595893
35.8,73.17799991831184
34.4,78.09599981322884
33.8,77.02199984565377
27.8,74.14799986585975
21.8,75.17999961003662
15.6,66.967999612391
8.6,67.53199991941452
8.2,67.92999995470046
2.2,67.39200002014637
1.2,69.50600001335144
9.4,56.14599982589483
3.8,53.08400005489588
112.6,149.58400195896627
109.8,144.17600151643157
106.8,148.19600129514933
104.0,140.07000092893838
101.2,129.53600050359964
98.2,125.31600057795644
94.8,113.15400014311075
93.4,108.35800004392863
89.8,106.03799990087748
87.0,102.10199991255999
84.6,104.48999985128641
81.8,100.99599991232157
80.0,99.38599991232157
77.2,97.830000089705
74.4,94.52600029855967
71.6,90.63000045016408
68.8,89.38600050926209
67.8,89.81800061225891
67.6,90.0420006275177
64.4,87.81000041007995
62.0,87.78000056266785
59.0,85.11000048518181
56.2,83.01800041392445
53.2,77.50200045540929
50.4,71.60600040286779
47.6,71.52200039237738
47.0,69.83800028949976
43.8,67.07800045400857
43.0,67.65400040060281
41.2,70.60600041106343
38.4,66.22200013294815
35.2,65.2999998779595
32.4,68.59000007703901
31.6,67.2880001296103
28.8,61.89999988809228
26.0,60.445999773293735
25.2,59.11399963691831
22.4,57.885999904423954
19.8,59.07999998405576
16.0,56.69000003218651
13.2,54.57000012159347
10.4,56.44000011444092
9.8,56.18200011253357
9.0,57.568000053167346
8.8,57.568000053167346
5.8,58.354000070393084
3.0,54.771999858915805
2.2,54.6799998524785
0.8,51.17399993211031
48.8,91.53399955570698
43.2,85.95199983790516
41.0,88.53599991992115
35.0,88.92600006535649
29.0,89.50399975538254
27.2,86.93799964666367
21.2,80.97799985408783
20.0,83.20199938774108
19.2,75.86199967384339
19.0,75.86199967384339
12.2,71.08599974632263
11.0,71.94599974632263
4.2,69.7780001115799
35.8,81.16400021195412
29.8,74.98000012397766
25.8,72.44399994850158
19.8,70.78200024873018
17.6,71.22000018388033
16.8,72.56400003224611
14.6,69.3440000513196
9.2,65.76600008100272
8.0,63.33200015544892
2.0,62.449999921023846
0.8,60.18399998947978
34.4,73.87399980068207
29.6,65.69800002336503
29.0,68.46199994325637
22.4,69.98800044536591
16.4,55.78400044679642
10.4,56.28600040435791
4.4,56.50600021123886
2.4,52.159999992847446
86.8,88.7379997575283
78.4,85.42799951940775
75.6,79.8679995122552
73.8,79.21199948459864
73.6,79.21199948459864
72.8,76.7619993892312
66.6,79.42599959999323
65.0,75.30399965628982
58.8,72.64199984416365
57.4,71.18999988138675
55.8,73.18400001108647
55.4,73.60400012552738
52.4,80.77200021088123
46.2,77.22600007161498
40.2,80.05599989637733
36.2,78.34999984562397
35.0,75.20799991428852
31.8,72.37199979364873
26.6,69.49200008094311
20.8,76.32600006565451
19.4,75.85200003609062
16.4,77.01399994835258
12.2,75.78800010859966
11.0,74.81800012290478
5.0,78.77400002554059
2.2,74.75799995183945
0.8,72.29199992895127
0.6,70.01999977320433
52.2,101.36399972155691
46.2,95.3239997588098
40.0,93.28400003626943
34.0,95.92400027945638
29.4,93.49600071147084
22.8,81.71800010994076
21.6,75.15600018754601
20.4,77.21600031033158
20.2,76.60200033321976
13.2,71.00400025144219
11.8,70.38200020566583
5.8,75.19000039890409
3.4,73.0640004132688
0.4,72.79800041422249
56.8,58.3519998472929
56.2,56.86600003659725
49.8,53.071999780684706
44.2,48.93799991086125
38.2,47.34200016856194
31.4,44.909999801516534
25.6,44.658000056743624
19.6,45.71599986314774
18.4,45.26999980926514
17.2,44.46199977874756
13.4,42.881999888420104
11.8,44.3299998909235
10.6,42.537999709248545
10.4,42.13799972116947
4.4,34.00799993276596
1.8,38.81999983072281
32.4,52.00999996304512
26.4,47.10999997377396
20.0,41.62399993896484
14.0,39.44999985158444
8.0,41.39799997985363
1.8,40.65599996581673
0.4,39.05799989119172
40.2,83.2919998255372
39.4,83.07399985224009
35.6,76.80199999645352
29.6,71.48800022676588
23.6,70.65800024032593
17.6,64.95599987030029
11.4,61.68600000500679
5.4,56.85000009730458
0.2,47.60799984171987
30.0,73.70200041890145
22.6,72.6820003350079
16.6,68.11200027897954
10.6,64.13199994117022
4.8,64.97399979770184
0.4,61.27799967437983
124.6,161.79799934387208
120.6,142.73199984550476
114.6,122.38999993324279
112.8,117.59999996185303
108.0,110.79800001055003
102.8,95.68400048077106
102.6,94.45000052273274
96.6,88.24600030377508
90.4,79.41600042581558
83.4,85.74400048017502
81.6,85.12400056838989
81.4,84.49200048446656
79.8,85.86800028324127
77.2,83.38799991369247
76.2,81.81200004339217
76.0,80.74400005102157
74.8,83.29200014352799
70.2,77.12999998867512
69.4,77.40999998867511
66.4,60.14999992147088
65.0,65.5620000191033
64.8,65.12000004962087
64.4,64.92600009158254
63.8,64.25000018313527
59.6,65.01200004532933
55.8,58.23599994331598
49.8,56.95400018334389
43.8,56.68400006175041
42.8,58.344000014066694
42.6,58.372000006437304
36.6,58.900000130981205
30.6,58.40600006461143
24.6,57.08400009021163
23.8,61.680000150054695
22.4,60.520000226348635
22.2,60.520000226348635
22.0,60.520000226348635
16.0,64.74800039604307
10.0,57.486000037044285
3.6,46.12399980917573
1.6,45.42999982312322
280.2,138.58000034093857
279.0,135.76600024938583
270.2,135.06400097846983
269.0,135.62200074195863
264.0,132.85400072097778
258.4,133.50600063323975
252.4,141.8180000475049
246.6,124.23000030145049
245.4,118.68999999627471
239.4,123.81399978265166
233.0,107.22600003913045
226.8,102.57600002244115
223.0,103.86199982002377
217.2,104.61599946573376
211.6,107.56599963903427
208.0,107.1999998088181
207.2,106.20199974015355
206.4,108.3299996753037
200.4,107.13399964049458
194.0,98.36399972066283
187.0,94.02400000482798
185.4,94.09600016504527
179.4,82.25200000196695
174.2,87.03399981021882
174.0,87.03399981021882
168.0,84.2759997355938
161.8,83.05999999582768
155.4,77.87400017082692
149.2,81.64199999779463
144.2,81.08199943780899
137.8,74.46599952429533
131.8,74.18400000691413
125.0,70.49600010603666
119.0,66.66400021642447
117.8,63.92000010401011
115.0,65.5900001040101
108.6,63.61800022035837
106.4,64.07400022417306
104.4,59.50200014263392
100.2,62.842000171989206
97.2,61.715999977439644
97.0,60.79999995455146
90.4,57.45800016313791
83.4,56.514000122845175
77.4,54.61999999552965
72.2,55.101999776661394
68.0,54.31599978476763
65.8,54.64199971228838
63.4,55.66599973231554
57.4,51.47599990606308
51.2,48.197999777197836
45.2,47.557999805808066
37.0,43.689999756217006
31.0,39.31199978843331
25.2,40.71799992576241
24.2,39.993999920040366
23.8,39.993999920040366
20.0,39.873999977856876
10.0,38.27000005125999
7.4,37.808000010997056
1.4,34.657999972850085
0.6,34.515999946147204
196.4,216.2020001602173
194.8,217.1340005493164
193.6,208.26600074768066
189.4,207.6040001678467
188.0,200.74200012207032
186.6,199.4539998626709
185.2,198.38000011444092
183.8,197.01800003051758
181.0,191.71199962615967
179.4,185.11600009918212
178.2,188.47000019073485
176.8,192.3600001144409
175.4,188.3440001296997
174.0,187.71800022125245
172.6,186.5900005570054
170.8,183.73600046545266
168.6,184.5620005646348
168.4,183.6020005646348
167.0,182.20400030523538
165.6,180.9820001220703
165.0,176.79200044631958
164.2,179.4700004005432
164.0,178.2880004310608
163.8,176.61200050354003
162.8,174.33400047302246
161.4,171.54000015258788
160.0,164.03399990081786
158.6,162.38799976348878
157.2,158.23999994665385
155.8,157.3479999771714
154.4,157.31800009161233
153.8,157.87800047308207
153.0,158.94600031286478
152.8,158.49200052648783
150.0,154.39000036627056
148.8,152.54400034338235
147.4,154.64200060278176
146.0,154.378000587523
144.6,157.7120004120469
143.2,159.23800075918436
141.8,157.50400120168925
140.6,154.4400008431077
139.0,156.82000089645385
137.6,154.72600072860718
136.4,155.25200087547302
134.8,152.94000111579896
133.4,144.98600087165832
132.0,144.7760008716583
130.6,141.1080007648468
129.4,134.50400036811828
127.8,134.09400012016297
126.6,134.85000031471253
123.8,135.98399998664857
119.0,140.69200004771352
118.8,140.21000000193715
115.2,142.72199985697864
114.0,141.72399990275503
112.6,134.68199979022145
111.2,136.8099997444451
109.8,138.13599988177418
108.4,135.7399997062981
107.0,133.86599971011282
105.6,133.51599961474537
102.8,135.9879995842278
101.2,135.8799998398125
97.2,132.26200014308094
95.6,135.08599996760486
89.6,131.88200066044928
85.6,132.8140001320839
78.8,119.1999999678135
72.8,114.66599982857704
69.2,114.60799977183342
64.4,106.65999964118004
63.2,104.46799967169761
60.0,101.34999994277955
59.8,101.34999994277955
54.8,109.01400019839406
48.8,110.53799993827938
42.6,117.27999973252416
36.6,116.89200035840273
29.8,119.46800008565188
28.0,121.02800010591746
27.8,119.98200005918741
25.8,116.01599969774485
19.8,104.09799961000681
13.8,105.55399972870946
7.6,99.70999975204468
1.6,92.48000008821488
145.6,156.51199954986572
139.2,146.28399968624115
134.0,141.05199983119965
128.2,138.29399989128112
121.4,143.17200026512145
119.8,138.8600002193451
114.2,132.3019997215271
108.6,121.57400007247925
102.6,111.22400035858155
96.6,105.38200049877167
90.6,105.73400020122529
90.0,100.70400022983551
83.6,100.91400028705597
77.8,105.18400015473365
73.6,106.27599991083144
72.4,107.12399983882904
69.2,103.99200013518333
65.2,96.45400023460388
59.0,95.75400013923645
52.8,92.92600012779236
46.8,88.1740004312992
44.4,89.36800033688546
40.2,83.30000011563301
34.2,80.18000006228685
28.2,85.90800011098385
22.0,71.14200020104647
16.0,71.99000037297607
15.4,72.23000044927001
14.4,70.58800051793456
13.2,66.614000531286
7.8,57.984000536501405
5.0,59.710000545084476
2.4,60.876000463068486
1.6,58.920000413954256
118.2,113.40199997738004
107.0,100.26800026252866
106.6,101.15600020244717
105.6,99.74000038579106
91.4,97.8480000782013
85.6,97.5800002604723
83.2,99.72399998486043
73.2,78.50199977755547
73.0,78.8599997317791
62.6,75.28199994713069
42.4,68.84200034737587
38.2,65.95800010204316
27.2,58.03599992021918
24.4,57.505999802201984
22.8,56.64399974688887
18.6,53.91199969395995
17.0,52.37199982389808
16.0,51.775999801009895
15.2,52.5059998242557
13.6,53.681999847143885
12.8,53.555999905318025
11.0,53.45999996632337
7.4,50.34799993544817
36.6,128.12800001382828
35.6,119.70799967050553
34.4,117.71799976587296
34.0,119.88999980568886
33.0,119.5039998781681
32.0,110.83000021576882
31.0,114.64800035119056
30.0,119.80400040268898
26.8,121.1620003759861
25.2,120.70400043725968
16.8,120.77600055932999
16.2,120.69600063562393
15.2,119.42800063371658
12.0,127.02200037002564
9.0,123.69800011873245
3.0,129.45399943590164
102.2,97.21999988555908
96.2,92.20399992227554
81.6,72.72399995684624
75.0,74.30799945190549
71.4,71.80199982509016
71.2,71.70399982511998
64.8,67.33600028723478
58.8,68.0060000398755
52.8,62.38000005736947
49.0,60.80000031605363
43.0,61.26400042489171
38.6,57.27000039070845
38.4,57.27000039070845
37.8,58.73200030773878
31.8,57.50800003170967
28.8,57.264000124186275
22.8,53.29399999141693
20.2,48.58400001481176
18.0,48.0940001244843
16.4,45.14799998894334
13.0,45.4079999896884
7.0,44.59999991118908
1.0,44.90800003126264
139.4,138.02400008752943
126.8,123.20800019919872
118.8,106.48799994081259
101.4,84.87600001364946
93.6,79.73600025355816
88.0,81.26200026750564
72.0,78.39400029793381
71.4,78.08000024840236
71.2,79.82800030753016
59.2,80.8480003003776
58.2,80.8480003003776
54.8,81.74200012639164
48.2,81.41800019904971
47.8,81.41800019904971
46.6,113.95199961662293
34.4,76.96599997803568
32.8,77.90599999323487
23.0,79.82000010028482
22.8,79.82000010028482
22.4,79.51600001826883
16.0,79.39599992528558
13.2,80.21399993911386
6.8,79.28599965885282
0.2,74.12999958112836
